ISO-10303-21;
HEADER;
/* Generated by software containing ST-Developer
 * from STEP Tools, Inc. (www.steptools.com) 
 */

FILE_DESCRIPTION(
/* description */ (''),
/* implementation_level */ '2;1');

FILE_NAME(
/* name */ 'Configuration 1.step',
/* time_stamp */ '2026-09-17T20:23:59-04:00',
/* author */ (''),
/* organization */ (''),
/* preprocessor_version */ 'ST-DEVELOPER v20.1',
/* originating_system */ 'Autodesk Translation Framework v15.8.0.0',
/* authorisation */ '');

FILE_SCHEMA (('AUTOMOTIVE_DESIGN { 1 0 10303 214 3 1 1 }'));
ENDSEC;

DATA;
#10=MECHANICAL_DESIGN_GEOMETRIC_PRESENTATION_REPRESENTATION('',(#62,#63,
#64,#65,#66,#67,#68,#69),#6151);
#11=(
BOUNDED_CURVE()
B_SPLINE_CURVE(2,(#5700,#5701,#5702),.UNSPECIFIED.,.F.,.F.)
B_SPLINE_CURVE_WITH_KNOTS((3,3),(0.715815275792155,0.716849061750052),
 .UNSPECIFIED.)
CURVE()
GEOMETRIC_REPRESENTATION_ITEM()
RATIONAL_B_SPLINE_CURVE((1.00000572214839,1.00000286520618,1.))
REPRESENTATION_ITEM('')
);
#12=(
BOUNDED_CURVE()
B_SPLINE_CURVE(2,(#5706,#5707,#5708),.UNSPECIFIED.,.F.,.F.)
B_SPLINE_CURVE_WITH_KNOTS((3,3),(0.105652701379273,0.106252843665957),
 .UNSPECIFIED.)
CURVE()
GEOMETRIC_REPRESENTATION_ITEM()
RATIONAL_B_SPLINE_CURVE((1.00006625850983,1.00006617298174,1.00006608434408))
REPRESENTATION_ITEM('')
);
#13=(
BOUNDED_CURVE()
B_SPLINE_CURVE(2,(#5710,#5711,#5712),.UNSPECIFIED.,.F.,.F.)
B_SPLINE_CURVE_WITH_KNOTS((3,3),(0.0806104079282022,0.120887020438886),
 .UNSPECIFIED.)
CURVE()
GEOMETRIC_REPRESENTATION_ITEM()
RATIONAL_B_SPLINE_CURVE((1.00010680617236,1.00011618189978,1.00010826302994))
REPRESENTATION_ITEM('')
);
#14=(
BOUNDED_CURVE()
B_SPLINE_CURVE(2,(#5715,#5716,#5717),.UNSPECIFIED.,.F.,.F.)
B_SPLINE_CURVE_WITH_KNOTS((3,3),(0.888587187605794,0.93866989433473),
 .UNSPECIFIED.)
CURVE()
GEOMETRIC_REPRESENTATION_ITEM()
RATIONAL_B_SPLINE_CURVE((1.00047409160879,1.00025687583428,1.00001366850837))
REPRESENTATION_ITEM('')
);
#15=(
BOUNDED_CURVE()
B_SPLINE_CURVE(2,(#5771,#5772,#5773),.UNSPECIFIED.,.F.,.F.)
B_SPLINE_CURVE_WITH_KNOTS((3,3),(0.100414948907691,0.146796762762384),
 .UNSPECIFIED.)
CURVE()
GEOMETRIC_REPRESENTATION_ITEM()
RATIONAL_B_SPLINE_CURVE((1.00017430610641,1.00018569813685,1.0001704254315))
REPRESENTATION_ITEM('')
);
#16=(
BOUNDED_CURVE()
B_SPLINE_CURVE(2,(#5775,#5776,#5777),.UNSPECIFIED.,.F.,.F.)
B_SPLINE_CURVE_WITH_KNOTS((3,3),(0.072743592667898,0.0739909885864132),
 .UNSPECIFIED.)
CURVE()
GEOMETRIC_REPRESENTATION_ITEM()
RATIONAL_B_SPLINE_CURVE((1.00006854918942,1.00006873819307,1.00006891352193))
REPRESENTATION_ITEM('')
);
#17=(
BOUNDED_CURVE()
B_SPLINE_CURVE(2,(#5805,#5806,#5807),.UNSPECIFIED.,.F.,.F.)
B_SPLINE_CURVE_WITH_KNOTS((3,3),(0.0947991131679456,0.141388293671799),
 .UNSPECIFIED.)
CURVE()
GEOMETRIC_REPRESENTATION_ITEM()
RATIONAL_B_SPLINE_CURVE((1.00037548597397,1.00040836669775,1.00038287684736))
REPRESENTATION_ITEM('')
);
#18=(
BOUNDED_CURVE()
B_SPLINE_CURVE(2,(#5808,#5809,#5810),.UNSPECIFIED.,.F.,.F.)
B_SPLINE_CURVE_WITH_KNOTS((3,3),(0.0709543174739272,0.0722656133005349),
 .UNSPECIFIED.)
CURVE()
GEOMETRIC_REPRESENTATION_ITEM()
RATIONAL_B_SPLINE_CURVE((1.0001472745205,1.00014775123279,1.00014819526479))
REPRESENTATION_ITEM('')
);
#19=(
BOUNDED_CURVE()
B_SPLINE_CURVE(2,(#5838,#5839,#5840),.UNSPECIFIED.,.F.,.F.)
B_SPLINE_CURVE_WITH_KNOTS((3,3),(0.,0.0802538582807016),.UNSPECIFIED.)
CURVE()
GEOMETRIC_REPRESENTATION_ITEM()
RATIONAL_B_SPLINE_CURVE((1.,1.00010652481781,1.))
REPRESENTATION_ITEM('')
);
#20=(
BOUNDED_CURVE()
B_SPLINE_CURVE(2,(#5890,#5891,#5892),.UNSPECIFIED.,.F.,.F.)
B_SPLINE_CURVE_WITH_KNOTS((3,3),(-0.0909422836141875,-0.0907221134810826),
 .UNSPECIFIED.)
CURVE()
GEOMETRIC_REPRESENTATION_ITEM()
RATIONAL_B_SPLINE_CURVE((1.06366723259765,1.06359084785826,1.06351445980674))
REPRESENTATION_ITEM('')
);
#21=(
BOUNDED_CURVE()
B_SPLINE_CURVE(2,(#5926,#5927,#5928),.UNSPECIFIED.,.F.,.F.)
B_SPLINE_CURVE_WITH_KNOTS((3,3),(1.53718059792779,1.54549760108629),
 .UNSPECIFIED.)
CURVE()
GEOMETRIC_REPRESENTATION_ITEM()
RATIONAL_B_SPLINE_CURVE((1.01432174783843,1.0141100695457,1.01389568140139))
REPRESENTATION_ITEM('')
);
#22=(
BOUNDED_CURVE()
B_SPLINE_CURVE(2,(#6007,#6008,#6009),.UNSPECIFIED.,.F.,.F.)
B_SPLINE_CURVE_WITH_KNOTS((3,3),(0.429399466056356,0.44856743946801),
 .UNSPECIFIED.)
CURVE()
GEOMETRIC_REPRESENTATION_ITEM()
RATIONAL_B_SPLINE_CURVE((1.03023412923261,1.03076005031948,1.03127267880332))
REPRESENTATION_ITEM('')
);
#23=(
BOUNDED_CURVE()
B_SPLINE_CURVE(2,(#6031,#6032,#6033),.UNSPECIFIED.,.F.,.F.)
B_SPLINE_CURVE_WITH_KNOTS((3,3),(11.6254141946443,11.6939178049759),
 .UNSPECIFIED.)
CURVE()
GEOMETRIC_REPRESENTATION_ITEM()
RATIONAL_B_SPLINE_CURVE((1.00250693195209,1.00126085211673,1.))
REPRESENTATION_ITEM('')
);
#24=ITEM_DEFINED_TRANSFORMATION($,$,#3587,#3726);
#25=ITEM_DEFINED_TRANSFORMATION($,$,#3527,#3837);
#26=ITEM_DEFINED_TRANSFORMATION($,$,#3586,#3838);
#27=ITEM_DEFINED_TRANSFORMATION($,$,#3727,#3839);
#28=(
REPRESENTATION_RELATIONSHIP($,$,#6173,#6172)
REPRESENTATION_RELATIONSHIP_WITH_TRANSFORMATION(#24)
SHAPE_REPRESENTATION_RELATIONSHIP()
);
#29=(
REPRESENTATION_RELATIONSHIP($,$,#6171,#6170)
REPRESENTATION_RELATIONSHIP_WITH_TRANSFORMATION(#25)
SHAPE_REPRESENTATION_RELATIONSHIP()
);
#30=(
REPRESENTATION_RELATIONSHIP($,$,#6172,#6170)
REPRESENTATION_RELATIONSHIP_WITH_TRANSFORMATION(#26)
SHAPE_REPRESENTATION_RELATIONSHIP()
);
#31=(
REPRESENTATION_RELATIONSHIP($,$,#6174,#6170)
REPRESENTATION_RELATIONSHIP_WITH_TRANSFORMATION(#27)
SHAPE_REPRESENTATION_RELATIONSHIP()
);
#32=CONTEXT_DEPENDENT_SHAPE_REPRESENTATION(#28,#6165);
#33=CONTEXT_DEPENDENT_SHAPE_REPRESENTATION(#29,#6167);
#34=CONTEXT_DEPENDENT_SHAPE_REPRESENTATION(#30,#6168);
#35=CONTEXT_DEPENDENT_SHAPE_REPRESENTATION(#31,#6169);
#36=NEXT_ASSEMBLY_USAGE_OCCURRENCE('Component7:1','Component7:1',
'Component7:1',#6178,#6179,'Component7:1');
#37=NEXT_ASSEMBLY_USAGE_OCCURRENCE('enginecasing:1','enginecasing:1',
'enginecasing:1',#6176,#6177,'enginecasing:1');
#38=NEXT_ASSEMBLY_USAGE_OCCURRENCE('xGimble:1','xGimble:1','xGimble:1',
#6176,#6178,'xGimble:1');
#39=NEXT_ASSEMBLY_USAGE_OCCURRENCE('yGimble:1','yGimble:1','yGimble:1',
#6176,#6180,'yGimble:1');
#40=CONICAL_SURFACE('',#3653,0.500000000041101,0.785398163438552);
#41=CONICAL_SURFACE('',#3728,38.375,0.785398163397446);
#42=CONICAL_SURFACE('',#3738,38.375,0.785398163397433);
#43=CONICAL_SURFACE('',#3742,38.375,0.785398163397452);
#44=CONICAL_SURFACE('',#3748,26.125,0.78539816339744);
#45=CONICAL_SURFACE('',#3751,26.125,0.785398163397442);
#46=CONICAL_SURFACE('',#3754,26.125,0.78539816339744);
#47=CONICAL_SURFACE('',#3777,26.125,0.785398163397452);
#48=CONICAL_SURFACE('',#3780,26.125,0.78539816339744);
#49=CONICAL_SURFACE('',#3786,38.375,0.78539816339742);
#50=CONICAL_SURFACE('',#3789,38.375,0.785398163397433);
#51=CONICAL_SURFACE('',#3793,38.375,0.785398163397446);
#52=CONICAL_SURFACE('',#3796,26.125,0.785398163397442);
#53=CONICAL_SURFACE('',#3815,38.375,0.78539816339742);
#54=SHAPE_REPRESENTATION_RELATIONSHIP('SRR','None',#6171,#58);
#55=SHAPE_REPRESENTATION_RELATIONSHIP('SRR','None',#6173,#59);
#56=SHAPE_REPRESENTATION_RELATIONSHIP('SRR','None',#6172,#60);
#57=SHAPE_REPRESENTATION_RELATIONSHIP('SRR','None',#6174,#61);
#58=ADVANCED_BREP_SHAPE_REPRESENTATION('',(#70,#71,#72,#73),#6147);
#59=ADVANCED_BREP_SHAPE_REPRESENTATION('',(#74),#6149);
#60=ADVANCED_BREP_SHAPE_REPRESENTATION('',(#75,#76),#6148);
#61=ADVANCED_BREP_SHAPE_REPRESENTATION('',(#77),#6150);
#62=STYLED_ITEM('',(#6199),#70);
#63=STYLED_ITEM('',(#6199),#71);
#64=STYLED_ITEM('',(#6199),#72);
#65=STYLED_ITEM('',(#6199),#73);
#66=STYLED_ITEM('',(#6199),#74);
#67=STYLED_ITEM('',(#6199),#75);
#68=STYLED_ITEM('',(#6199),#76);
#69=STYLED_ITEM('',(#6199),#77);
#70=MANIFOLD_SOLID_BREP('Body1',#3484);
#71=MANIFOLD_SOLID_BREP('Body3',#3485);
#72=MANIFOLD_SOLID_BREP('Body4',#3486);
#73=MANIFOLD_SOLID_BREP('Body5',#3487);
#74=MANIFOLD_SOLID_BREP('Body1',#3488);
#75=MANIFOLD_SOLID_BREP('Body2',#3489);
#76=MANIFOLD_SOLID_BREP('Body3',#3490);
#77=MANIFOLD_SOLID_BREP('Body6',#3491);
#78=TOROIDAL_SURFACE('',#3553,14.75,1.5);
#79=FACE_BOUND('',#503,.T.);
#80=FACE_BOUND('',#505,.T.);
#81=FACE_BOUND('',#506,.T.);
#82=FACE_BOUND('',#514,.T.);
#83=FACE_BOUND('',#517,.T.);
#84=FACE_BOUND('',#520,.T.);
#85=FACE_BOUND('',#524,.T.);
#86=FACE_BOUND('',#526,.T.);
#87=FACE_BOUND('',#529,.T.);
#88=FACE_BOUND('',#532,.T.);
#89=FACE_BOUND('',#549,.T.);
#90=FACE_BOUND('',#594,.T.);
#91=FACE_BOUND('',#598,.T.);
#92=FACE_BOUND('',#600,.T.);
#93=FACE_BOUND('',#612,.T.);
#94=FACE_BOUND('',#622,.T.);
#95=FACE_BOUND('',#628,.T.);
#96=FACE_BOUND('',#629,.T.);
#97=FACE_BOUND('',#631,.T.);
#98=FACE_BOUND('',#638,.T.);
#99=FACE_BOUND('',#639,.T.);
#100=FACE_BOUND('',#640,.T.);
#101=FACE_BOUND('',#642,.T.);
#102=FACE_BOUND('',#645,.T.);
#103=FACE_BOUND('',#648,.T.);
#104=FACE_BOUND('',#651,.T.);
#105=FACE_BOUND('',#654,.T.);
#106=FACE_BOUND('',#668,.T.);
#107=FACE_BOUND('',#671,.T.);
#108=FACE_BOUND('',#674,.T.);
#109=FACE_BOUND('',#677,.T.);
#110=FACE_BOUND('',#679,.T.);
#111=FACE_BOUND('',#690,.T.);
#112=FACE_BOUND('',#721,.T.);
#113=FACE_BOUND('',#723,.T.);
#114=ELLIPSE('',#3535,18.7638837486484,16.25);
#115=ELLIPSE('',#3537,18.7638837486856,16.25);
#116=ELLIPSE('',#3541,18.7638837486773,16.25);
#117=ELLIPSE('',#3543,18.7638837486647,16.25);
#118=ELLIPSE('',#3591,3.47956946567007,1.25);
#119=ELLIPSE('',#3592,1.86423096896375,1.25);
#120=ELLIPSE('',#3598,8.47821030642672,5.995);
#121=ELLIPSE('',#3603,8.47821030642672,5.995);
#122=ELLIPSE('',#3732,54.4472221513642,38.5);
#123=PLANE('',#3530);
#124=PLANE('',#3531);
#125=PLANE('',#3533);
#126=PLANE('',#3534);
#127=PLANE('',#3536);
#128=PLANE('',#3540);
#129=PLANE('',#3542);
#130=PLANE('',#3544);
#131=PLANE('',#3545);
#132=PLANE('',#3552);
#133=PLANE('',#3556);
#134=PLANE('',#3557);
#135=PLANE('',#3561);
#136=PLANE('',#3565);
#137=PLANE('',#3569);
#138=PLANE('',#3576);
#139=PLANE('',#3577);
#140=PLANE('',#3581);
#141=PLANE('',#3585);
#142=PLANE('',#3593);
#143=PLANE('',#3595);
#144=PLANE('',#3596);
#145=PLANE('',#3597);
#146=PLANE('',#3599);
#147=PLANE('',#3600);
#148=PLANE('',#3601);
#149=PLANE('',#3602);
#150=PLANE('',#3604);
#151=PLANE('',#3605);
#152=PLANE('',#3606);
#153=PLANE('',#3607);
#154=PLANE('',#3608);
#155=PLANE('',#3609);
#156=PLANE('',#3612);
#157=PLANE('',#3614);
#158=PLANE('',#3615);
#159=PLANE('',#3616);
#160=PLANE('',#3617);
#161=PLANE('',#3618);
#162=PLANE('',#3619);
#163=PLANE('',#3620);
#164=PLANE('',#3621);
#165=PLANE('',#3622);
#166=PLANE('',#3623);
#167=PLANE('',#3624);
#168=PLANE('',#3625);
#169=PLANE('',#3626);
#170=PLANE('',#3627);
#171=PLANE('',#3628);
#172=PLANE('',#3629);
#173=PLANE('',#3630);
#174=PLANE('',#3631);
#175=PLANE('',#3632);
#176=PLANE('',#3633);
#177=PLANE('',#3634);
#178=PLANE('',#3635);
#179=PLANE('',#3636);
#180=PLANE('',#3637);
#181=PLANE('',#3638);
#182=PLANE('',#3639);
#183=PLANE('',#3640);
#184=PLANE('',#3641);
#185=PLANE('',#3642);
#186=PLANE('',#3643);
#187=PLANE('',#3644);
#188=PLANE('',#3645);
#189=PLANE('',#3646);
#190=PLANE('',#3647);
#191=PLANE('',#3648);
#192=PLANE('',#3649);
#193=PLANE('',#3650);
#194=PLANE('',#3651);
#195=PLANE('',#3652);
#196=PLANE('',#3655);
#197=PLANE('',#3656);
#198=PLANE('',#3657);
#199=PLANE('',#3658);
#200=PLANE('',#3660);
#201=PLANE('',#3661);
#202=PLANE('',#3662);
#203=PLANE('',#3663);
#204=PLANE('',#3665);
#205=PLANE('',#3668);
#206=PLANE('',#3671);
#207=PLANE('',#3672);
#208=PLANE('',#3673);
#209=PLANE('',#3674);
#210=PLANE('',#3675);
#211=PLANE('',#3678);
#212=PLANE('',#3679);
#213=PLANE('',#3683);
#214=PLANE('',#3684);
#215=PLANE('',#3686);
#216=PLANE('',#3687);
#217=PLANE('',#3688);
#218=PLANE('',#3689);
#219=PLANE('',#3690);
#220=PLANE('',#3691);
#221=PLANE('',#3694);
#222=PLANE('',#3700);
#223=PLANE('',#3704);
#224=PLANE('',#3709);
#225=PLANE('',#3713);
#226=PLANE('',#3717);
#227=PLANE('',#3721);
#228=PLANE('',#3725);
#229=PLANE('',#3737);
#230=PLANE('',#3741);
#231=PLANE('',#3744);
#232=PLANE('',#3750);
#233=PLANE('',#3753);
#234=PLANE('',#3756);
#235=PLANE('',#3760);
#236=PLANE('',#3765);
#237=PLANE('',#3767);
#238=PLANE('',#3768);
#239=PLANE('',#3770);
#240=PLANE('',#3772);
#241=PLANE('',#3773);
#242=PLANE('',#3774);
#243=PLANE('',#3775);
#244=PLANE('',#3776);
#245=PLANE('',#3779);
#246=PLANE('',#3782);
#247=PLANE('',#3783);
#248=PLANE('',#3788);
#249=PLANE('',#3790);
#250=PLANE('',#3792);
#251=PLANE('',#3795);
#252=PLANE('',#3798);
#253=PLANE('',#3799);
#254=PLANE('',#3800);
#255=PLANE('',#3801);
#256=PLANE('',#3802);
#257=PLANE('',#3803);
#258=PLANE('',#3804);
#259=PLANE('',#3805);
#260=PLANE('',#3806);
#261=PLANE('',#3807);
#262=PLANE('',#3808);
#263=PLANE('',#3809);
#264=PLANE('',#3810);
#265=PLANE('',#3811);
#266=PLANE('',#3812);
#267=PLANE('',#3813);
#268=PLANE('',#3814);
#269=PLANE('',#3817);
#270=PLANE('',#3818);
#271=PLANE('',#3819);
#272=PLANE('',#3820);
#273=PLANE('',#3822);
#274=PLANE('',#3823);
#275=PLANE('',#3824);
#276=PLANE('',#3825);
#277=PLANE('',#3828);
#278=PLANE('',#3829);
#279=PLANE('',#3832);
#280=PLANE('',#3833);
#281=PLANE('',#3834);
#282=FACE_OUTER_BOUND('',#492,.T.);
#283=FACE_OUTER_BOUND('',#493,.T.);
#284=FACE_OUTER_BOUND('',#494,.T.);
#285=FACE_OUTER_BOUND('',#495,.T.);
#286=FACE_OUTER_BOUND('',#496,.T.);
#287=FACE_OUTER_BOUND('',#497,.T.);
#288=FACE_OUTER_BOUND('',#498,.T.);
#289=FACE_OUTER_BOUND('',#499,.T.);
#290=FACE_OUTER_BOUND('',#500,.T.);
#291=FACE_OUTER_BOUND('',#501,.T.);
#292=FACE_OUTER_BOUND('',#502,.T.);
#293=FACE_OUTER_BOUND('',#504,.T.);
#294=FACE_OUTER_BOUND('',#507,.T.);
#295=FACE_OUTER_BOUND('',#508,.T.);
#296=FACE_OUTER_BOUND('',#509,.T.);
#297=FACE_OUTER_BOUND('',#510,.T.);
#298=FACE_OUTER_BOUND('',#511,.T.);
#299=FACE_OUTER_BOUND('',#512,.T.);
#300=FACE_OUTER_BOUND('',#513,.T.);
#301=FACE_OUTER_BOUND('',#515,.T.);
#302=FACE_OUTER_BOUND('',#516,.T.);
#303=FACE_OUTER_BOUND('',#518,.T.);
#304=FACE_OUTER_BOUND('',#519,.T.);
#305=FACE_OUTER_BOUND('',#521,.T.);
#306=FACE_OUTER_BOUND('',#522,.T.);
#307=FACE_OUTER_BOUND('',#523,.T.);
#308=FACE_OUTER_BOUND('',#525,.T.);
#309=FACE_OUTER_BOUND('',#527,.T.);
#310=FACE_OUTER_BOUND('',#528,.T.);
#311=FACE_OUTER_BOUND('',#530,.T.);
#312=FACE_OUTER_BOUND('',#531,.T.);
#313=FACE_OUTER_BOUND('',#533,.T.);
#314=FACE_OUTER_BOUND('',#534,.T.);
#315=FACE_OUTER_BOUND('',#535,.T.);
#316=FACE_OUTER_BOUND('',#536,.T.);
#317=FACE_OUTER_BOUND('',#537,.T.);
#318=FACE_OUTER_BOUND('',#538,.T.);
#319=FACE_OUTER_BOUND('',#539,.T.);
#320=FACE_OUTER_BOUND('',#540,.T.);
#321=FACE_OUTER_BOUND('',#541,.T.);
#322=FACE_OUTER_BOUND('',#542,.T.);
#323=FACE_OUTER_BOUND('',#543,.T.);
#324=FACE_OUTER_BOUND('',#544,.T.);
#325=FACE_OUTER_BOUND('',#545,.T.);
#326=FACE_OUTER_BOUND('',#546,.T.);
#327=FACE_OUTER_BOUND('',#547,.T.);
#328=FACE_OUTER_BOUND('',#548,.T.);
#329=FACE_OUTER_BOUND('',#550,.T.);
#330=FACE_OUTER_BOUND('',#551,.T.);
#331=FACE_OUTER_BOUND('',#552,.T.);
#332=FACE_OUTER_BOUND('',#553,.T.);
#333=FACE_OUTER_BOUND('',#554,.T.);
#334=FACE_OUTER_BOUND('',#555,.T.);
#335=FACE_OUTER_BOUND('',#556,.T.);
#336=FACE_OUTER_BOUND('',#557,.T.);
#337=FACE_OUTER_BOUND('',#558,.T.);
#338=FACE_OUTER_BOUND('',#559,.T.);
#339=FACE_OUTER_BOUND('',#560,.T.);
#340=FACE_OUTER_BOUND('',#561,.T.);
#341=FACE_OUTER_BOUND('',#562,.T.);
#342=FACE_OUTER_BOUND('',#563,.T.);
#343=FACE_OUTER_BOUND('',#564,.T.);
#344=FACE_OUTER_BOUND('',#565,.T.);
#345=FACE_OUTER_BOUND('',#566,.T.);
#346=FACE_OUTER_BOUND('',#567,.T.);
#347=FACE_OUTER_BOUND('',#568,.T.);
#348=FACE_OUTER_BOUND('',#569,.T.);
#349=FACE_OUTER_BOUND('',#570,.T.);
#350=FACE_OUTER_BOUND('',#571,.T.);
#351=FACE_OUTER_BOUND('',#572,.T.);
#352=FACE_OUTER_BOUND('',#573,.T.);
#353=FACE_OUTER_BOUND('',#574,.T.);
#354=FACE_OUTER_BOUND('',#575,.T.);
#355=FACE_OUTER_BOUND('',#576,.T.);
#356=FACE_OUTER_BOUND('',#577,.T.);
#357=FACE_OUTER_BOUND('',#578,.T.);
#358=FACE_OUTER_BOUND('',#579,.T.);
#359=FACE_OUTER_BOUND('',#580,.T.);
#360=FACE_OUTER_BOUND('',#581,.T.);
#361=FACE_OUTER_BOUND('',#582,.T.);
#362=FACE_OUTER_BOUND('',#583,.T.);
#363=FACE_OUTER_BOUND('',#584,.T.);
#364=FACE_OUTER_BOUND('',#585,.T.);
#365=FACE_OUTER_BOUND('',#586,.T.);
#366=FACE_OUTER_BOUND('',#587,.T.);
#367=FACE_OUTER_BOUND('',#588,.T.);
#368=FACE_OUTER_BOUND('',#589,.T.);
#369=FACE_OUTER_BOUND('',#590,.T.);
#370=FACE_OUTER_BOUND('',#591,.T.);
#371=FACE_OUTER_BOUND('',#592,.T.);
#372=FACE_OUTER_BOUND('',#593,.T.);
#373=FACE_OUTER_BOUND('',#595,.T.);
#374=FACE_OUTER_BOUND('',#596,.T.);
#375=FACE_OUTER_BOUND('',#597,.T.);
#376=FACE_OUTER_BOUND('',#599,.T.);
#377=FACE_OUTER_BOUND('',#601,.T.);
#378=FACE_OUTER_BOUND('',#602,.T.);
#379=FACE_OUTER_BOUND('',#603,.T.);
#380=FACE_OUTER_BOUND('',#604,.T.);
#381=FACE_OUTER_BOUND('',#605,.T.);
#382=FACE_OUTER_BOUND('',#606,.T.);
#383=FACE_OUTER_BOUND('',#607,.T.);
#384=FACE_OUTER_BOUND('',#608,.T.);
#385=FACE_OUTER_BOUND('',#609,.T.);
#386=FACE_OUTER_BOUND('',#610,.T.);
#387=FACE_OUTER_BOUND('',#611,.T.);
#388=FACE_OUTER_BOUND('',#613,.T.);
#389=FACE_OUTER_BOUND('',#614,.T.);
#390=FACE_OUTER_BOUND('',#615,.T.);
#391=FACE_OUTER_BOUND('',#616,.T.);
#392=FACE_OUTER_BOUND('',#617,.T.);
#393=FACE_OUTER_BOUND('',#618,.T.);
#394=FACE_OUTER_BOUND('',#619,.T.);
#395=FACE_OUTER_BOUND('',#620,.T.);
#396=FACE_OUTER_BOUND('',#621,.T.);
#397=FACE_OUTER_BOUND('',#623,.T.);
#398=FACE_OUTER_BOUND('',#624,.T.);
#399=FACE_OUTER_BOUND('',#625,.T.);
#400=FACE_OUTER_BOUND('',#626,.T.);
#401=FACE_OUTER_BOUND('',#627,.T.);
#402=FACE_OUTER_BOUND('',#630,.T.);
#403=FACE_OUTER_BOUND('',#632,.T.);
#404=FACE_OUTER_BOUND('',#633,.T.);
#405=FACE_OUTER_BOUND('',#634,.T.);
#406=FACE_OUTER_BOUND('',#635,.T.);
#407=FACE_OUTER_BOUND('',#636,.T.);
#408=FACE_OUTER_BOUND('',#637,.T.);
#409=FACE_OUTER_BOUND('',#641,.T.);
#410=FACE_OUTER_BOUND('',#643,.T.);
#411=FACE_OUTER_BOUND('',#644,.T.);
#412=FACE_OUTER_BOUND('',#646,.T.);
#413=FACE_OUTER_BOUND('',#647,.T.);
#414=FACE_OUTER_BOUND('',#649,.T.);
#415=FACE_OUTER_BOUND('',#650,.T.);
#416=FACE_OUTER_BOUND('',#652,.T.);
#417=FACE_OUTER_BOUND('',#653,.T.);
#418=FACE_OUTER_BOUND('',#655,.T.);
#419=FACE_OUTER_BOUND('',#656,.T.);
#420=FACE_OUTER_BOUND('',#657,.T.);
#421=FACE_OUTER_BOUND('',#658,.T.);
#422=FACE_OUTER_BOUND('',#659,.T.);
#423=FACE_OUTER_BOUND('',#660,.T.);
#424=FACE_OUTER_BOUND('',#661,.T.);
#425=FACE_OUTER_BOUND('',#662,.T.);
#426=FACE_OUTER_BOUND('',#663,.T.);
#427=FACE_OUTER_BOUND('',#664,.T.);
#428=FACE_OUTER_BOUND('',#665,.T.);
#429=FACE_OUTER_BOUND('',#666,.T.);
#430=FACE_OUTER_BOUND('',#667,.T.);
#431=FACE_OUTER_BOUND('',#669,.T.);
#432=FACE_OUTER_BOUND('',#670,.T.);
#433=FACE_OUTER_BOUND('',#672,.T.);
#434=FACE_OUTER_BOUND('',#673,.T.);
#435=FACE_OUTER_BOUND('',#675,.T.);
#436=FACE_OUTER_BOUND('',#676,.T.);
#437=FACE_OUTER_BOUND('',#678,.T.);
#438=FACE_OUTER_BOUND('',#680,.T.);
#439=FACE_OUTER_BOUND('',#681,.T.);
#440=FACE_OUTER_BOUND('',#682,.T.);
#441=FACE_OUTER_BOUND('',#683,.T.);
#442=FACE_OUTER_BOUND('',#684,.T.);
#443=FACE_OUTER_BOUND('',#685,.T.);
#444=FACE_OUTER_BOUND('',#686,.T.);
#445=FACE_OUTER_BOUND('',#687,.T.);
#446=FACE_OUTER_BOUND('',#688,.T.);
#447=FACE_OUTER_BOUND('',#689,.T.);
#448=FACE_OUTER_BOUND('',#691,.T.);
#449=FACE_OUTER_BOUND('',#692,.T.);
#450=FACE_OUTER_BOUND('',#693,.T.);
#451=FACE_OUTER_BOUND('',#694,.T.);
#452=FACE_OUTER_BOUND('',#695,.T.);
#453=FACE_OUTER_BOUND('',#696,.T.);
#454=FACE_OUTER_BOUND('',#697,.T.);
#455=FACE_OUTER_BOUND('',#698,.T.);
#456=FACE_OUTER_BOUND('',#699,.T.);
#457=FACE_OUTER_BOUND('',#700,.T.);
#458=FACE_OUTER_BOUND('',#701,.T.);
#459=FACE_OUTER_BOUND('',#702,.T.);
#460=FACE_OUTER_BOUND('',#703,.T.);
#461=FACE_OUTER_BOUND('',#704,.T.);
#462=FACE_OUTER_BOUND('',#705,.T.);
#463=FACE_OUTER_BOUND('',#706,.T.);
#464=FACE_OUTER_BOUND('',#707,.T.);
#465=FACE_OUTER_BOUND('',#708,.T.);
#466=FACE_OUTER_BOUND('',#709,.T.);
#467=FACE_OUTER_BOUND('',#710,.T.);
#468=FACE_OUTER_BOUND('',#711,.T.);
#469=FACE_OUTER_BOUND('',#712,.T.);
#470=FACE_OUTER_BOUND('',#713,.T.);
#471=FACE_OUTER_BOUND('',#714,.T.);
#472=FACE_OUTER_BOUND('',#715,.T.);
#473=FACE_OUTER_BOUND('',#716,.T.);
#474=FACE_OUTER_BOUND('',#717,.T.);
#475=FACE_OUTER_BOUND('',#718,.T.);
#476=FACE_OUTER_BOUND('',#719,.T.);
#477=FACE_OUTER_BOUND('',#720,.T.);
#478=FACE_OUTER_BOUND('',#722,.T.);
#479=FACE_OUTER_BOUND('',#724,.T.);
#480=FACE_OUTER_BOUND('',#725,.T.);
#481=FACE_OUTER_BOUND('',#726,.T.);
#482=FACE_OUTER_BOUND('',#727,.T.);
#483=FACE_OUTER_BOUND('',#728,.T.);
#484=FACE_OUTER_BOUND('',#729,.T.);
#485=FACE_OUTER_BOUND('',#730,.T.);
#486=FACE_OUTER_BOUND('',#731,.T.);
#487=FACE_OUTER_BOUND('',#732,.T.);
#488=FACE_OUTER_BOUND('',#733,.T.);
#489=FACE_OUTER_BOUND('',#734,.T.);
#490=FACE_OUTER_BOUND('',#735,.T.);
#491=FACE_OUTER_BOUND('',#736,.T.);
#492=EDGE_LOOP('',(#2286,#2287,#2288,#2289));
#493=EDGE_LOOP('',(#2290));
#494=EDGE_LOOP('',(#2291));
#495=EDGE_LOOP('',(#2292,#2293,#2294,#2295));
#496=EDGE_LOOP('',(#2296,#2297,#2298,#2299));
#497=EDGE_LOOP('',(#2300,#2301,#2302,#2303));
#498=EDGE_LOOP('',(#2304,#2305,#2306,#2307));
#499=EDGE_LOOP('',(#2308,#2309,#2310,#2311));
#500=EDGE_LOOP('',(#2312,#2313,#2314,#2315));
#501=EDGE_LOOP('',(#2316,#2317,#2318,#2319));
#502=EDGE_LOOP('',(#2320,#2321,#2322,#2323,#2324,#2325));
#503=EDGE_LOOP('',(#2326));
#504=EDGE_LOOP('',(#2327,#2328,#2329,#2330,#2331,#2332,#2333,#2334,#2335,
#2336));
#505=EDGE_LOOP('',(#2337));
#506=EDGE_LOOP('',(#2338,#2339,#2340,#2341,#2342,#2343));
#507=EDGE_LOOP('',(#2344,#2345,#2346,#2347,#2348,#2349));
#508=EDGE_LOOP('',(#2350));
#509=EDGE_LOOP('',(#2351,#2352,#2353,#2354,#2355));
#510=EDGE_LOOP('',(#2356));
#511=EDGE_LOOP('',(#2357));
#512=EDGE_LOOP('',(#2358,#2359,#2360,#2361));
#513=EDGE_LOOP('',(#2362));
#514=EDGE_LOOP('',(#2363));
#515=EDGE_LOOP('',(#2364,#2365,#2366,#2367));
#516=EDGE_LOOP('',(#2368));
#517=EDGE_LOOP('',(#2369));
#518=EDGE_LOOP('',(#2370,#2371,#2372,#2373));
#519=EDGE_LOOP('',(#2374));
#520=EDGE_LOOP('',(#2375));
#521=EDGE_LOOP('',(#2376,#2377,#2378,#2379));
#522=EDGE_LOOP('',(#2380,#2381,#2382,#2383));
#523=EDGE_LOOP('',(#2384));
#524=EDGE_LOOP('',(#2385));
#525=EDGE_LOOP('',(#2386));
#526=EDGE_LOOP('',(#2387));
#527=EDGE_LOOP('',(#2388,#2389,#2390,#2391));
#528=EDGE_LOOP('',(#2392));
#529=EDGE_LOOP('',(#2393));
#530=EDGE_LOOP('',(#2394,#2395,#2396,#2397));
#531=EDGE_LOOP('',(#2398));
#532=EDGE_LOOP('',(#2399));
#533=EDGE_LOOP('',(#2400,#2401,#2402,#2403,#2404,#2405));
#534=EDGE_LOOP('',(#2406,#2407,#2408,#2409,#2410,#2411,#2412,#2413,#2414,
#2415,#2416,#2417,#2418,#2419,#2420,#2421,#2422,#2423));
#535=EDGE_LOOP('',(#2424,#2425,#2426));
#536=EDGE_LOOP('',(#2427,#2428,#2429));
#537=EDGE_LOOP('',(#2430,#2431,#2432,#2433));
#538=EDGE_LOOP('',(#2434,#2435,#2436,#2437));
#539=EDGE_LOOP('',(#2438,#2439,#2440));
#540=EDGE_LOOP('',(#2441,#2442,#2443));
#541=EDGE_LOOP('',(#2444,#2445,#2446,#2447));
#542=EDGE_LOOP('',(#2448,#2449,#2450,#2451));
#543=EDGE_LOOP('',(#2452,#2453,#2454,#2455));
#544=EDGE_LOOP('',(#2456,#2457,#2458,#2459));
#545=EDGE_LOOP('',(#2460,#2461,#2462,#2463));
#546=EDGE_LOOP('',(#2464,#2465,#2466,#2467));
#547=EDGE_LOOP('',(#2468,#2469,#2470,#2471,#2472,#2473,#2474,#2475,#2476,
#2477,#2478,#2479,#2480,#2481));
#548=EDGE_LOOP('',(#2482,#2483,#2484,#2485,#2486));
#549=EDGE_LOOP('',(#2487));
#550=EDGE_LOOP('',(#2488,#2489,#2490,#2491));
#551=EDGE_LOOP('',(#2492,#2493,#2494,#2495));
#552=EDGE_LOOP('',(#2496,#2497,#2498));
#553=EDGE_LOOP('',(#2499,#2500,#2501,#2502));
#554=EDGE_LOOP('',(#2503,#2504,#2505));
#555=EDGE_LOOP('',(#2506,#2507,#2508));
#556=EDGE_LOOP('',(#2509,#2510,#2511,#2512));
#557=EDGE_LOOP('',(#2513,#2514,#2515,#2516));
#558=EDGE_LOOP('',(#2517,#2518,#2519,#2520));
#559=EDGE_LOOP('',(#2521,#2522,#2523,#2524));
#560=EDGE_LOOP('',(#2525,#2526,#2527,#2528));
#561=EDGE_LOOP('',(#2529,#2530,#2531,#2532));
#562=EDGE_LOOP('',(#2533,#2534,#2535,#2536));
#563=EDGE_LOOP('',(#2537,#2538,#2539,#2540));
#564=EDGE_LOOP('',(#2541,#2542,#2543,#2544));
#565=EDGE_LOOP('',(#2545,#2546,#2547,#2548));
#566=EDGE_LOOP('',(#2549,#2550,#2551,#2552));
#567=EDGE_LOOP('',(#2553,#2554,#2555,#2556));
#568=EDGE_LOOP('',(#2557,#2558,#2559,#2560));
#569=EDGE_LOOP('',(#2561,#2562,#2563));
#570=EDGE_LOOP('',(#2564,#2565,#2566,#2567,#2568));
#571=EDGE_LOOP('',(#2569,#2570,#2571));
#572=EDGE_LOOP('',(#2572,#2573,#2574,#2575));
#573=EDGE_LOOP('',(#2576,#2577,#2578,#2579));
#574=EDGE_LOOP('',(#2580,#2581,#2582,#2583));
#575=EDGE_LOOP('',(#2584,#2585,#2586,#2587));
#576=EDGE_LOOP('',(#2588,#2589,#2590));
#577=EDGE_LOOP('',(#2591,#2592,#2593,#2594));
#578=EDGE_LOOP('',(#2595,#2596,#2597));
#579=EDGE_LOOP('',(#2598,#2599,#2600,#2601));
#580=EDGE_LOOP('',(#2602,#2603,#2604,#2605));
#581=EDGE_LOOP('',(#2606,#2607,#2608,#2609));
#582=EDGE_LOOP('',(#2610,#2611,#2612,#2613));
#583=EDGE_LOOP('',(#2614,#2615,#2616,#2617));
#584=EDGE_LOOP('',(#2618,#2619,#2620,#2621));
#585=EDGE_LOOP('',(#2622,#2623,#2624,#2625));
#586=EDGE_LOOP('',(#2626,#2627,#2628,#2629));
#587=EDGE_LOOP('',(#2630,#2631,#2632,#2633));
#588=EDGE_LOOP('',(#2634,#2635,#2636,#2637));
#589=EDGE_LOOP('',(#2638,#2639,#2640));
#590=EDGE_LOOP('',(#2641,#2642,#2643,#2644));
#591=EDGE_LOOP('',(#2645,#2646,#2647,#2648));
#592=EDGE_LOOP('',(#2649,#2650,#2651,#2652,#2653,#2654,#2655,#2656,#2657,
#2658,#2659,#2660,#2661,#2662,#2663));
#593=EDGE_LOOP('',(#2664,#2665,#2666,#2667));
#594=EDGE_LOOP('',(#2668));
#595=EDGE_LOOP('',(#2669,#2670,#2671,#2672));
#596=EDGE_LOOP('',(#2673,#2674,#2675,#2676));
#597=EDGE_LOOP('',(#2677,#2678,#2679,#2680));
#598=EDGE_LOOP('',(#2681,#2682,#2683,#2684));
#599=EDGE_LOOP('',(#2685,#2686,#2687,#2688));
#600=EDGE_LOOP('',(#2689));
#601=EDGE_LOOP('',(#2690,#2691,#2692,#2693,#2694,#2695,#2696,#2697,#2698));
#602=EDGE_LOOP('',(#2699,#2700,#2701,#2702));
#603=EDGE_LOOP('',(#2703));
#604=EDGE_LOOP('',(#2704,#2705,#2706,#2707));
#605=EDGE_LOOP('',(#2708));
#606=EDGE_LOOP('',(#2709,#2710,#2711,#2712));
#607=EDGE_LOOP('',(#2713,#2714,#2715,#2716));
#608=EDGE_LOOP('',(#2717,#2718,#2719,#2720));
#609=EDGE_LOOP('',(#2721,#2722,#2723,#2724));
#610=EDGE_LOOP('',(#2725,#2726,#2727,#2728));
#611=EDGE_LOOP('',(#2729,#2730,#2731,#2732));
#612=EDGE_LOOP('',(#2733));
#613=EDGE_LOOP('',(#2734,#2735,#2736,#2737,#2738,#2739,#2740,#2741,#2742,
#2743,#2744,#2745));
#614=EDGE_LOOP('',(#2746,#2747,#2748,#2749,#2750,#2751,#2752));
#615=EDGE_LOOP('',(#2753,#2754,#2755,#2756));
#616=EDGE_LOOP('',(#2757,#2758,#2759,#2760));
#617=EDGE_LOOP('',(#2761,#2762,#2763,#2764));
#618=EDGE_LOOP('',(#2765,#2766,#2767,#2768,#2769));
#619=EDGE_LOOP('',(#2770,#2771,#2772,#2773));
#620=EDGE_LOOP('',(#2774,#2775,#2776,#2777));
#621=EDGE_LOOP('',(#2778,#2779,#2780,#2781,#2782));
#622=EDGE_LOOP('',(#2783,#2784,#2785,#2786));
#623=EDGE_LOOP('',(#2787,#2788,#2789,#2790));
#624=EDGE_LOOP('',(#2791,#2792,#2793,#2794));
#625=EDGE_LOOP('',(#2795,#2796,#2797,#2798));
#626=EDGE_LOOP('',(#2799,#2800,#2801,#2802,#2803,#2804,#2805));
#627=EDGE_LOOP('',(#2806,#2807,#2808,#2809,#2810,#2811,#2812,#2813,#2814,
#2815));
#628=EDGE_LOOP('',(#2816));
#629=EDGE_LOOP('',(#2817));
#630=EDGE_LOOP('',(#2818,#2819,#2820,#2821));
#631=EDGE_LOOP('',(#2822));
#632=EDGE_LOOP('',(#2823,#2824,#2825,#2826,#2827,#2828,#2829,#2830));
#633=EDGE_LOOP('',(#2831,#2832,#2833,#2834,#2835,#2836));
#634=EDGE_LOOP('',(#2837));
#635=EDGE_LOOP('',(#2838,#2839,#2840,#2841));
#636=EDGE_LOOP('',(#2842,#2843,#2844,#2845));
#637=EDGE_LOOP('',(#2846,#2847,#2848,#2849));
#638=EDGE_LOOP('',(#2850,#2851,#2852));
#639=EDGE_LOOP('',(#2853,#2854,#2855));
#640=EDGE_LOOP('',(#2856));
#641=EDGE_LOOP('',(#2857,#2858,#2859,#2860));
#642=EDGE_LOOP('',(#2861));
#643=EDGE_LOOP('',(#2862,#2863,#2864,#2865));
#644=EDGE_LOOP('',(#2866));
#645=EDGE_LOOP('',(#2867));
#646=EDGE_LOOP('',(#2868,#2869,#2870,#2871));
#647=EDGE_LOOP('',(#2872));
#648=EDGE_LOOP('',(#2873));
#649=EDGE_LOOP('',(#2874,#2875,#2876,#2877));
#650=EDGE_LOOP('',(#2878));
#651=EDGE_LOOP('',(#2879));
#652=EDGE_LOOP('',(#2880,#2881,#2882,#2883));
#653=EDGE_LOOP('',(#2884));
#654=EDGE_LOOP('',(#2885));
#655=EDGE_LOOP('',(#2886,#2887,#2888,#2889,#2890,#2891));
#656=EDGE_LOOP('',(#2892,#2893,#2894,#2895,#2896,#2897,#2898,#2899,#2900,
#2901,#2902,#2903));
#657=EDGE_LOOP('',(#2904,#2905,#2906,#2907));
#658=EDGE_LOOP('',(#2908,#2909,#2910,#2911));
#659=EDGE_LOOP('',(#2912,#2913,#2914,#2915));
#660=EDGE_LOOP('',(#2916,#2917,#2918,#2919,#2920));
#661=EDGE_LOOP('',(#2921,#2922,#2923,#2924,#2925,#2926,#2927,#2928,#2929,
#2930,#2931,#2932,#2933,#2934,#2935,#2936));
#662=EDGE_LOOP('',(#2937,#2938,#2939,#2940,#2941));
#663=EDGE_LOOP('',(#2942,#2943,#2944,#2945));
#664=EDGE_LOOP('',(#2946,#2947,#2948,#2949));
#665=EDGE_LOOP('',(#2950,#2951,#2952,#2953));
#666=EDGE_LOOP('',(#2954,#2955,#2956,#2957));
#667=EDGE_LOOP('',(#2958,#2959,#2960,#2961));
#668=EDGE_LOOP('',(#2962));
#669=EDGE_LOOP('',(#2963,#2964,#2965,#2966));
#670=EDGE_LOOP('',(#2967,#2968,#2969,#2970));
#671=EDGE_LOOP('',(#2971));
#672=EDGE_LOOP('',(#2972,#2973,#2974,#2975,#2976,#2977,#2978,#2979));
#673=EDGE_LOOP('',(#2980,#2981,#2982,#2983));
#674=EDGE_LOOP('',(#2984));
#675=EDGE_LOOP('',(#2985,#2986,#2987,#2988));
#676=EDGE_LOOP('',(#2989,#2990,#2991,#2992,#2993,#2994));
#677=EDGE_LOOP('',(#2995));
#678=EDGE_LOOP('',(#2996,#2997,#2998,#2999,#3000,#3001));
#679=EDGE_LOOP('',(#3002));
#680=EDGE_LOOP('',(#3003,#3004,#3005,#3006,#3007));
#681=EDGE_LOOP('',(#3008,#3009,#3010,#3011,#3012));
#682=EDGE_LOOP('',(#3013,#3014,#3015,#3016));
#683=EDGE_LOOP('',(#3017,#3018,#3019,#3020,#3021,#3022,#3023,#3024,#3025,
#3026));
#684=EDGE_LOOP('',(#3027,#3028,#3029,#3030,#3031,#3032));
#685=EDGE_LOOP('',(#3033,#3034,#3035,#3036));
#686=EDGE_LOOP('',(#3037,#3038,#3039,#3040));
#687=EDGE_LOOP('',(#3041,#3042,#3043,#3044));
#688=EDGE_LOOP('',(#3045,#3046,#3047,#3048));
#689=EDGE_LOOP('',(#3049,#3050,#3051,#3052));
#690=EDGE_LOOP('',(#3053,#3054,#3055,#3056));
#691=EDGE_LOOP('',(#3057,#3058,#3059,#3060));
#692=EDGE_LOOP('',(#3061,#3062,#3063,#3064));
#693=EDGE_LOOP('',(#3065,#3066,#3067,#3068));
#694=EDGE_LOOP('',(#3069,#3070,#3071,#3072));
#695=EDGE_LOOP('',(#3073,#3074,#3075,#3076));
#696=EDGE_LOOP('',(#3077,#3078,#3079,#3080));
#697=EDGE_LOOP('',(#3081,#3082,#3083,#3084,#3085));
#698=EDGE_LOOP('',(#3086,#3087,#3088,#3089));
#699=EDGE_LOOP('',(#3090,#3091,#3092,#3093,#3094,#3095));
#700=EDGE_LOOP('',(#3096,#3097,#3098));
#701=EDGE_LOOP('',(#3099,#3100,#3101,#3102));
#702=EDGE_LOOP('',(#3103,#3104,#3105));
#703=EDGE_LOOP('',(#3106,#3107,#3108,#3109));
#704=EDGE_LOOP('',(#3110,#3111,#3112,#3113));
#705=EDGE_LOOP('',(#3114,#3115,#3116));
#706=EDGE_LOOP('',(#3117,#3118,#3119,#3120));
#707=EDGE_LOOP('',(#3121,#3122,#3123));
#708=EDGE_LOOP('',(#3124,#3125,#3126,#3127));
#709=EDGE_LOOP('',(#3128,#3129,#3130,#3131));
#710=EDGE_LOOP('',(#3132,#3133,#3134));
#711=EDGE_LOOP('',(#3135,#3136,#3137,#3138,#3139));
#712=EDGE_LOOP('',(#3140,#3141,#3142));
#713=EDGE_LOOP('',(#3143,#3144,#3145,#3146));
#714=EDGE_LOOP('',(#3147,#3148,#3149,#3150));
#715=EDGE_LOOP('',(#3151,#3152,#3153,#3154));
#716=EDGE_LOOP('',(#3155,#3156,#3157,#3158));
#717=EDGE_LOOP('',(#3159,#3160,#3161,#3162));
#718=EDGE_LOOP('',(#3163,#3164,#3165,#3166));
#719=EDGE_LOOP('',(#3167,#3168,#3169,#3170,#3171));
#720=EDGE_LOOP('',(#3172,#3173,#3174,#3175,#3176,#3177,#3178));
#721=EDGE_LOOP('',(#3179,#3180,#3181,#3182));
#722=EDGE_LOOP('',(#3183,#3184,#3185,#3186));
#723=EDGE_LOOP('',(#3187));
#724=EDGE_LOOP('',(#3188,#3189,#3190,#3191));
#725=EDGE_LOOP('',(#3192,#3193,#3194,#3195));
#726=EDGE_LOOP('',(#3196,#3197,#3198,#3199));
#727=EDGE_LOOP('',(#3200,#3201,#3202,#3203,#3204,#3205,#3206,#3207));
#728=EDGE_LOOP('',(#3208,#3209,#3210,#3211));
#729=EDGE_LOOP('',(#3212));
#730=EDGE_LOOP('',(#3213,#3214,#3215,#3216));
#731=EDGE_LOOP('',(#3217,#3218,#3219,#3220));
#732=EDGE_LOOP('',(#3221));
#733=EDGE_LOOP('',(#3222,#3223,#3224,#3225));
#734=EDGE_LOOP('',(#3226,#3227,#3228,#3229));
#735=EDGE_LOOP('',(#3230,#3231,#3232,#3233));
#736=EDGE_LOOP('',(#3234,#3235,#3236,#3237));
#737=CIRCLE('',#3529,1.6129);
#738=CIRCLE('',#3532,2.125);
#739=CIRCLE('',#3539,2.125);
#740=CIRCLE('',#3547,16.25);
#741=CIRCLE('',#3548,16.25);
#742=CIRCLE('',#3549,16.25);
#743=CIRCLE('',#3551,1.59385);
#744=CIRCLE('',#3554,14.75);
#745=CIRCLE('',#3555,1.5);
#746=CIRCLE('',#3558,14.5);
#747=CIRCLE('',#3560,14.5);
#748=CIRCLE('',#3563,1.59385);
#749=CIRCLE('',#3564,1.59385);
#750=CIRCLE('',#3566,3.);
#751=CIRCLE('',#3568,3.);
#752=CIRCLE('',#3571,1.6129);
#753=CIRCLE('',#3572,1.6129);
#754=CIRCLE('',#3574,3.);
#755=CIRCLE('',#3575,3.);
#756=CIRCLE('',#3579,1.59385);
#757=CIRCLE('',#3580,1.59385);
#758=CIRCLE('',#3582,3.);
#759=CIRCLE('',#3584,3.);
#760=CIRCLE('',#3589,1.25);
#761=CIRCLE('',#3590,1.25);
#762=CIRCLE('',#3594,0.500000000041101);
#763=CIRCLE('',#3610,5.995);
#764=CIRCLE('',#3611,3.21400000000001);
#765=CIRCLE('',#3613,0.9);
#766=CIRCLE('',#3654,0.500000000041101);
#767=CIRCLE('',#3659,1.05000000000776);
#768=CIRCLE('',#3664,1.05);
#769=CIRCLE('',#3667,1.05);
#770=CIRCLE('',#3670,1.05);
#771=CIRCLE('',#3677,0.9);
#772=CIRCLE('',#3680,5.995);
#773=CIRCLE('',#3681,3.21400000000001);
#774=CIRCLE('',#3693,1.6129);
#775=CIRCLE('',#3695,21.);
#776=CIRCLE('',#3696,19.);
#777=CIRCLE('',#3697,19.);
#778=CIRCLE('',#3699,19.);
#779=CIRCLE('',#3701,21.);
#780=CIRCLE('',#3705,1.5875);
#781=CIRCLE('',#3711,1.5875);
#782=CIRCLE('',#3712,1.5875);
#783=CIRCLE('',#3714,3.);
#784=CIRCLE('',#3716,3.);
#785=CIRCLE('',#3719,1.5875);
#786=CIRCLE('',#3720,1.5875);
#787=CIRCLE('',#3722,3.);
#788=CIRCLE('',#3724,3.);
#789=CIRCLE('',#3729,38.25);
#790=CIRCLE('',#3730,38.5);
#791=CIRCLE('',#3733,38.5);
#792=CIRCLE('',#3734,38.5);
#793=CIRCLE('',#3735,38.5);
#794=CIRCLE('',#3736,38.5);
#795=CIRCLE('',#3739,38.25);
#796=CIRCLE('',#3740,38.5);
#797=CIRCLE('',#3743,38.25);
#798=CIRCLE('',#3745,26.25);
#799=CIRCLE('',#3746,26.25);
#800=CIRCLE('',#3747,26.25);
#801=CIRCLE('',#3749,26.);
#802=CIRCLE('',#3752,26.);
#803=CIRCLE('',#3755,26.);
#804=CIRCLE('',#3757,1.59385);
#805=CIRCLE('',#3759,26.);
#806=CIRCLE('',#3761,1.59385);
#807=CIRCLE('',#3763,26.);
#808=CIRCLE('',#3764,26.);
#809=CIRCLE('',#3766,1.59385);
#810=CIRCLE('',#3769,1.59385);
#811=CIRCLE('',#3771,1.05);
#812=CIRCLE('',#3778,26.25);
#813=CIRCLE('',#3781,26.25);
#814=CIRCLE('',#3784,38.25);
#815=CIRCLE('',#3785,38.25);
#816=CIRCLE('',#3787,38.5);
#817=CIRCLE('',#3794,38.25);
#818=CIRCLE('',#3797,26.25);
#819=CIRCLE('',#3816,38.25);
#820=CIRCLE('',#3821,1.05);
#821=CIRCLE('',#3827,1.05);
#822=CIRCLE('',#3831,1.05);
#823=LINE('',#4839,#1155);
#824=LINE('',#4848,#1156);
#825=LINE('',#4850,#1157);
#826=LINE('',#4852,#1158);
#827=LINE('',#4853,#1159);
#828=LINE('',#4858,#1160);
#829=LINE('',#4859,#1161);
#830=LINE('',#4864,#1162);
#831=LINE('',#4865,#1163);
#832=LINE('',#4869,#1164);
#833=LINE('',#4874,#1165);
#834=LINE('',#4875,#1166);
#835=LINE('',#4880,#1167);
#836=LINE('',#4881,#1168);
#837=LINE('',#4883,#1169);
#838=LINE('',#4884,#1170);
#839=LINE('',#4891,#1171);
#840=LINE('',#4912,#1172);
#841=LINE('',#4938,#1173);
#842=LINE('',#4951,#1174);
#843=LINE('',#4958,#1175);
#844=LINE('',#4966,#1176);
#845=LINE('',#4972,#1177);
#846=LINE('',#4978,#1178);
#847=LINE('',#4986,#1179);
#848=LINE('',#4994,#1180);
#849=LINE('',#5003,#1181);
#850=LINE('',#5007,#1182);
#851=LINE('',#5013,#1183);
#852=LINE('',#5015,#1184);
#853=LINE('',#5019,#1185);
#854=LINE('',#5021,#1186);
#855=LINE('',#5023,#1187);
#856=LINE('',#5025,#1188);
#857=LINE('',#5027,#1189);
#858=LINE('',#5029,#1190);
#859=LINE('',#5031,#1191);
#860=LINE('',#5033,#1192);
#861=LINE('',#5035,#1193);
#862=LINE('',#5037,#1194);
#863=LINE('',#5039,#1195);
#864=LINE('',#5041,#1196);
#865=LINE('',#5043,#1197);
#866=LINE('',#5044,#1198);
#867=LINE('',#5048,#1199);
#868=LINE('',#5050,#1200);
#869=LINE('',#5051,#1201);
#870=LINE('',#5055,#1202);
#871=LINE('',#5057,#1203);
#872=LINE('',#5058,#1204);
#873=LINE('',#5063,#1205);
#874=LINE('',#5064,#1206);
#875=LINE('',#5066,#1207);
#876=LINE('',#5067,#1208);
#877=LINE('',#5071,#1209);
#878=LINE('',#5073,#1210);
#879=LINE('',#5074,#1211);
#880=LINE('',#5078,#1212);
#881=LINE('',#5080,#1213);
#882=LINE('',#5081,#1214);
#883=LINE('',#5086,#1215);
#884=LINE('',#5087,#1216);
#885=LINE('',#5089,#1217);
#886=LINE('',#5090,#1218);
#887=LINE('',#5092,#1219);
#888=LINE('',#5093,#1220);
#889=LINE('',#5095,#1221);
#890=LINE('',#5096,#1222);
#891=LINE('',#5100,#1223);
#892=LINE('',#5101,#1224);
#893=LINE('',#5102,#1225);
#894=LINE('',#5106,#1226);
#895=LINE('',#5107,#1227);
#896=LINE('',#5108,#1228);
#897=LINE('',#5113,#1229);
#898=LINE('',#5115,#1230);
#899=LINE('',#5116,#1231);
#900=LINE('',#5120,#1232);
#901=LINE('',#5122,#1233);
#902=LINE('',#5124,#1234);
#903=LINE('',#5125,#1235);
#904=LINE('',#5128,#1236);
#905=LINE('',#5129,#1237);
#906=LINE('',#5136,#1238);
#907=LINE('',#5138,#1239);
#908=LINE('',#5139,#1240);
#909=LINE('',#5140,#1241);
#910=LINE('',#5144,#1242);
#911=LINE('',#5146,#1243);
#912=LINE('',#5147,#1244);
#913=LINE('',#5150,#1245);
#914=LINE('',#5151,#1246);
#915=LINE('',#5152,#1247);
#916=LINE('',#5155,#1248);
#917=LINE('',#5157,#1249);
#918=LINE('',#5158,#1250);
#919=LINE('',#5162,#1251);
#920=LINE('',#5164,#1252);
#921=LINE('',#5165,#1253);
#922=LINE('',#5167,#1254);
#923=LINE('',#5168,#1255);
#924=LINE('',#5172,#1256);
#925=LINE('',#5174,#1257);
#926=LINE('',#5176,#1258);
#927=LINE('',#5177,#1259);
#928=LINE('',#5180,#1260);
#929=LINE('',#5182,#1261);
#930=LINE('',#5183,#1262);
#931=LINE('',#5185,#1263);
#932=LINE('',#5186,#1264);
#933=LINE('',#5188,#1265);
#934=LINE('',#5189,#1266);
#935=LINE('',#5191,#1267);
#936=LINE('',#5194,#1268);
#937=LINE('',#5195,#1269);
#938=LINE('',#5198,#1270);
#939=LINE('',#5200,#1271);
#940=LINE('',#5201,#1272);
#941=LINE('',#5204,#1273);
#942=LINE('',#5205,#1274);
#943=LINE('',#5208,#1275);
#944=LINE('',#5210,#1276);
#945=LINE('',#5211,#1277);
#946=LINE('',#5213,#1278);
#947=LINE('',#5214,#1279);
#948=LINE('',#5217,#1280);
#949=LINE('',#5218,#1281);
#950=LINE('',#5221,#1282);
#951=LINE('',#5222,#1283);
#952=LINE('',#5225,#1284);
#953=LINE('',#5227,#1285);
#954=LINE('',#5228,#1286);
#955=LINE('',#5230,#1287);
#956=LINE('',#5234,#1288);
#957=LINE('',#5236,#1289);
#958=LINE('',#5237,#1290);
#959=LINE('',#5240,#1291);
#960=LINE('',#5241,#1292);
#961=LINE('',#5242,#1293);
#962=LINE('',#5245,#1294);
#963=LINE('',#5247,#1295);
#964=LINE('',#5248,#1296);
#965=LINE('',#5252,#1297);
#966=LINE('',#5253,#1298);
#967=LINE('',#5254,#1299);
#968=LINE('',#5257,#1300);
#969=LINE('',#5259,#1301);
#970=LINE('',#5261,#1302);
#971=LINE('',#5262,#1303);
#972=LINE('',#5265,#1304);
#973=LINE('',#5267,#1305);
#974=LINE('',#5268,#1306);
#975=LINE('',#5271,#1307);
#976=LINE('',#5273,#1308);
#977=LINE('',#5274,#1309);
#978=LINE('',#5278,#1310);
#979=LINE('',#5280,#1311);
#980=LINE('',#5281,#1312);
#981=LINE('',#5283,#1313);
#982=LINE('',#5284,#1314);
#983=LINE('',#5286,#1315);
#984=LINE('',#5287,#1316);
#985=LINE('',#5290,#1317);
#986=LINE('',#5292,#1318);
#987=LINE('',#5293,#1319);
#988=LINE('',#5295,#1320);
#989=LINE('',#5296,#1321);
#990=LINE('',#5298,#1322);
#991=LINE('',#5301,#1323);
#992=LINE('',#5302,#1324);
#993=LINE('',#5304,#1325);
#994=LINE('',#5306,#1326);
#995=LINE('',#5307,#1327);
#996=LINE('',#5309,#1328);
#997=LINE('',#5311,#1329);
#998=LINE('',#5312,#1330);
#999=LINE('',#5316,#1331);
#1000=LINE('',#5318,#1332);
#1001=LINE('',#5320,#1333);
#1002=LINE('',#5325,#1334);
#1003=LINE('',#5327,#1335);
#1004=LINE('',#5328,#1336);
#1005=LINE('',#5332,#1337);
#1006=LINE('',#5334,#1338);
#1007=LINE('',#5336,#1339);
#1008=LINE('',#5337,#1340);
#1009=LINE('',#5343,#1341);
#1010=LINE('',#5345,#1342);
#1011=LINE('',#5346,#1343);
#1012=LINE('',#5349,#1344);
#1013=LINE('',#5354,#1345);
#1014=LINE('',#5360,#1346);
#1015=LINE('',#5361,#1347);
#1016=LINE('',#5362,#1348);
#1017=LINE('',#5365,#1349);
#1018=LINE('',#5366,#1350);
#1019=LINE('',#5369,#1351);
#1020=LINE('',#5370,#1352);
#1021=LINE('',#5372,#1353);
#1022=LINE('',#5375,#1354);
#1023=LINE('',#5378,#1355);
#1024=LINE('',#5383,#1356);
#1025=LINE('',#5385,#1357);
#1026=LINE('',#5387,#1358);
#1027=LINE('',#5389,#1359);
#1028=LINE('',#5391,#1360);
#1029=LINE('',#5394,#1361);
#1030=LINE('',#5395,#1362);
#1031=LINE('',#5397,#1363);
#1032=LINE('',#5400,#1364);
#1033=LINE('',#5402,#1365);
#1034=LINE('',#5404,#1366);
#1035=LINE('',#5413,#1367);
#1036=LINE('',#5455,#1368);
#1037=LINE('',#5479,#1369);
#1038=LINE('',#5536,#1370);
#1039=LINE('',#5569,#1371);
#1040=LINE('',#5612,#1372);
#1041=LINE('',#5662,#1373);
#1042=LINE('',#5664,#1374);
#1043=LINE('',#5671,#1375);
#1044=LINE('',#5679,#1376);
#1045=LINE('',#5685,#1377);
#1046=LINE('',#5693,#1378);
#1047=LINE('',#5720,#1379);
#1048=LINE('',#5724,#1380);
#1049=LINE('',#5728,#1381);
#1050=LINE('',#5732,#1382);
#1051=LINE('',#5736,#1383);
#1052=LINE('',#5739,#1384);
#1053=LINE('',#5743,#1385);
#1054=LINE('',#5749,#1386);
#1055=LINE('',#5765,#1387);
#1056=LINE('',#5767,#1388);
#1057=LINE('',#5768,#1389);
#1058=LINE('',#5781,#1390);
#1059=LINE('',#5782,#1391);
#1060=LINE('',#5784,#1392);
#1061=LINE('',#5786,#1393);
#1062=LINE('',#5788,#1394);
#1063=LINE('',#5792,#1395);
#1064=LINE('',#5796,#1396);
#1065=LINE('',#5799,#1397);
#1066=LINE('',#5821,#1398);
#1067=LINE('',#5831,#1399);
#1068=LINE('',#5844,#1400);
#1069=LINE('',#5846,#1401);
#1070=LINE('',#5847,#1402);
#1071=LINE('',#5852,#1403);
#1072=LINE('',#5856,#1404);
#1073=LINE('',#5857,#1405);
#1074=LINE('',#5862,#1406);
#1075=LINE('',#5865,#1407);
#1076=LINE('',#5869,#1408);
#1077=LINE('',#5870,#1409);
#1078=LINE('',#5875,#1410);
#1079=LINE('',#5877,#1411);
#1080=LINE('',#5878,#1412);
#1081=LINE('',#5880,#1413);
#1082=LINE('',#5882,#1414);
#1083=LINE('',#5883,#1415);
#1084=LINE('',#5888,#1416);
#1085=LINE('',#5894,#1417);
#1086=LINE('',#5895,#1418);
#1087=LINE('',#5900,#1419);
#1088=LINE('',#5902,#1420);
#1089=LINE('',#5903,#1421);
#1090=LINE('',#5906,#1422);
#1091=LINE('',#5907,#1423);
#1092=LINE('',#5910,#1424);
#1093=LINE('',#5911,#1425);
#1094=LINE('',#5914,#1426);
#1095=LINE('',#5916,#1427);
#1096=LINE('',#5918,#1428);
#1097=LINE('',#5920,#1429);
#1098=LINE('',#5922,#1430);
#1099=LINE('',#5923,#1431);
#1100=LINE('',#5930,#1432);
#1101=LINE('',#5931,#1433);
#1102=LINE('',#5946,#1434);
#1103=LINE('',#5959,#1435);
#1104=LINE('',#5965,#1436);
#1105=LINE('',#5968,#1437);
#1106=LINE('',#5993,#1438);
#1107=LINE('',#6023,#1439);
#1108=LINE('',#6024,#1440);
#1109=LINE('',#6025,#1441);
#1110=LINE('',#6029,#1442);
#1111=LINE('',#6030,#1443);
#1112=LINE('',#6036,#1444);
#1113=LINE('',#6040,#1445);
#1114=LINE('',#6042,#1446);
#1115=LINE('',#6043,#1447);
#1116=LINE('',#6045,#1448);
#1117=LINE('',#6047,#1449);
#1118=LINE('',#6055,#1450);
#1119=LINE('',#6057,#1451);
#1120=LINE('',#6058,#1452);
#1121=LINE('',#6060,#1453);
#1122=LINE('',#6061,#1454);
#1123=LINE('',#6063,#1455);
#1124=LINE('',#6064,#1456);
#1125=LINE('',#6068,#1457);
#1126=LINE('',#6070,#1458);
#1127=LINE('',#6071,#1459);
#1128=LINE('',#6073,#1460);
#1129=LINE('',#6074,#1461);
#1130=LINE('',#6078,#1462);
#1131=LINE('',#6080,#1463);
#1132=LINE('',#6081,#1464);
#1133=LINE('',#6083,#1465);
#1134=LINE('',#6084,#1466);
#1135=LINE('',#6086,#1467);
#1136=LINE('',#6087,#1468);
#1137=LINE('',#6089,#1469);
#1138=LINE('',#6090,#1470);
#1139=LINE('',#6092,#1471);
#1140=LINE('',#6093,#1472);
#1141=LINE('',#6097,#1473);
#1142=LINE('',#6101,#1474);
#1143=LINE('',#6103,#1475);
#1144=LINE('',#6104,#1476);
#1145=LINE('',#6110,#1477);
#1146=LINE('',#6111,#1478);
#1147=LINE('',#6114,#1479);
#1148=LINE('',#6115,#1480);
#1149=LINE('',#6117,#1481);
#1150=LINE('',#6121,#1482);
#1151=LINE('',#6127,#1483);
#1152=LINE('',#6131,#1484);
#1153=LINE('',#6134,#1485);
#1154=LINE('',#6136,#1486);
#1155=VECTOR('',#3846,1.6129);
#1156=VECTOR('',#3857,10.);
#1157=VECTOR('',#3858,10.);
#1158=VECTOR('',#3859,10.);
#1159=VECTOR('',#3860,10.);
#1160=VECTOR('',#3865,10.);
#1161=VECTOR('',#3866,10.);
#1162=VECTOR('',#3871,10.);
#1163=VECTOR('',#3872,10.);
#1164=VECTOR('',#3877,2.125);
#1165=VECTOR('',#3882,10.);
#1166=VECTOR('',#3883,10.);
#1167=VECTOR('',#3888,10.);
#1168=VECTOR('',#3889,10.);
#1169=VECTOR('',#3892,10.);
#1170=VECTOR('',#3893,10.);
#1171=VECTOR('',#3900,16.25);
#1172=VECTOR('',#3901,16.25);
#1173=VECTOR('',#3908,1.59385);
#1174=VECTOR('',#3927,14.5);
#1175=VECTOR('',#3936,1.59385);
#1176=VECTOR('',#3947,3.);
#1177=VECTOR('',#3954,1.6129);
#1178=VECTOR('',#3961,3.);
#1179=VECTOR('',#3972,1.59385);
#1180=VECTOR('',#3983,3.);
#1181=VECTOR('',#3994,1.25);
#1182=VECTOR('',#3997,1.25);
#1183=VECTOR('',#4004,10.);
#1184=VECTOR('',#4005,10.);
#1185=VECTOR('',#4008,10.);
#1186=VECTOR('',#4009,10.);
#1187=VECTOR('',#4010,10.);
#1188=VECTOR('',#4011,10.);
#1189=VECTOR('',#4012,10.);
#1190=VECTOR('',#4013,10.);
#1191=VECTOR('',#4014,10.);
#1192=VECTOR('',#4015,10.);
#1193=VECTOR('',#4016,10.);
#1194=VECTOR('',#4017,10.);
#1195=VECTOR('',#4018,10.);
#1196=VECTOR('',#4019,10.);
#1197=VECTOR('',#4020,10.);
#1198=VECTOR('',#4021,10.);
#1199=VECTOR('',#4024,10.);
#1200=VECTOR('',#4025,10.);
#1201=VECTOR('',#4026,10.);
#1202=VECTOR('',#4029,10.);
#1203=VECTOR('',#4030,10.);
#1204=VECTOR('',#4031,10.);
#1205=VECTOR('',#4036,10.);
#1206=VECTOR('',#4037,10.);
#1207=VECTOR('',#4040,10.);
#1208=VECTOR('',#4041,10.);
#1209=VECTOR('',#4044,10.);
#1210=VECTOR('',#4045,10.);
#1211=VECTOR('',#4046,10.);
#1212=VECTOR('',#4049,10.);
#1213=VECTOR('',#4050,10.);
#1214=VECTOR('',#4051,10.);
#1215=VECTOR('',#4056,10.);
#1216=VECTOR('',#4057,10.);
#1217=VECTOR('',#4060,10.);
#1218=VECTOR('',#4061,10.);
#1219=VECTOR('',#4064,10.);
#1220=VECTOR('',#4065,10.);
#1221=VECTOR('',#4068,10.);
#1222=VECTOR('',#4069,10.);
#1223=VECTOR('',#4072,10.);
#1224=VECTOR('',#4073,10.);
#1225=VECTOR('',#4074,10.);
#1226=VECTOR('',#4077,10.);
#1227=VECTOR('',#4078,10.);
#1228=VECTOR('',#4079,10.);
#1229=VECTOR('',#4084,10.);
#1230=VECTOR('',#4085,10.);
#1231=VECTOR('',#4086,10.);
#1232=VECTOR('',#4089,10.);
#1233=VECTOR('',#4090,10.);
#1234=VECTOR('',#4091,10.);
#1235=VECTOR('',#4092,10.);
#1236=VECTOR('',#4095,10.);
#1237=VECTOR('',#4096,10.);
#1238=VECTOR('',#4103,10.);
#1239=VECTOR('',#4104,10.);
#1240=VECTOR('',#4105,10.);
#1241=VECTOR('',#4106,10.);
#1242=VECTOR('',#4109,10.);
#1243=VECTOR('',#4110,10.);
#1244=VECTOR('',#4111,10.);
#1245=VECTOR('',#4114,10.);
#1246=VECTOR('',#4115,10.);
#1247=VECTOR('',#4116,10.);
#1248=VECTOR('',#4119,10.);
#1249=VECTOR('',#4120,10.);
#1250=VECTOR('',#4121,10.);
#1251=VECTOR('',#4124,10.);
#1252=VECTOR('',#4125,10.);
#1253=VECTOR('',#4126,10.);
#1254=VECTOR('',#4129,10.);
#1255=VECTOR('',#4130,10.);
#1256=VECTOR('',#4133,10.);
#1257=VECTOR('',#4134,10.);
#1258=VECTOR('',#4135,10.);
#1259=VECTOR('',#4136,10.);
#1260=VECTOR('',#4139,10.);
#1261=VECTOR('',#4140,10.);
#1262=VECTOR('',#4141,10.);
#1263=VECTOR('',#4144,10.);
#1264=VECTOR('',#4145,10.);
#1265=VECTOR('',#4148,10.);
#1266=VECTOR('',#4149,10.);
#1267=VECTOR('',#4152,10.);
#1268=VECTOR('',#4155,10.);
#1269=VECTOR('',#4156,10.);
#1270=VECTOR('',#4159,10.);
#1271=VECTOR('',#4160,10.);
#1272=VECTOR('',#4161,10.);
#1273=VECTOR('',#4164,10.);
#1274=VECTOR('',#4165,10.);
#1275=VECTOR('',#4168,10.);
#1276=VECTOR('',#4169,10.);
#1277=VECTOR('',#4170,10.);
#1278=VECTOR('',#4173,10.);
#1279=VECTOR('',#4174,10.);
#1280=VECTOR('',#4177,10.);
#1281=VECTOR('',#4178,10.);
#1282=VECTOR('',#4181,10.);
#1283=VECTOR('',#4182,10.);
#1284=VECTOR('',#4185,10.);
#1285=VECTOR('',#4186,10.);
#1286=VECTOR('',#4187,10.);
#1287=VECTOR('',#4190,10.);
#1288=VECTOR('',#4193,10.);
#1289=VECTOR('',#4194,10.);
#1290=VECTOR('',#4195,10.);
#1291=VECTOR('',#4198,10.);
#1292=VECTOR('',#4199,10.);
#1293=VECTOR('',#4200,10.);
#1294=VECTOR('',#4203,10.);
#1295=VECTOR('',#4204,10.);
#1296=VECTOR('',#4205,10.);
#1297=VECTOR('',#4208,10.);
#1298=VECTOR('',#4209,10.);
#1299=VECTOR('',#4210,10.);
#1300=VECTOR('',#4213,10.);
#1301=VECTOR('',#4214,10.);
#1302=VECTOR('',#4215,10.);
#1303=VECTOR('',#4216,10.);
#1304=VECTOR('',#4219,10.);
#1305=VECTOR('',#4220,10.);
#1306=VECTOR('',#4221,10.);
#1307=VECTOR('',#4224,10.);
#1308=VECTOR('',#4225,10.);
#1309=VECTOR('',#4226,10.);
#1310=VECTOR('',#4229,10.);
#1311=VECTOR('',#4230,10.);
#1312=VECTOR('',#4231,10.);
#1313=VECTOR('',#4234,10.);
#1314=VECTOR('',#4235,10.);
#1315=VECTOR('',#4238,10.);
#1316=VECTOR('',#4239,10.);
#1317=VECTOR('',#4242,10.);
#1318=VECTOR('',#4243,10.);
#1319=VECTOR('',#4244,10.);
#1320=VECTOR('',#4247,10.);
#1321=VECTOR('',#4248,10.);
#1322=VECTOR('',#4251,10.);
#1323=VECTOR('',#4254,10.);
#1324=VECTOR('',#4255,10.);
#1325=VECTOR('',#4258,10.);
#1326=VECTOR('',#4261,10.);
#1327=VECTOR('',#4262,10.);
#1328=VECTOR('',#4265,10.);
#1329=VECTOR('',#4268,10.);
#1330=VECTOR('',#4269,10.);
#1331=VECTOR('',#4276,10.);
#1332=VECTOR('',#4279,10.);
#1333=VECTOR('',#4282,10.);
#1334=VECTOR('',#4289,10.);
#1335=VECTOR('',#4292,10.);
#1336=VECTOR('',#4293,10.);
#1337=VECTOR('',#4296,10.);
#1338=VECTOR('',#4297,10.);
#1339=VECTOR('',#4298,10.);
#1340=VECTOR('',#4299,10.);
#1341=VECTOR('',#4306,10.);
#1342=VECTOR('',#4307,10.);
#1343=VECTOR('',#4308,10.);
#1344=VECTOR('',#4311,1.05);
#1345=VECTOR('',#4318,1.05);
#1346=VECTOR('',#4325,10.);
#1347=VECTOR('',#4326,10.);
#1348=VECTOR('',#4327,10.);
#1349=VECTOR('',#4330,10.);
#1350=VECTOR('',#4331,10.);
#1351=VECTOR('',#4334,10.);
#1352=VECTOR('',#4335,10.);
#1353=VECTOR('',#4338,10.);
#1354=VECTOR('',#4341,0.9);
#1355=VECTOR('',#4346,10.);
#1356=VECTOR('',#4351,10.);
#1357=VECTOR('',#4352,10.);
#1358=VECTOR('',#4353,10.);
#1359=VECTOR('',#4354,10.);
#1360=VECTOR('',#4357,10.);
#1361=VECTOR('',#4360,10.);
#1362=VECTOR('',#4361,10.);
#1363=VECTOR('',#4364,10.);
#1364=VECTOR('',#4369,10.);
#1365=VECTOR('',#4372,10.);
#1366=VECTOR('',#4375,10.);
#1367=VECTOR('',#4388,1.6129);
#1368=VECTOR('',#4399,19.);
#1369=VECTOR('',#4400,19.);
#1370=VECTOR('',#4407,10.);
#1371=VECTOR('',#4410,1.6002);
#1372=VECTOR('',#4413,1.6002);
#1373=VECTOR('',#4420,1.5875);
#1374=VECTOR('',#4423,10.);
#1375=VECTOR('',#4432,1.5875);
#1376=VECTOR('',#4443,3.);
#1377=VECTOR('',#4450,1.5875);
#1378=VECTOR('',#4461,3.);
#1379=VECTOR('',#4476,10.);
#1380=VECTOR('',#4479,10.);
#1381=VECTOR('',#4482,10.);
#1382=VECTOR('',#4485,10.);
#1383=VECTOR('',#4488,10.);
#1384=VECTOR('',#4491,10.);
#1385=VECTOR('',#4494,10.);
#1386=VECTOR('',#4495,10.);
#1387=VECTOR('',#4504,10.);
#1388=VECTOR('',#4505,10.);
#1389=VECTOR('',#4506,10.);
#1390=VECTOR('',#4513,10.);
#1391=VECTOR('',#4514,10.);
#1392=VECTOR('',#4515,10.);
#1393=VECTOR('',#4516,10.);
#1394=VECTOR('',#4517,10.);
#1395=VECTOR('',#4520,10.);
#1396=VECTOR('',#4523,10.);
#1397=VECTOR('',#4526,10.);
#1398=VECTOR('',#4533,10.);
#1399=VECTOR('',#4540,10.);
#1400=VECTOR('',#4547,10.);
#1401=VECTOR('',#4548,10.);
#1402=VECTOR('',#4549,10.);
#1403=VECTOR('',#4554,10.);
#1404=VECTOR('',#4559,10.);
#1405=VECTOR('',#4560,10.);
#1406=VECTOR('',#4565,10.);
#1407=VECTOR('',#4568,10.);
#1408=VECTOR('',#4573,10.);
#1409=VECTOR('',#4574,10.);
#1410=VECTOR('',#4579,10.);
#1411=VECTOR('',#4580,10.);
#1412=VECTOR('',#4581,10.);
#1413=VECTOR('',#4584,10.);
#1414=VECTOR('',#4585,10.);
#1415=VECTOR('',#4586,10.);
#1416=VECTOR('',#4591,10.);
#1417=VECTOR('',#4592,10.);
#1418=VECTOR('',#4593,10.);
#1419=VECTOR('',#4598,10.);
#1420=VECTOR('',#4599,10.);
#1421=VECTOR('',#4600,10.);
#1422=VECTOR('',#4603,10.);
#1423=VECTOR('',#4604,10.);
#1424=VECTOR('',#4607,10.);
#1425=VECTOR('',#4608,10.);
#1426=VECTOR('',#4611,10.);
#1427=VECTOR('',#4612,10.);
#1428=VECTOR('',#4613,10.);
#1429=VECTOR('',#4614,10.);
#1430=VECTOR('',#4615,10.);
#1431=VECTOR('',#4616,10.);
#1432=VECTOR('',#4619,10.);
#1433=VECTOR('',#4620,10.);
#1434=VECTOR('',#4627,10.);
#1435=VECTOR('',#4634,10.);
#1436=VECTOR('',#4639,10.);
#1437=VECTOR('',#4642,10.);
#1438=VECTOR('',#4657,10.);
#1439=VECTOR('',#4670,10.);
#1440=VECTOR('',#4671,10.);
#1441=VECTOR('',#4672,10.);
#1442=VECTOR('',#4677,10.);
#1443=VECTOR('',#4678,10.);
#1444=VECTOR('',#4683,10.);
#1445=VECTOR('',#4686,10.);
#1446=VECTOR('',#4687,10.);
#1447=VECTOR('',#4688,10.);
#1448=VECTOR('',#4691,10.);
#1449=VECTOR('',#4692,10.);
#1450=VECTOR('',#4695,10.);
#1451=VECTOR('',#4696,10.);
#1452=VECTOR('',#4697,10.);
#1453=VECTOR('',#4700,10.);
#1454=VECTOR('',#4701,10.);
#1455=VECTOR('',#4704,10.);
#1456=VECTOR('',#4705,10.);
#1457=VECTOR('',#4708,10.);
#1458=VECTOR('',#4709,10.);
#1459=VECTOR('',#4710,10.);
#1460=VECTOR('',#4713,10.);
#1461=VECTOR('',#4714,10.);
#1462=VECTOR('',#4717,10.);
#1463=VECTOR('',#4718,10.);
#1464=VECTOR('',#4719,10.);
#1465=VECTOR('',#4722,10.);
#1466=VECTOR('',#4723,10.);
#1467=VECTOR('',#4726,10.);
#1468=VECTOR('',#4727,10.);
#1469=VECTOR('',#4730,10.);
#1470=VECTOR('',#4731,10.);
#1471=VECTOR('',#4734,10.);
#1472=VECTOR('',#4735,10.);
#1473=VECTOR('',#4742,10.);
#1474=VECTOR('',#4747,10.);
#1475=VECTOR('',#4748,10.);
#1476=VECTOR('',#4749,10.);
#1477=VECTOR('',#4756,10.);
#1478=VECTOR('',#4757,10.);
#1479=VECTOR('',#4760,10.);
#1480=VECTOR('',#4761,10.);
#1481=VECTOR('',#4764,10.);
#1482=VECTOR('',#4769,1.05);
#1483=VECTOR('',#4778,1.05);
#1484=VECTOR('',#4785,10.);
#1485=VECTOR('',#4790,1.59385);
#1486=VECTOR('',#4793,1.59385);
#1487=B_SPLINE_CURVE_WITH_KNOTS('',3,(#4804,#4805,#4806,#4807,#4808,#4809,
#4810,#4811,#4812,#4813,#4814,#4815,#4816,#4817,#4818,#4819,#4820,#4821,
#4822,#4823,#4824,#4825,#4826,#4827,#4828,#4829,#4830,#4831,#4832,#4833,
#4834,#4835,#4836,#4837),.UNSPECIFIED.,.T.,.F.,(4,2,2,2,2,2,2,2,2,2,2,2,
2,2,2,2,4),(0.,0.0607988736893099,0.12159774737862,0.182396420246564,0.243195093114507,
0.303993765982451,0.364792438850395,0.425591312539705,0.486390186229015,
0.547189059918325,0.607987933607635,0.668786606475579,0.729585279343523,
0.790383952211466,0.85118262507941,0.91198149876872,0.972780372458031),
 .UNSPECIFIED.);
#1488=B_SPLINE_CURVE_WITH_KNOTS('',3,(#4893,#4894,#4895,#4896,#4897,#4898,
#4899,#4900,#4901,#4902,#4903,#4904,#4905,#4906,#4907,#4908,#4909,#4910),
 .UNSPECIFIED.,.F.,.F.,(4,2,2,2,2,2,2,2,4),(0.240318702498262,0.300398283525629,
0.360477864552995,0.42055763477476,0.480637404996524,0.540717175218289,
0.600796945440053,0.66087652646742,0.720956107494786),.UNSPECIFIED.);
#1489=B_SPLINE_CURVE_WITH_KNOTS('',3,(#4915,#4916,#4917,#4918,#4919,#4920,
#4921,#4922,#4923,#4924),.UNSPECIFIED.,.F.,.F.,(4,2,2,2,4),(0.720956107494786,
0.781035688522152,0.841115269549519,0.901195039771283,0.961274809993048),
 .UNSPECIFIED.);
#1490=B_SPLINE_CURVE_WITH_KNOTS('',3,(#4925,#4926,#4927,#4928,#4929,#4930,
#4931,#4932,#4933,#4934),.UNSPECIFIED.,.F.,.F.,(4,2,2,2,4),(0.,0.0600797702217645,
0.120159540443529,0.180239121470896,0.240318702498262),.UNSPECIFIED.);
#1491=B_SPLINE_CURVE_WITH_KNOTS('',3,(#5414,#5415,#5416,#5417,#5418,#5419,
#5420,#5421,#5422,#5423,#5424,#5425,#5426,#5427,#5428,#5429,#5430,#5431,
#5432,#5433,#5434,#5435,#5436,#5437,#5438,#5439,#5440,#5441,#5442,#5443,
#5444,#5445,#5446,#5447),.UNSPECIFIED.,.T.,.F.,(4,2,2,2,2,2,2,2,2,2,2,2,
2,2,2,2,4),(0.,0.060787246587937,0.121574493175874,0.182361632600169,0.243148772024464,
0.303935911448759,0.364723050873054,0.425510297460991,0.486297544048928,
0.547084790636865,0.607872037224802,0.668659176649097,0.729446316073392,
0.790233455497687,0.851020594921982,0.911807841509919,0.972595088097856),
 .UNSPECIFIED.);
#1492=B_SPLINE_CURVE_WITH_KNOTS('',3,(#5457,#5458,#5459,#5460,#5461,#5462,
#5463,#5464,#5465,#5466),.UNSPECIFIED.,.F.,.F.,(4,2,2,2,4),(0.723696761077859,
0.784004773001632,0.844312784925406,0.904620899847942,0.964929014770479),
 .UNSPECIFIED.);
#1493=B_SPLINE_CURVE_WITH_KNOTS('',3,(#5468,#5469,#5470,#5471,#5472,#5473,
#5474,#5475,#5476,#5477),.UNSPECIFIED.,.F.,.F.,(4,2,2,2,4),(0.,0.0603081149225364,
0.120616229845073,0.180924241768846,0.24123225369262),.UNSPECIFIED.);
#1494=B_SPLINE_CURVE_WITH_KNOTS('',3,(#5481,#5482,#5483,#5484,#5485,#5486,
#5487,#5488,#5489,#5490,#5491,#5492,#5493,#5494,#5495,#5496,#5497,#5498),
 .UNSPECIFIED.,.F.,.F.,(4,2,2,2,2,2,2,2,4),(0.24123225369262,0.301540265616393,
0.361848277540166,0.422156392462703,0.482464507385239,0.542772622307776,
0.603080737230312,0.663388749154086,0.723696761077859),.UNSPECIFIED.);
#1495=B_SPLINE_CURVE_WITH_KNOTS('',3,(#5500,#5501,#5502,#5503,#5504,#5505,
#5506,#5507,#5508,#5509,#5510,#5511,#5512,#5513,#5514,#5515,#5516,#5517,
#5518,#5519,#5520,#5521,#5522,#5523,#5524,#5525,#5526,#5527,#5528,#5529,
#5530,#5531,#5532,#5533),.UNSPECIFIED.,.T.,.F.,(4,2,2,2,2,2,2,2,2,2,2,2,
2,2,2,2,4),(0.,0.0603081149225364,0.120616229845073,0.180924241768846,0.24123225369262,
0.301540265616393,0.361848277540166,0.422156392462703,0.482464507385239,
0.542772622307776,0.603080737230312,0.663388749154086,0.723696761077859,
0.784004773001632,0.844312784925406,0.904620899847942,0.964929014770479),
 .UNSPECIFIED.);
#1496=B_SPLINE_CURVE_WITH_KNOTS('',3,(#5540,#5541,#5542,#5543,#5544,#5545,
#5546,#5547,#5548,#5549,#5550,#5551,#5552,#5553,#5554,#5555,#5556,#5557),
 .UNSPECIFIED.,.F.,.F.,(4,2,2,2,2,2,2,2,4),(0.241209945129515,0.30151239694714,
0.361814848764766,0.422117369511898,0.48241989025903,0.542722411006161,
0.603024931753293,0.663327383570919,0.723629835388544),.UNSPECIFIED.);
#1497=B_SPLINE_CURVE_WITH_KNOTS('',3,(#5559,#5560,#5561,#5562,#5563,#5564,
#5565,#5566,#5567,#5568),.UNSPECIFIED.,.F.,.F.,(4,2,2,2,4),(0.964839780518059,
1.02514230126519,1.08544482201232,1.14574727382995,1.20604972564757),
 .UNSPECIFIED.);
#1498=B_SPLINE_CURVE_WITH_KNOTS('',3,(#5570,#5571,#5572,#5573,#5574,#5575,
#5576,#5577,#5578,#5579),.UNSPECIFIED.,.F.,.F.,(4,2,2,2,4),(0.723629835388544,
0.78393228720617,0.844234739023795,0.904537259770927,0.964839780518059),
 .UNSPECIFIED.);
#1499=B_SPLINE_CURVE_WITH_KNOTS('',3,(#5583,#5584,#5585,#5586,#5587,#5588,
#5589,#5590,#5591,#5592,#5593,#5594,#5595,#5596,#5597,#5598,#5599,#5600),
 .UNSPECIFIED.,.F.,.F.,(4,2,2,2,2,2,2,2,4),(0.241209945129515,0.30151239694714,
0.361814848764766,0.422117369511898,0.48241989025903,0.542722411006161,
0.603024931753293,0.663327383570919,0.723629835388544),.UNSPECIFIED.);
#1500=B_SPLINE_CURVE_WITH_KNOTS('',3,(#5602,#5603,#5604,#5605,#5606,#5607,
#5608,#5609,#5610,#5611),.UNSPECIFIED.,.F.,.F.,(4,2,2,2,4),(0.964839780518059,
1.02514230126519,1.08544482201232,1.14574727382995,1.20604972564757),
 .UNSPECIFIED.);
#1501=B_SPLINE_CURVE_WITH_KNOTS('',3,(#5613,#5614,#5615,#5616,#5617,#5618,
#5619,#5620,#5621,#5622),.UNSPECIFIED.,.F.,.F.,(4,2,2,2,4),(0.723629835388544,
0.78393228720617,0.844234739023795,0.904537259770927,0.964839780518059),
 .UNSPECIFIED.);
#1502=B_SPLINE_CURVE_WITH_KNOTS('',3,(#5628,#5629,#5630,#5631,#5632,#5633,
#5634,#5635,#5636,#5637,#5638,#5639,#5640,#5641,#5642,#5643,#5644,#5645,
#5646,#5647,#5648,#5649,#5650,#5651,#5652,#5653,#5654,#5655,#5656,#5657,
#5658,#5659,#5660,#5661),.UNSPECIFIED.,.T.,.F.,(4,2,2,2,2,2,2,2,2,2,2,2,
2,2,2,2,4),(0.,0.0598235337691341,0.119647067538268,0.179470535076254,0.239294002614239,
0.299117470152225,0.358940937690211,0.418764471459345,0.478588005228479,
0.538411538997613,0.598235072766747,0.658058540304733,0.717882007842718,
0.777705475380704,0.837528942918689,0.897352476687824,0.957176010456958),
 .UNSPECIFIED.);
#1503=B_SPLINE_CURVE_WITH_KNOTS('',3,(#5745,#5746,#5747,#5748),
 .UNSPECIFIED.,.F.,.F.,(4,4),(0.,0.0371947460450037),.UNSPECIFIED.);
#1504=B_SPLINE_CURVE_WITH_KNOTS('',3,(#5750,#5751,#5752,#5753),
 .UNSPECIFIED.,.F.,.F.,(4,4),(0.,0.0371947458886333),.UNSPECIFIED.);
#1505=B_SPLINE_CURVE_WITH_KNOTS('',3,(#5758,#5759,#5760,#5761),
 .UNSPECIFIED.,.F.,.F.,(4,4),(0.,0.0371947460443057),.UNSPECIFIED.);
#1506=B_SPLINE_CURVE_WITH_KNOTS('',3,(#5811,#5812,#5813,#5814),
 .UNSPECIFIED.,.F.,.F.,(4,4),(-0.0358903795579905,0.),.UNSPECIFIED.);
#1507=B_SPLINE_CURVE_WITH_KNOTS('',3,(#5817,#5818,#5819,#5820),
 .UNSPECIFIED.,.F.,.F.,(4,4),(-0.0358903795538924,0.),.UNSPECIFIED.);
#1508=B_SPLINE_CURVE_WITH_KNOTS('',3,(#5825,#5826,#5827,#5828),
 .UNSPECIFIED.,.F.,.F.,(4,4),(-0.0358903795499147,0.),.UNSPECIFIED.);
#1509=B_SPLINE_CURVE_WITH_KNOTS('',3,(#5832,#5833,#5834,#5835),
 .UNSPECIFIED.,.F.,.F.,(4,4),(-0.03589037955763,0.),.UNSPECIFIED.);
#1510=B_SPLINE_CURVE_WITH_KNOTS('',3,(#5936,#5937,#5938,#5939),
 .UNSPECIFIED.,.F.,.F.,(4,4),(-0.0358903795558275,0.),.UNSPECIFIED.);
#1511=B_SPLINE_CURVE_WITH_KNOTS('',3,(#5940,#5941,#5942,#5943),
 .UNSPECIFIED.,.F.,.F.,(4,4),(-0.0358903795582742,0.),.UNSPECIFIED.);
#1512=B_SPLINE_CURVE_WITH_KNOTS('',3,(#5947,#5948,#5949,#5950),
 .UNSPECIFIED.,.F.,.F.,(4,4),(-0.0358903795577911,0.),.UNSPECIFIED.);
#1513=B_SPLINE_CURVE_WITH_KNOTS('',3,(#5954,#5955,#5956,#5957),
 .UNSPECIFIED.,.F.,.F.,(4,4),(-0.0358903795561513,0.),.UNSPECIFIED.);
#1514=B_SPLINE_CURVE_WITH_KNOTS('',3,(#5970,#5971,#5972,#5973),
 .UNSPECIFIED.,.F.,.F.,(4,4),(0.,0.0371947460419965),.UNSPECIFIED.);
#1515=B_SPLINE_CURVE_WITH_KNOTS('',3,(#5975,#5976,#5977,#5978),
 .UNSPECIFIED.,.F.,.F.,(4,4),(0.,0.037194746044216),.UNSPECIFIED.);
#1516=B_SPLINE_CURVE_WITH_KNOTS('',3,(#5980,#5981,#5982,#5983),
 .UNSPECIFIED.,.F.,.F.,(4,4),(0.,0.0371947460434009),.UNSPECIFIED.);
#1517=B_SPLINE_CURVE_WITH_KNOTS('',3,(#5985,#5986,#5987,#5988),
 .UNSPECIFIED.,.F.,.F.,(4,4),(0.,0.0371947460451175),.UNSPECIFIED.);
#1518=B_SPLINE_CURVE_WITH_KNOTS('',3,(#5994,#5995,#5996,#5997),
 .UNSPECIFIED.,.F.,.F.,(4,4),(0.,0.0371947460439021),.UNSPECIFIED.);
#1519=B_SPLINE_CURVE_WITH_KNOTS('',3,(#6000,#6001,#6002,#6003),
 .UNSPECIFIED.,.F.,.F.,(4,4),(-0.0461039814576952,0.),.UNSPECIFIED.);
#1520=B_SPLINE_CURVE_WITH_KNOTS('',3,(#6011,#6012,#6013,#6014),
 .UNSPECIFIED.,.F.,.F.,(4,4),(0.,0.0355836709212132),.UNSPECIFIED.);
#1521=B_SPLINE_CURVE_WITH_KNOTS('',3,(#6017,#6018,#6019,#6020),
 .UNSPECIFIED.,.F.,.F.,(4,4),(-0.0355201398170665,0.),.UNSPECIFIED.);
#1522=B_SPLINE_CURVE_WITH_KNOTS('',3,(#6048,#6049,#6050,#6051),
 .UNSPECIFIED.,.F.,.F.,(4,4),(0.,0.0354296681258975),.UNSPECIFIED.);
#1523=VERTEX_POINT('',#4803);
#1524=VERTEX_POINT('',#4838);
#1525=VERTEX_POINT('',#4843);
#1526=VERTEX_POINT('',#4846);
#1527=VERTEX_POINT('',#4847);
#1528=VERTEX_POINT('',#4849);
#1529=VERTEX_POINT('',#4851);
#1530=VERTEX_POINT('',#4855);
#1531=VERTEX_POINT('',#4857);
#1532=VERTEX_POINT('',#4861);
#1533=VERTEX_POINT('',#4863);
#1534=VERTEX_POINT('',#4867);
#1535=VERTEX_POINT('',#4871);
#1536=VERTEX_POINT('',#4873);
#1537=VERTEX_POINT('',#4877);
#1538=VERTEX_POINT('',#4879);
#1539=VERTEX_POINT('',#4887);
#1540=VERTEX_POINT('',#4888);
#1541=VERTEX_POINT('',#4890);
#1542=VERTEX_POINT('',#4892);
#1543=VERTEX_POINT('',#4911);
#1544=VERTEX_POINT('',#4914);
#1545=VERTEX_POINT('',#4937);
#1546=VERTEX_POINT('',#4942);
#1547=VERTEX_POINT('',#4947);
#1548=VERTEX_POINT('',#4950);
#1549=VERTEX_POINT('',#4955);
#1550=VERTEX_POINT('',#4957);
#1551=VERTEX_POINT('',#4961);
#1552=VERTEX_POINT('',#4964);
#1553=VERTEX_POINT('',#4969);
#1554=VERTEX_POINT('',#4971);
#1555=VERTEX_POINT('',#4975);
#1556=VERTEX_POINT('',#4977);
#1557=VERTEX_POINT('',#4983);
#1558=VERTEX_POINT('',#4985);
#1559=VERTEX_POINT('',#4989);
#1560=VERTEX_POINT('',#4992);
#1561=VERTEX_POINT('',#4999);
#1562=VERTEX_POINT('',#5000);
#1563=VERTEX_POINT('',#5002);
#1564=VERTEX_POINT('',#5004);
#1565=VERTEX_POINT('',#5006);
#1566=VERTEX_POINT('',#5008);
#1567=VERTEX_POINT('',#5012);
#1568=VERTEX_POINT('',#5014);
#1569=VERTEX_POINT('',#5016);
#1570=VERTEX_POINT('',#5018);
#1571=VERTEX_POINT('',#5020);
#1572=VERTEX_POINT('',#5022);
#1573=VERTEX_POINT('',#5024);
#1574=VERTEX_POINT('',#5026);
#1575=VERTEX_POINT('',#5028);
#1576=VERTEX_POINT('',#5030);
#1577=VERTEX_POINT('',#5032);
#1578=VERTEX_POINT('',#5034);
#1579=VERTEX_POINT('',#5036);
#1580=VERTEX_POINT('',#5038);
#1581=VERTEX_POINT('',#5040);
#1582=VERTEX_POINT('',#5042);
#1583=VERTEX_POINT('',#5046);
#1584=VERTEX_POINT('',#5047);
#1585=VERTEX_POINT('',#5049);
#1586=VERTEX_POINT('',#5053);
#1587=VERTEX_POINT('',#5054);
#1588=VERTEX_POINT('',#5056);
#1589=VERTEX_POINT('',#5060);
#1590=VERTEX_POINT('',#5061);
#1591=VERTEX_POINT('',#5069);
#1592=VERTEX_POINT('',#5070);
#1593=VERTEX_POINT('',#5072);
#1594=VERTEX_POINT('',#5076);
#1595=VERTEX_POINT('',#5077);
#1596=VERTEX_POINT('',#5079);
#1597=VERTEX_POINT('',#5083);
#1598=VERTEX_POINT('',#5084);
#1599=VERTEX_POINT('',#5098);
#1600=VERTEX_POINT('',#5099);
#1601=VERTEX_POINT('',#5104);
#1602=VERTEX_POINT('',#5105);
#1603=VERTEX_POINT('',#5110);
#1604=VERTEX_POINT('',#5112);
#1605=VERTEX_POINT('',#5114);
#1606=VERTEX_POINT('',#5117);
#1607=VERTEX_POINT('',#5119);
#1608=VERTEX_POINT('',#5121);
#1609=VERTEX_POINT('',#5123);
#1610=VERTEX_POINT('',#5127);
#1611=VERTEX_POINT('',#5130);
#1612=VERTEX_POINT('',#5134);
#1613=VERTEX_POINT('',#5135);
#1614=VERTEX_POINT('',#5137);
#1615=VERTEX_POINT('',#5142);
#1616=VERTEX_POINT('',#5143);
#1617=VERTEX_POINT('',#5145);
#1618=VERTEX_POINT('',#5149);
#1619=VERTEX_POINT('',#5154);
#1620=VERTEX_POINT('',#5156);
#1621=VERTEX_POINT('',#5160);
#1622=VERTEX_POINT('',#5161);
#1623=VERTEX_POINT('',#5163);
#1624=VERTEX_POINT('',#5170);
#1625=VERTEX_POINT('',#5171);
#1626=VERTEX_POINT('',#5173);
#1627=VERTEX_POINT('',#5175);
#1628=VERTEX_POINT('',#5179);
#1629=VERTEX_POINT('',#5181);
#1630=VERTEX_POINT('',#5193);
#1631=VERTEX_POINT('',#5197);
#1632=VERTEX_POINT('',#5199);
#1633=VERTEX_POINT('',#5203);
#1634=VERTEX_POINT('',#5207);
#1635=VERTEX_POINT('',#5209);
#1636=VERTEX_POINT('',#5216);
#1637=VERTEX_POINT('',#5220);
#1638=VERTEX_POINT('',#5224);
#1639=VERTEX_POINT('',#5226);
#1640=VERTEX_POINT('',#5232);
#1641=VERTEX_POINT('',#5233);
#1642=VERTEX_POINT('',#5235);
#1643=VERTEX_POINT('',#5239);
#1644=VERTEX_POINT('',#5244);
#1645=VERTEX_POINT('',#5246);
#1646=VERTEX_POINT('',#5250);
#1647=VERTEX_POINT('',#5251);
#1648=VERTEX_POINT('',#5256);
#1649=VERTEX_POINT('',#5258);
#1650=VERTEX_POINT('',#5260);
#1651=VERTEX_POINT('',#5264);
#1652=VERTEX_POINT('',#5266);
#1653=VERTEX_POINT('',#5270);
#1654=VERTEX_POINT('',#5272);
#1655=VERTEX_POINT('',#5276);
#1656=VERTEX_POINT('',#5277);
#1657=VERTEX_POINT('',#5279);
#1658=VERTEX_POINT('',#5289);
#1659=VERTEX_POINT('',#5291);
#1660=VERTEX_POINT('',#5300);
#1661=VERTEX_POINT('',#5322);
#1662=VERTEX_POINT('',#5330);
#1663=VERTEX_POINT('',#5331);
#1664=VERTEX_POINT('',#5333);
#1665=VERTEX_POINT('',#5335);
#1666=VERTEX_POINT('',#5339);
#1667=VERTEX_POINT('',#5342);
#1668=VERTEX_POINT('',#5344);
#1669=VERTEX_POINT('',#5348);
#1670=VERTEX_POINT('',#5353);
#1671=VERTEX_POINT('',#5358);
#1672=VERTEX_POINT('',#5359);
#1673=VERTEX_POINT('',#5364);
#1674=VERTEX_POINT('',#5368);
#1675=VERTEX_POINT('',#5374);
#1676=VERTEX_POINT('',#5380);
#1677=VERTEX_POINT('',#5382);
#1678=VERTEX_POINT('',#5384);
#1679=VERTEX_POINT('',#5386);
#1680=VERTEX_POINT('',#5388);
#1681=VERTEX_POINT('',#5393);
#1682=VERTEX_POINT('',#5410);
#1683=VERTEX_POINT('',#5412);
#1684=VERTEX_POINT('',#5450);
#1685=VERTEX_POINT('',#5454);
#1686=VERTEX_POINT('',#5456);
#1687=VERTEX_POINT('',#5467);
#1688=VERTEX_POINT('',#5478);
#1689=VERTEX_POINT('',#5499);
#1690=VERTEX_POINT('',#5538);
#1691=VERTEX_POINT('',#5539);
#1692=VERTEX_POINT('',#5558);
#1693=VERTEX_POINT('',#5581);
#1694=VERTEX_POINT('',#5582);
#1695=VERTEX_POINT('',#5601);
#1696=VERTEX_POINT('',#5624);
#1697=VERTEX_POINT('',#5627);
#1698=VERTEX_POINT('',#5668);
#1699=VERTEX_POINT('',#5670);
#1700=VERTEX_POINT('',#5674);
#1701=VERTEX_POINT('',#5677);
#1702=VERTEX_POINT('',#5682);
#1703=VERTEX_POINT('',#5684);
#1704=VERTEX_POINT('',#5688);
#1705=VERTEX_POINT('',#5691);
#1706=VERTEX_POINT('',#5698);
#1707=VERTEX_POINT('',#5699);
#1708=VERTEX_POINT('',#5703);
#1709=VERTEX_POINT('',#5705);
#1710=VERTEX_POINT('',#5709);
#1711=VERTEX_POINT('',#5713);
#1712=VERTEX_POINT('',#5719);
#1713=VERTEX_POINT('',#5721);
#1714=VERTEX_POINT('',#5723);
#1715=VERTEX_POINT('',#5725);
#1716=VERTEX_POINT('',#5727);
#1717=VERTEX_POINT('',#5729);
#1718=VERTEX_POINT('',#5731);
#1719=VERTEX_POINT('',#5733);
#1720=VERTEX_POINT('',#5735);
#1721=VERTEX_POINT('',#5737);
#1722=VERTEX_POINT('',#5741);
#1723=VERTEX_POINT('',#5742);
#1724=VERTEX_POINT('',#5744);
#1725=VERTEX_POINT('',#5755);
#1726=VERTEX_POINT('',#5757);
#1727=VERTEX_POINT('',#5764);
#1728=VERTEX_POINT('',#5766);
#1729=VERTEX_POINT('',#5770);
#1730=VERTEX_POINT('',#5774);
#1731=VERTEX_POINT('',#5780);
#1732=VERTEX_POINT('',#5783);
#1733=VERTEX_POINT('',#5785);
#1734=VERTEX_POINT('',#5787);
#1735=VERTEX_POINT('',#5789);
#1736=VERTEX_POINT('',#5791);
#1737=VERTEX_POINT('',#5793);
#1738=VERTEX_POINT('',#5795);
#1739=VERTEX_POINT('',#5797);
#1740=VERTEX_POINT('',#5801);
#1741=VERTEX_POINT('',#5802);
#1742=VERTEX_POINT('',#5804);
#1743=VERTEX_POINT('',#5816);
#1744=VERTEX_POINT('',#5823);
#1745=VERTEX_POINT('',#5830);
#1746=VERTEX_POINT('',#5837);
#1747=VERTEX_POINT('',#5843);
#1748=VERTEX_POINT('',#5845);
#1749=VERTEX_POINT('',#5848);
#1750=VERTEX_POINT('',#5851);
#1751=VERTEX_POINT('',#5855);
#1752=VERTEX_POINT('',#5858);
#1753=VERTEX_POINT('',#5861);
#1754=VERTEX_POINT('',#5864);
#1755=VERTEX_POINT('',#5868);
#1756=VERTEX_POINT('',#5871);
#1757=VERTEX_POINT('',#5874);
#1758=VERTEX_POINT('',#5876);
#1759=VERTEX_POINT('',#5881);
#1760=VERTEX_POINT('',#5884);
#1761=VERTEX_POINT('',#5887);
#1762=VERTEX_POINT('',#5889);
#1763=VERTEX_POINT('',#5893);
#1764=VERTEX_POINT('',#5896);
#1765=VERTEX_POINT('',#5899);
#1766=VERTEX_POINT('',#5901);
#1767=VERTEX_POINT('',#5905);
#1768=VERTEX_POINT('',#5909);
#1769=VERTEX_POINT('',#5913);
#1770=VERTEX_POINT('',#5915);
#1771=VERTEX_POINT('',#5917);
#1772=VERTEX_POINT('',#5919);
#1773=VERTEX_POINT('',#5921);
#1774=VERTEX_POINT('',#5925);
#1775=VERTEX_POINT('',#5929);
#1776=VERTEX_POINT('',#5933);
#1777=VERTEX_POINT('',#5934);
#1778=VERTEX_POINT('',#5945);
#1779=VERTEX_POINT('',#5952);
#1780=VERTEX_POINT('',#5961);
#1781=VERTEX_POINT('',#5962);
#1782=VERTEX_POINT('',#5964);
#1783=VERTEX_POINT('',#5966);
#1784=VERTEX_POINT('',#5992);
#1785=VERTEX_POINT('',#6006);
#1786=VERTEX_POINT('',#6010);
#1787=VERTEX_POINT('',#6015);
#1788=VERTEX_POINT('',#6022);
#1789=VERTEX_POINT('',#6028);
#1790=VERTEX_POINT('',#6038);
#1791=VERTEX_POINT('',#6039);
#1792=VERTEX_POINT('',#6041);
#1793=VERTEX_POINT('',#6046);
#1794=VERTEX_POINT('',#6053);
#1795=VERTEX_POINT('',#6054);
#1796=VERTEX_POINT('',#6056);
#1797=VERTEX_POINT('',#6066);
#1798=VERTEX_POINT('',#6067);
#1799=VERTEX_POINT('',#6069);
#1800=VERTEX_POINT('',#6076);
#1801=VERTEX_POINT('',#6077);
#1802=VERTEX_POINT('',#6079);
#1803=VERTEX_POINT('',#6100);
#1804=VERTEX_POINT('',#6102);
#1805=VERTEX_POINT('',#6106);
#1806=VERTEX_POINT('',#6109);
#1807=VERTEX_POINT('',#6113);
#1808=VERTEX_POINT('',#6120);
#1809=VERTEX_POINT('',#6126);
#1810=EDGE_CURVE('',#1523,#1523,#1487,.T.);
#1811=EDGE_CURVE('',#1523,#1524,#823,.T.);
#1812=EDGE_CURVE('',#1524,#1524,#737,.T.);
#1813=EDGE_CURVE('',#1525,#1525,#738,.T.);
#1814=EDGE_CURVE('',#1526,#1527,#824,.T.);
#1815=EDGE_CURVE('',#1526,#1528,#825,.T.);
#1816=EDGE_CURVE('',#1529,#1528,#826,.T.);
#1817=EDGE_CURVE('',#1527,#1529,#827,.T.);
#1818=EDGE_CURVE('',#1530,#1526,#114,.T.);
#1819=EDGE_CURVE('',#1530,#1531,#828,.T.);
#1820=EDGE_CURVE('',#1528,#1531,#829,.T.);
#1821=EDGE_CURVE('',#1532,#1530,#115,.T.);
#1822=EDGE_CURVE('',#1533,#1532,#830,.T.);
#1823=EDGE_CURVE('',#1531,#1533,#831,.T.);
#1824=EDGE_CURVE('',#1534,#1534,#739,.T.);
#1825=EDGE_CURVE('',#1534,#1525,#832,.T.);
#1826=EDGE_CURVE('',#1527,#1535,#116,.T.);
#1827=EDGE_CURVE('',#1536,#1529,#833,.T.);
#1828=EDGE_CURVE('',#1535,#1536,#834,.T.);
#1829=EDGE_CURVE('',#1535,#1537,#117,.T.);
#1830=EDGE_CURVE('',#1538,#1536,#835,.T.);
#1831=EDGE_CURVE('',#1537,#1538,#836,.T.);
#1832=EDGE_CURVE('',#1537,#1532,#837,.T.);
#1833=EDGE_CURVE('',#1533,#1538,#838,.T.);
#1834=EDGE_CURVE('',#1539,#1540,#740,.T.);
#1835=EDGE_CURVE('',#1539,#1541,#839,.T.);
#1836=EDGE_CURVE('',#1541,#1542,#1488,.T.);
#1837=EDGE_CURVE('',#1542,#1543,#840,.T.);
#1838=EDGE_CURVE('',#1543,#1543,#741,.T.);
#1839=EDGE_CURVE('',#1542,#1544,#1489,.T.);
#1840=EDGE_CURVE('',#1544,#1541,#1490,.T.);
#1841=EDGE_CURVE('',#1540,#1539,#742,.T.);
#1842=EDGE_CURVE('',#1541,#1545,#841,.T.);
#1843=EDGE_CURVE('',#1545,#1545,#743,.T.);
#1844=EDGE_CURVE('',#1546,#1546,#744,.T.);
#1845=EDGE_CURVE('',#1546,#1540,#745,.T.);
#1846=EDGE_CURVE('',#1547,#1547,#746,.T.);
#1847=EDGE_CURVE('',#1547,#1548,#842,.T.);
#1848=EDGE_CURVE('',#1548,#1548,#747,.T.);
#1849=EDGE_CURVE('',#1549,#1549,#748,.T.);
#1850=EDGE_CURVE('',#1549,#1550,#843,.T.);
#1851=EDGE_CURVE('',#1550,#1550,#749,.T.);
#1852=EDGE_CURVE('',#1551,#1551,#750,.T.);
#1853=EDGE_CURVE('',#1552,#1552,#751,.T.);
#1854=EDGE_CURVE('',#1552,#1551,#844,.T.);
#1855=EDGE_CURVE('',#1553,#1553,#752,.T.);
#1856=EDGE_CURVE('',#1553,#1554,#845,.T.);
#1857=EDGE_CURVE('',#1554,#1554,#753,.T.);
#1858=EDGE_CURVE('',#1555,#1555,#754,.T.);
#1859=EDGE_CURVE('',#1555,#1556,#846,.T.);
#1860=EDGE_CURVE('',#1556,#1556,#755,.T.);
#1861=EDGE_CURVE('',#1557,#1557,#756,.T.);
#1862=EDGE_CURVE('',#1557,#1558,#847,.T.);
#1863=EDGE_CURVE('',#1558,#1558,#757,.T.);
#1864=EDGE_CURVE('',#1559,#1559,#758,.T.);
#1865=EDGE_CURVE('',#1560,#1560,#759,.T.);
#1866=EDGE_CURVE('',#1560,#1559,#848,.T.);
#1867=EDGE_CURVE('',#1561,#1562,#760,.T.);
#1868=EDGE_CURVE('',#1562,#1563,#849,.T.);
#1869=EDGE_CURVE('',#1564,#1563,#761,.F.);
#1870=EDGE_CURVE('',#1564,#1565,#850,.T.);
#1871=EDGE_CURVE('',#1565,#1566,#118,.T.);
#1872=EDGE_CURVE('',#1566,#1561,#119,.T.);
#1873=EDGE_CURVE('',#1567,#1565,#851,.T.);
#1874=EDGE_CURVE('',#1564,#1568,#852,.T.);
#1875=EDGE_CURVE('',#1568,#1569,#762,.T.);
#1876=EDGE_CURVE('',#1569,#1570,#853,.T.);
#1877=EDGE_CURVE('',#1571,#1570,#854,.T.);
#1878=EDGE_CURVE('',#1572,#1571,#855,.T.);
#1879=EDGE_CURVE('',#1573,#1572,#856,.T.);
#1880=EDGE_CURVE('',#1573,#1574,#857,.T.);
#1881=EDGE_CURVE('',#1575,#1574,#858,.T.);
#1882=EDGE_CURVE('',#1576,#1575,#859,.T.);
#1883=EDGE_CURVE('',#1576,#1577,#860,.T.);
#1884=EDGE_CURVE('',#1578,#1577,#861,.T.);
#1885=EDGE_CURVE('',#1579,#1578,#862,.T.);
#1886=EDGE_CURVE('',#1580,#1579,#863,.T.);
#1887=EDGE_CURVE('',#1581,#1580,#864,.T.);
#1888=EDGE_CURVE('',#1582,#1581,#865,.T.);
#1889=EDGE_CURVE('',#1582,#1567,#866,.T.);
#1890=EDGE_CURVE('',#1583,#1584,#867,.T.);
#1891=EDGE_CURVE('',#1585,#1583,#868,.T.);
#1892=EDGE_CURVE('',#1584,#1585,#869,.T.);
#1893=EDGE_CURVE('',#1586,#1587,#870,.T.);
#1894=EDGE_CURVE('',#1588,#1586,#871,.T.);
#1895=EDGE_CURVE('',#1587,#1588,#872,.T.);
#1896=EDGE_CURVE('',#1589,#1590,#120,.F.);
#1897=EDGE_CURVE('',#1590,#1588,#873,.T.);
#1898=EDGE_CURVE('',#1586,#1589,#874,.T.);
#1899=EDGE_CURVE('',#1583,#1587,#875,.T.);
#1900=EDGE_CURVE('',#1588,#1585,#876,.T.);
#1901=EDGE_CURVE('',#1591,#1592,#877,.T.);
#1902=EDGE_CURVE('',#1593,#1591,#878,.T.);
#1903=EDGE_CURVE('',#1592,#1593,#879,.T.);
#1904=EDGE_CURVE('',#1594,#1595,#880,.T.);
#1905=EDGE_CURVE('',#1596,#1594,#881,.T.);
#1906=EDGE_CURVE('',#1595,#1596,#882,.T.);
#1907=EDGE_CURVE('',#1597,#1598,#121,.F.);
#1908=EDGE_CURVE('',#1598,#1596,#883,.T.);
#1909=EDGE_CURVE('',#1594,#1597,#884,.T.);
#1910=EDGE_CURVE('',#1587,#1595,#885,.T.);
#1911=EDGE_CURVE('',#1596,#1586,#886,.T.);
#1912=EDGE_CURVE('',#1591,#1594,#887,.T.);
#1913=EDGE_CURVE('',#1595,#1593,#888,.T.);
#1914=EDGE_CURVE('',#1584,#1592,#889,.T.);
#1915=EDGE_CURVE('',#1593,#1583,#890,.T.);
#1916=EDGE_CURVE('',#1599,#1600,#891,.F.);
#1917=EDGE_CURVE('',#1600,#1591,#892,.T.);
#1918=EDGE_CURVE('',#1592,#1599,#893,.T.);
#1919=EDGE_CURVE('',#1601,#1602,#894,.F.);
#1920=EDGE_CURVE('',#1602,#1584,#895,.T.);
#1921=EDGE_CURVE('',#1585,#1601,#896,.T.);
#1922=EDGE_CURVE('',#1603,#1597,#763,.T.);
#1923=EDGE_CURVE('',#1604,#1600,#897,.T.);
#1924=EDGE_CURVE('',#1605,#1604,#898,.T.);
#1925=EDGE_CURVE('',#1568,#1605,#899,.T.);
#1926=EDGE_CURVE('',#1563,#1606,#764,.T.);
#1927=EDGE_CURVE('',#1606,#1607,#900,.T.);
#1928=EDGE_CURVE('',#1607,#1608,#901,.T.);
#1929=EDGE_CURVE('',#1609,#1608,#902,.T.);
#1930=EDGE_CURVE('',#1603,#1609,#903,.T.);
#1931=EDGE_CURVE('',#1610,#1602,#904,.T.);
#1932=EDGE_CURVE('',#1599,#1610,#905,.F.);
#1933=EDGE_CURVE('',#1611,#1611,#765,.T.);
#1934=EDGE_CURVE('',#1612,#1613,#906,.T.);
#1935=EDGE_CURVE('',#1613,#1614,#907,.T.);
#1936=EDGE_CURVE('',#1614,#1576,#908,.T.);
#1937=EDGE_CURVE('',#1576,#1612,#909,.T.);
#1938=EDGE_CURVE('',#1615,#1616,#910,.T.);
#1939=EDGE_CURVE('',#1617,#1615,#911,.T.);
#1940=EDGE_CURVE('',#1616,#1617,#912,.T.);
#1941=EDGE_CURVE('',#1618,#1617,#913,.T.);
#1942=EDGE_CURVE('',#1615,#1573,#914,.T.);
#1943=EDGE_CURVE('',#1573,#1618,#915,.T.);
#1944=EDGE_CURVE('',#1619,#1572,#916,.T.);
#1945=EDGE_CURVE('',#1620,#1619,#917,.T.);
#1946=EDGE_CURVE('',#1572,#1620,#918,.T.);
#1947=EDGE_CURVE('',#1621,#1622,#919,.T.);
#1948=EDGE_CURVE('',#1623,#1621,#920,.T.);
#1949=EDGE_CURVE('',#1622,#1623,#921,.T.);
#1950=EDGE_CURVE('',#1621,#1620,#922,.T.);
#1951=EDGE_CURVE('',#1619,#1623,#923,.T.);
#1952=EDGE_CURVE('',#1624,#1625,#924,.T.);
#1953=EDGE_CURVE('',#1625,#1626,#925,.T.);
#1954=EDGE_CURVE('',#1626,#1627,#926,.T.);
#1955=EDGE_CURVE('',#1627,#1624,#927,.T.);
#1956=EDGE_CURVE('',#1628,#1624,#928,.T.);
#1957=EDGE_CURVE('',#1627,#1629,#929,.T.);
#1958=EDGE_CURVE('',#1629,#1628,#930,.T.);
#1959=EDGE_CURVE('',#1629,#1622,#931,.T.);
#1960=EDGE_CURVE('',#1623,#1628,#932,.T.);
#1961=EDGE_CURVE('',#1622,#1616,#933,.T.);
#1962=EDGE_CURVE('',#1617,#1621,#934,.T.);
#1963=EDGE_CURVE('',#1620,#1618,#935,.T.);
#1964=EDGE_CURVE('',#1630,#1619,#936,.T.);
#1965=EDGE_CURVE('',#1571,#1630,#937,.T.);
#1966=EDGE_CURVE('',#1631,#1615,#938,.T.);
#1967=EDGE_CURVE('',#1616,#1632,#939,.T.);
#1968=EDGE_CURVE('',#1632,#1631,#940,.T.);
#1969=EDGE_CURVE('',#1570,#1633,#941,.F.);
#1970=EDGE_CURVE('',#1633,#1630,#942,.T.);
#1971=EDGE_CURVE('',#1634,#1631,#943,.T.);
#1972=EDGE_CURVE('',#1632,#1635,#944,.T.);
#1973=EDGE_CURVE('',#1635,#1634,#945,.T.);
#1974=EDGE_CURVE('',#1613,#1634,#946,.T.);
#1975=EDGE_CURVE('',#1635,#1614,#947,.T.);
#1976=EDGE_CURVE('',#1636,#1612,#948,.T.);
#1977=EDGE_CURVE('',#1575,#1636,#949,.T.);
#1978=EDGE_CURVE('',#1574,#1637,#950,.F.);
#1979=EDGE_CURVE('',#1637,#1636,#951,.T.);
#1980=EDGE_CURVE('',#1604,#1638,#952,.T.);
#1981=EDGE_CURVE('',#1639,#1604,#953,.T.);
#1982=EDGE_CURVE('',#1638,#1639,#954,.T.);
#1983=EDGE_CURVE('',#1610,#1639,#955,.T.);
#1984=EDGE_CURVE('',#1640,#1641,#956,.T.);
#1985=EDGE_CURVE('',#1642,#1640,#957,.T.);
#1986=EDGE_CURVE('',#1641,#1642,#958,.T.);
#1987=EDGE_CURVE('',#1643,#1642,#959,.T.);
#1988=EDGE_CURVE('',#1640,#1582,#960,.T.);
#1989=EDGE_CURVE('',#1582,#1643,#961,.T.);
#1990=EDGE_CURVE('',#1644,#1581,#962,.T.);
#1991=EDGE_CURVE('',#1580,#1645,#963,.T.);
#1992=EDGE_CURVE('',#1645,#1644,#964,.T.);
#1993=EDGE_CURVE('',#1646,#1647,#965,.T.);
#1994=EDGE_CURVE('',#1647,#1641,#966,.T.);
#1995=EDGE_CURVE('',#1642,#1646,#967,.T.);
#1996=EDGE_CURVE('',#1577,#1648,#968,.T.);
#1997=EDGE_CURVE('',#1648,#1649,#969,.T.);
#1998=EDGE_CURVE('',#1649,#1650,#970,.T.);
#1999=EDGE_CURVE('',#1650,#1577,#971,.T.);
#2000=EDGE_CURVE('',#1651,#1579,#972,.T.);
#2001=EDGE_CURVE('',#1652,#1651,#973,.T.);
#2002=EDGE_CURVE('',#1579,#1652,#974,.T.);
#2003=EDGE_CURVE('',#1648,#1653,#975,.T.);
#2004=EDGE_CURVE('',#1653,#1654,#976,.T.);
#2005=EDGE_CURVE('',#1654,#1649,#977,.T.);
#2006=EDGE_CURVE('',#1655,#1656,#978,.T.);
#2007=EDGE_CURVE('',#1657,#1655,#979,.T.);
#2008=EDGE_CURVE('',#1656,#1657,#980,.T.);
#2009=EDGE_CURVE('',#1655,#1652,#981,.T.);
#2010=EDGE_CURVE('',#1651,#1657,#982,.T.);
#2011=EDGE_CURVE('',#1653,#1656,#983,.T.);
#2012=EDGE_CURVE('',#1657,#1654,#984,.T.);
#2013=EDGE_CURVE('',#1658,#1655,#985,.T.);
#2014=EDGE_CURVE('',#1656,#1659,#986,.T.);
#2015=EDGE_CURVE('',#1659,#1658,#987,.T.);
#2016=EDGE_CURVE('',#1646,#1658,#988,.T.);
#2017=EDGE_CURVE('',#1659,#1647,#989,.T.);
#2018=EDGE_CURVE('',#1652,#1645,#990,.T.);
#2019=EDGE_CURVE('',#1660,#1651,#991,.T.);
#2020=EDGE_CURVE('',#1578,#1660,#992,.T.);
#2021=EDGE_CURVE('',#1650,#1660,#993,.T.);
#2022=EDGE_CURVE('',#1641,#1638,#994,.T.);
#2023=EDGE_CURVE('',#1639,#1640,#995,.T.);
#2024=EDGE_CURVE('',#1644,#1643,#996,.T.);
#2025=EDGE_CURVE('',#1626,#1605,#997,.T.);
#2026=EDGE_CURVE('',#1638,#1626,#998,.T.);
#2027=EDGE_CURVE('',#1625,#1605,#766,.T.);
#2028=EDGE_CURVE('',#1636,#1634,#999,.T.);
#2029=EDGE_CURVE('',#1637,#1631,#1000,.T.);
#2030=EDGE_CURVE('',#1648,#1614,#1001,.T.);
#2031=EDGE_CURVE('',#1661,#1661,#767,.T.);
#2032=EDGE_CURVE('',#1660,#1654,#1002,.T.);
#2033=EDGE_CURVE('',#1645,#1658,#1003,.T.);
#2034=EDGE_CURVE('',#1644,#1646,#1004,.T.);
#2035=EDGE_CURVE('',#1662,#1663,#1005,.T.);
#2036=EDGE_CURVE('',#1663,#1664,#1006,.T.);
#2037=EDGE_CURVE('',#1664,#1665,#1007,.T.);
#2038=EDGE_CURVE('',#1665,#1662,#1008,.T.);
#2039=EDGE_CURVE('',#1666,#1666,#768,.T.);
#2040=EDGE_CURVE('',#1601,#1667,#1009,.T.);
#2041=EDGE_CURVE('',#1667,#1668,#1010,.T.);
#2042=EDGE_CURVE('',#1567,#1668,#1011,.T.);
#2043=EDGE_CURVE('',#1661,#1669,#1012,.T.);
#2044=EDGE_CURVE('',#1669,#1669,#769,.T.);
#2045=EDGE_CURVE('',#1666,#1670,#1013,.T.);
#2046=EDGE_CURVE('',#1670,#1670,#770,.T.);
#2047=EDGE_CURVE('',#1671,#1672,#1014,.T.);
#2048=EDGE_CURVE('',#1663,#1671,#1015,.T.);
#2049=EDGE_CURVE('',#1662,#1672,#1016,.T.);
#2050=EDGE_CURVE('',#1672,#1673,#1017,.T.);
#2051=EDGE_CURVE('',#1665,#1673,#1018,.T.);
#2052=EDGE_CURVE('',#1673,#1674,#1019,.T.);
#2053=EDGE_CURVE('',#1664,#1674,#1020,.T.);
#2054=EDGE_CURVE('',#1674,#1671,#1021,.T.);
#2055=EDGE_CURVE('',#1611,#1675,#1022,.T.);
#2056=EDGE_CURVE('',#1675,#1675,#771,.T.);
#2057=EDGE_CURVE('',#1589,#1598,#1023,.T.);
#2058=EDGE_CURVE('',#1590,#1676,#772,.T.);
#2059=EDGE_CURVE('',#1677,#1676,#1024,.T.);
#2060=EDGE_CURVE('',#1678,#1677,#1025,.T.);
#2061=EDGE_CURVE('',#1678,#1679,#1026,.T.);
#2062=EDGE_CURVE('',#1680,#1679,#1027,.T.);
#2063=EDGE_CURVE('',#1680,#1562,#773,.T.);
#2064=EDGE_CURVE('',#1561,#1667,#1028,.T.);
#2065=EDGE_CURVE('',#1681,#1603,#1029,.T.);
#2066=EDGE_CURVE('',#1676,#1681,#1030,.T.);
#2067=EDGE_CURVE('',#1668,#1566,#1031,.T.);
#2068=EDGE_CURVE('',#1569,#1625,#1032,.T.);
#2069=EDGE_CURVE('',#1633,#1624,#1033,.T.);
#2070=EDGE_CURVE('',#1630,#1628,#1034,.T.);
#2071=EDGE_CURVE('',#1682,#1682,#774,.T.);
#2072=EDGE_CURVE('',#1682,#1683,#1035,.T.);
#2073=EDGE_CURVE('',#1683,#1683,#1491,.T.);
#2074=EDGE_CURVE('',#1609,#1677,#775,.T.);
#2075=EDGE_CURVE('',#1681,#1684,#776,.T.);
#2076=EDGE_CURVE('',#1684,#1681,#777,.T.);
#2077=EDGE_CURVE('',#1684,#1685,#1036,.T.);
#2078=EDGE_CURVE('',#1685,#1686,#1492,.T.);
#2079=EDGE_CURVE('',#1686,#1687,#1493,.T.);
#2080=EDGE_CURVE('',#1687,#1688,#1037,.T.);
#2081=EDGE_CURVE('',#1688,#1688,#778,.T.);
#2082=EDGE_CURVE('',#1687,#1685,#1494,.T.);
#2083=EDGE_CURVE('',#1689,#1689,#1495,.T.);
#2084=EDGE_CURVE('',#1678,#1608,#779,.T.);
#2085=EDGE_CURVE('',#1679,#1607,#1038,.T.);
#2086=EDGE_CURVE('',#1690,#1691,#1496,.T.);
#2087=EDGE_CURVE('',#1692,#1690,#1497,.T.);
#2088=EDGE_CURVE('',#1692,#1686,#1039,.T.);
#2089=EDGE_CURVE('',#1691,#1692,#1498,.T.);
#2090=EDGE_CURVE('',#1693,#1694,#1499,.T.);
#2091=EDGE_CURVE('',#1695,#1693,#1500,.T.);
#2092=EDGE_CURVE('',#1695,#1689,#1040,.T.);
#2093=EDGE_CURVE('',#1694,#1695,#1501,.T.);
#2094=EDGE_CURVE('',#1696,#1696,#780,.T.);
#2095=EDGE_CURVE('',#1697,#1697,#1502,.T.);
#2096=EDGE_CURVE('',#1697,#1696,#1041,.T.);
#2097=EDGE_CURVE('',#1680,#1606,#1042,.T.);
#2098=EDGE_CURVE('',#1698,#1698,#781,.T.);
#2099=EDGE_CURVE('',#1698,#1699,#1043,.T.);
#2100=EDGE_CURVE('',#1699,#1699,#782,.T.);
#2101=EDGE_CURVE('',#1700,#1700,#783,.T.);
#2102=EDGE_CURVE('',#1701,#1701,#784,.T.);
#2103=EDGE_CURVE('',#1701,#1700,#1044,.T.);
#2104=EDGE_CURVE('',#1702,#1702,#785,.T.);
#2105=EDGE_CURVE('',#1702,#1703,#1045,.T.);
#2106=EDGE_CURVE('',#1703,#1703,#786,.T.);
#2107=EDGE_CURVE('',#1704,#1704,#787,.T.);
#2108=EDGE_CURVE('',#1705,#1705,#788,.T.);
#2109=EDGE_CURVE('',#1705,#1704,#1046,.T.);
#2110=EDGE_CURVE('',#1706,#1707,#11,.T.);
#2111=EDGE_CURVE('',#1707,#1708,#789,.T.);
#2112=EDGE_CURVE('',#1709,#1708,#12,.T.);
#2113=EDGE_CURVE('',#1710,#1709,#13,.T.);
#2114=EDGE_CURVE('',#1710,#1711,#790,.T.);
#2115=EDGE_CURVE('',#1711,#1706,#14,.T.);
#2116=EDGE_CURVE('',#1712,#1710,#1047,.T.);
#2117=EDGE_CURVE('',#1713,#1712,#122,.T.);
#2118=EDGE_CURVE('',#1713,#1714,#1048,.T.);
#2119=EDGE_CURVE('',#1715,#1714,#791,.T.);
#2120=EDGE_CURVE('',#1716,#1715,#1049,.T.);
#2121=EDGE_CURVE('',#1717,#1716,#792,.T.);
#2122=EDGE_CURVE('',#1717,#1718,#1050,.T.);
#2123=EDGE_CURVE('',#1719,#1718,#793,.T.);
#2124=EDGE_CURVE('',#1719,#1720,#1051,.T.);
#2125=EDGE_CURVE('',#1721,#1720,#794,.T.);
#2126=EDGE_CURVE('',#1711,#1721,#1052,.T.);
#2127=EDGE_CURVE('',#1722,#1723,#1053,.T.);
#2128=EDGE_CURVE('',#1723,#1724,#1503,.T.);
#2129=EDGE_CURVE('',#1724,#1717,#1054,.T.);
#2130=EDGE_CURVE('',#1717,#1722,#1504,.T.);
#2131=EDGE_CURVE('',#1723,#1725,#795,.T.);
#2132=EDGE_CURVE('',#1725,#1726,#1505,.T.);
#2133=EDGE_CURVE('',#1726,#1724,#796,.T.);
#2134=EDGE_CURVE('',#1725,#1727,#1055,.T.);
#2135=EDGE_CURVE('',#1727,#1728,#1056,.T.);
#2136=EDGE_CURVE('',#1728,#1726,#1057,.T.);
#2137=EDGE_CURVE('',#1716,#1729,#15,.F.);
#2138=EDGE_CURVE('',#1729,#1730,#16,.F.);
#2139=EDGE_CURVE('',#1730,#1722,#797,.T.);
#2140=EDGE_CURVE('',#1707,#1731,#1058,.T.);
#2141=EDGE_CURVE('',#1731,#1727,#1059,.T.);
#2142=EDGE_CURVE('',#1730,#1732,#1060,.T.);
#2143=EDGE_CURVE('',#1733,#1732,#1061,.F.);
#2144=EDGE_CURVE('',#1733,#1734,#1062,.T.);
#2145=EDGE_CURVE('',#1735,#1734,#798,.T.);
#2146=EDGE_CURVE('',#1736,#1735,#1063,.T.);
#2147=EDGE_CURVE('',#1737,#1736,#799,.T.);
#2148=EDGE_CURVE('',#1738,#1737,#1064,.T.);
#2149=EDGE_CURVE('',#1739,#1738,#800,.T.);
#2150=EDGE_CURVE('',#1739,#1708,#1065,.T.);
#2151=EDGE_CURVE('',#1740,#1741,#801,.T.);
#2152=EDGE_CURVE('',#1741,#1742,#17,.F.);
#2153=EDGE_CURVE('',#1742,#1739,#18,.F.);
#2154=EDGE_CURVE('',#1738,#1740,#1506,.T.);
#2155=EDGE_CURVE('',#1737,#1743,#1507,.T.);
#2156=EDGE_CURVE('',#1743,#1740,#1066,.T.);
#2157=EDGE_CURVE('',#1744,#1743,#802,.T.);
#2158=EDGE_CURVE('',#1736,#1744,#1508,.T.);
#2159=EDGE_CURVE('',#1745,#1744,#1067,.T.);
#2160=EDGE_CURVE('',#1735,#1745,#1509,.T.);
#2161=EDGE_CURVE('',#1734,#1746,#19,.F.);
#2162=EDGE_CURVE('',#1746,#1745,#803,.T.);
#2163=EDGE_CURVE('',#1743,#1747,#1068,.T.);
#2164=EDGE_CURVE('',#1748,#1747,#1069,.T.);
#2165=EDGE_CURVE('',#1740,#1748,#1070,.T.);
#2166=EDGE_CURVE('',#1749,#1749,#804,.T.);
#2167=EDGE_CURVE('',#1750,#1744,#1071,.T.);
#2168=EDGE_CURVE('',#1747,#1750,#805,.T.);
#2169=EDGE_CURVE('',#1751,#1745,#1072,.T.);
#2170=EDGE_CURVE('',#1750,#1751,#1073,.T.);
#2171=EDGE_CURVE('',#1752,#1752,#806,.T.);
#2172=EDGE_CURVE('',#1741,#1753,#1074,.T.);
#2173=EDGE_CURVE('',#1751,#1748,#807,.T.);
#2174=EDGE_CURVE('',#1746,#1754,#1075,.T.);
#2175=EDGE_CURVE('',#1753,#1754,#808,.T.);
#2176=EDGE_CURVE('',#1755,#1724,#1076,.T.);
#2177=EDGE_CURVE('',#1718,#1755,#1077,.T.);
#2178=EDGE_CURVE('',#1756,#1756,#809,.T.);
#2179=EDGE_CURVE('',#1727,#1757,#1078,.T.);
#2180=EDGE_CURVE('',#1757,#1758,#1079,.T.);
#2181=EDGE_CURVE('',#1758,#1728,#1080,.T.);
#2182=EDGE_CURVE('',#1720,#1758,#1081,.T.);
#2183=EDGE_CURVE('',#1759,#1719,#1082,.T.);
#2184=EDGE_CURVE('',#1759,#1726,#1083,.T.);
#2185=EDGE_CURVE('',#1760,#1760,#810,.T.);
#2186=EDGE_CURVE('',#1761,#1706,#1084,.T.);
#2187=EDGE_CURVE('',#1762,#1761,#20,.T.);
#2188=EDGE_CURVE('',#1763,#1762,#1085,.T.);
#2189=EDGE_CURVE('',#1731,#1763,#1086,.T.);
#2190=EDGE_CURVE('',#1764,#1764,#811,.T.);
#2191=EDGE_CURVE('',#1765,#1729,#1087,.T.);
#2192=EDGE_CURVE('',#1766,#1765,#1088,.T.);
#2193=EDGE_CURVE('',#1732,#1766,#1089,.T.);
#2194=EDGE_CURVE('',#1767,#1733,#1090,.T.);
#2195=EDGE_CURVE('',#1754,#1767,#1091,.T.);
#2196=EDGE_CURVE('',#1709,#1768,#1092,.F.);
#2197=EDGE_CURVE('',#1712,#1768,#1093,.T.);
#2198=EDGE_CURVE('',#1742,#1769,#1094,.T.);
#2199=EDGE_CURVE('',#1769,#1770,#1095,.T.);
#2200=EDGE_CURVE('',#1771,#1770,#1096,.T.);
#2201=EDGE_CURVE('',#1772,#1771,#1097,.T.);
#2202=EDGE_CURVE('',#1772,#1773,#1098,.T.);
#2203=EDGE_CURVE('',#1773,#1768,#1099,.T.);
#2204=EDGE_CURVE('',#1753,#1774,#21,.T.);
#2205=EDGE_CURVE('',#1775,#1774,#1100,.T.);
#2206=EDGE_CURVE('',#1775,#1769,#1101,.F.);
#2207=EDGE_CURVE('',#1776,#1777,#812,.T.);
#2208=EDGE_CURVE('',#1777,#1747,#1510,.T.);
#2209=EDGE_CURVE('',#1776,#1750,#1511,.T.);
#2210=EDGE_CURVE('',#1777,#1778,#1102,.T.);
#2211=EDGE_CURVE('',#1778,#1748,#1512,.T.);
#2212=EDGE_CURVE('',#1778,#1779,#813,.T.);
#2213=EDGE_CURVE('',#1779,#1751,#1513,.T.);
#2214=EDGE_CURVE('',#1779,#1776,#1103,.T.);
#2215=EDGE_CURVE('',#1780,#1781,#814,.T.);
#2216=EDGE_CURVE('',#1782,#1780,#1104,.T.);
#2217=EDGE_CURVE('',#1783,#1782,#815,.T.);
#2218=EDGE_CURVE('',#1781,#1783,#1105,.T.);
#2219=EDGE_CURVE('',#1781,#1755,#1514,.T.);
#2220=EDGE_CURVE('',#1755,#1759,#816,.T.);
#2221=EDGE_CURVE('',#1780,#1759,#1515,.T.);
#2222=EDGE_CURVE('',#1783,#1718,#1516,.T.);
#2223=EDGE_CURVE('',#1782,#1719,#1517,.T.);
#2224=EDGE_CURVE('',#1757,#1784,#1106,.T.);
#2225=EDGE_CURVE('',#1784,#1720,#1518,.T.);
#2226=EDGE_CURVE('',#1784,#1762,#817,.T.);
#2227=EDGE_CURVE('',#1761,#1721,#1519,.T.);
#2228=EDGE_CURVE('',#1774,#1785,#22,.T.);
#2229=EDGE_CURVE('',#1786,#1754,#1520,.T.);
#2230=EDGE_CURVE('',#1786,#1787,#818,.T.);
#2231=EDGE_CURVE('',#1787,#1785,#1521,.T.);
#2232=EDGE_CURVE('',#1767,#1788,#1107,.T.);
#2233=EDGE_CURVE('',#1766,#1767,#1108,.T.);
#2234=EDGE_CURVE('',#1788,#1766,#1109,.T.);
#2235=EDGE_CURVE('',#1765,#1789,#1110,.T.);
#2236=EDGE_CURVE('',#1715,#1765,#1111,.T.);
#2237=EDGE_CURVE('',#1789,#1715,#23,.F.);
#2238=EDGE_CURVE('',#1788,#1786,#1112,.T.);
#2239=EDGE_CURVE('',#1790,#1791,#1113,.T.);
#2240=EDGE_CURVE('',#1792,#1790,#1114,.T.);
#2241=EDGE_CURVE('',#1791,#1792,#1115,.T.);
#2242=EDGE_CURVE('',#1714,#1792,#1116,.T.);
#2243=EDGE_CURVE('',#1790,#1793,#1117,.T.);
#2244=EDGE_CURVE('',#1793,#1714,#1522,.T.);
#2245=EDGE_CURVE('',#1794,#1795,#1118,.T.);
#2246=EDGE_CURVE('',#1796,#1794,#1119,.T.);
#2247=EDGE_CURVE('',#1795,#1796,#1120,.T.);
#2248=EDGE_CURVE('',#1787,#1796,#1121,.T.);
#2249=EDGE_CURVE('',#1794,#1785,#1122,.T.);
#2250=EDGE_CURVE('',#1791,#1795,#1123,.T.);
#2251=EDGE_CURVE('',#1796,#1790,#1124,.T.);
#2252=EDGE_CURVE('',#1797,#1798,#1125,.T.);
#2253=EDGE_CURVE('',#1799,#1797,#1126,.T.);
#2254=EDGE_CURVE('',#1798,#1799,#1127,.T.);
#2255=EDGE_CURVE('',#1768,#1799,#1128,.T.);
#2256=EDGE_CURVE('',#1797,#1713,#1129,.T.);
#2257=EDGE_CURVE('',#1800,#1801,#1130,.T.);
#2258=EDGE_CURVE('',#1802,#1800,#1131,.T.);
#2259=EDGE_CURVE('',#1801,#1802,#1132,.T.);
#2260=EDGE_CURVE('',#1802,#1775,#1133,.T.);
#2261=EDGE_CURVE('',#1800,#1769,#1134,.T.);
#2262=EDGE_CURVE('',#1795,#1801,#1135,.T.);
#2263=EDGE_CURVE('',#1802,#1794,#1136,.T.);
#2264=EDGE_CURVE('',#1801,#1798,#1137,.T.);
#2265=EDGE_CURVE('',#1799,#1800,#1138,.T.);
#2266=EDGE_CURVE('',#1798,#1791,#1139,.T.);
#2267=EDGE_CURVE('',#1792,#1797,#1140,.T.);
#2268=EDGE_CURVE('',#1793,#1789,#819,.T.);
#2269=EDGE_CURVE('',#1789,#1788,#1141,.T.);
#2270=EDGE_CURVE('',#1771,#1803,#1142,.T.);
#2271=EDGE_CURVE('',#1803,#1804,#1143,.T.);
#2272=EDGE_CURVE('',#1804,#1772,#1144,.T.);
#2273=EDGE_CURVE('',#1805,#1805,#820,.T.);
#2274=EDGE_CURVE('',#1806,#1770,#1145,.T.);
#2275=EDGE_CURVE('',#1803,#1806,#1146,.T.);
#2276=EDGE_CURVE('',#1804,#1807,#1147,.T.);
#2277=EDGE_CURVE('',#1773,#1807,#1148,.T.);
#2278=EDGE_CURVE('',#1807,#1806,#1149,.T.);
#2279=EDGE_CURVE('',#1805,#1808,#1150,.T.);
#2280=EDGE_CURVE('',#1808,#1808,#821,.T.);
#2281=EDGE_CURVE('',#1764,#1809,#1151,.T.);
#2282=EDGE_CURVE('',#1809,#1809,#822,.T.);
#2283=EDGE_CURVE('',#1757,#1763,#1152,.T.);
#2284=EDGE_CURVE('',#1760,#1749,#1153,.T.);
#2285=EDGE_CURVE('',#1756,#1752,#1154,.T.);
#2286=ORIENTED_EDGE('',*,*,#1810,.F.);
#2287=ORIENTED_EDGE('',*,*,#1811,.T.);
#2288=ORIENTED_EDGE('',*,*,#1812,.T.);
#2289=ORIENTED_EDGE('',*,*,#1811,.F.);
#2290=ORIENTED_EDGE('',*,*,#1812,.F.);
#2291=ORIENTED_EDGE('',*,*,#1813,.F.);
#2292=ORIENTED_EDGE('',*,*,#1814,.F.);
#2293=ORIENTED_EDGE('',*,*,#1815,.T.);
#2294=ORIENTED_EDGE('',*,*,#1816,.F.);
#2295=ORIENTED_EDGE('',*,*,#1817,.F.);
#2296=ORIENTED_EDGE('',*,*,#1818,.F.);
#2297=ORIENTED_EDGE('',*,*,#1819,.T.);
#2298=ORIENTED_EDGE('',*,*,#1820,.F.);
#2299=ORIENTED_EDGE('',*,*,#1815,.F.);
#2300=ORIENTED_EDGE('',*,*,#1821,.F.);
#2301=ORIENTED_EDGE('',*,*,#1822,.F.);
#2302=ORIENTED_EDGE('',*,*,#1823,.F.);
#2303=ORIENTED_EDGE('',*,*,#1819,.F.);
#2304=ORIENTED_EDGE('',*,*,#1824,.F.);
#2305=ORIENTED_EDGE('',*,*,#1825,.T.);
#2306=ORIENTED_EDGE('',*,*,#1813,.T.);
#2307=ORIENTED_EDGE('',*,*,#1825,.F.);
#2308=ORIENTED_EDGE('',*,*,#1826,.F.);
#2309=ORIENTED_EDGE('',*,*,#1817,.T.);
#2310=ORIENTED_EDGE('',*,*,#1827,.F.);
#2311=ORIENTED_EDGE('',*,*,#1828,.F.);
#2312=ORIENTED_EDGE('',*,*,#1829,.F.);
#2313=ORIENTED_EDGE('',*,*,#1828,.T.);
#2314=ORIENTED_EDGE('',*,*,#1830,.F.);
#2315=ORIENTED_EDGE('',*,*,#1831,.F.);
#2316=ORIENTED_EDGE('',*,*,#1832,.F.);
#2317=ORIENTED_EDGE('',*,*,#1831,.T.);
#2318=ORIENTED_EDGE('',*,*,#1833,.F.);
#2319=ORIENTED_EDGE('',*,*,#1822,.T.);
#2320=ORIENTED_EDGE('',*,*,#1833,.T.);
#2321=ORIENTED_EDGE('',*,*,#1830,.T.);
#2322=ORIENTED_EDGE('',*,*,#1827,.T.);
#2323=ORIENTED_EDGE('',*,*,#1816,.T.);
#2324=ORIENTED_EDGE('',*,*,#1820,.T.);
#2325=ORIENTED_EDGE('',*,*,#1823,.T.);
#2326=ORIENTED_EDGE('',*,*,#1824,.T.);
#2327=ORIENTED_EDGE('',*,*,#1834,.F.);
#2328=ORIENTED_EDGE('',*,*,#1835,.T.);
#2329=ORIENTED_EDGE('',*,*,#1836,.T.);
#2330=ORIENTED_EDGE('',*,*,#1837,.T.);
#2331=ORIENTED_EDGE('',*,*,#1838,.T.);
#2332=ORIENTED_EDGE('',*,*,#1837,.F.);
#2333=ORIENTED_EDGE('',*,*,#1839,.T.);
#2334=ORIENTED_EDGE('',*,*,#1840,.T.);
#2335=ORIENTED_EDGE('',*,*,#1835,.F.);
#2336=ORIENTED_EDGE('',*,*,#1841,.F.);
#2337=ORIENTED_EDGE('',*,*,#1810,.T.);
#2338=ORIENTED_EDGE('',*,*,#1821,.T.);
#2339=ORIENTED_EDGE('',*,*,#1818,.T.);
#2340=ORIENTED_EDGE('',*,*,#1814,.T.);
#2341=ORIENTED_EDGE('',*,*,#1826,.T.);
#2342=ORIENTED_EDGE('',*,*,#1829,.T.);
#2343=ORIENTED_EDGE('',*,*,#1832,.T.);
#2344=ORIENTED_EDGE('',*,*,#1840,.F.);
#2345=ORIENTED_EDGE('',*,*,#1839,.F.);
#2346=ORIENTED_EDGE('',*,*,#1836,.F.);
#2347=ORIENTED_EDGE('',*,*,#1842,.T.);
#2348=ORIENTED_EDGE('',*,*,#1843,.T.);
#2349=ORIENTED_EDGE('',*,*,#1842,.F.);
#2350=ORIENTED_EDGE('',*,*,#1843,.F.);
#2351=ORIENTED_EDGE('',*,*,#1844,.T.);
#2352=ORIENTED_EDGE('',*,*,#1845,.T.);
#2353=ORIENTED_EDGE('',*,*,#1841,.T.);
#2354=ORIENTED_EDGE('',*,*,#1834,.T.);
#2355=ORIENTED_EDGE('',*,*,#1845,.F.);
#2356=ORIENTED_EDGE('',*,*,#1844,.F.);
#2357=ORIENTED_EDGE('',*,*,#1846,.T.);
#2358=ORIENTED_EDGE('',*,*,#1846,.F.);
#2359=ORIENTED_EDGE('',*,*,#1847,.T.);
#2360=ORIENTED_EDGE('',*,*,#1848,.T.);
#2361=ORIENTED_EDGE('',*,*,#1847,.F.);
#2362=ORIENTED_EDGE('',*,*,#1838,.F.);
#2363=ORIENTED_EDGE('',*,*,#1848,.F.);
#2364=ORIENTED_EDGE('',*,*,#1849,.F.);
#2365=ORIENTED_EDGE('',*,*,#1850,.T.);
#2366=ORIENTED_EDGE('',*,*,#1851,.F.);
#2367=ORIENTED_EDGE('',*,*,#1850,.F.);
#2368=ORIENTED_EDGE('',*,*,#1852,.T.);
#2369=ORIENTED_EDGE('',*,*,#1851,.T.);
#2370=ORIENTED_EDGE('',*,*,#1853,.F.);
#2371=ORIENTED_EDGE('',*,*,#1854,.T.);
#2372=ORIENTED_EDGE('',*,*,#1852,.F.);
#2373=ORIENTED_EDGE('',*,*,#1854,.F.);
#2374=ORIENTED_EDGE('',*,*,#1853,.T.);
#2375=ORIENTED_EDGE('',*,*,#1849,.T.);
#2376=ORIENTED_EDGE('',*,*,#1855,.F.);
#2377=ORIENTED_EDGE('',*,*,#1856,.T.);
#2378=ORIENTED_EDGE('',*,*,#1857,.F.);
#2379=ORIENTED_EDGE('',*,*,#1856,.F.);
#2380=ORIENTED_EDGE('',*,*,#1858,.T.);
#2381=ORIENTED_EDGE('',*,*,#1859,.T.);
#2382=ORIENTED_EDGE('',*,*,#1860,.T.);
#2383=ORIENTED_EDGE('',*,*,#1859,.F.);
#2384=ORIENTED_EDGE('',*,*,#1858,.F.);
#2385=ORIENTED_EDGE('',*,*,#1857,.T.);
#2386=ORIENTED_EDGE('',*,*,#1860,.F.);
#2387=ORIENTED_EDGE('',*,*,#1855,.T.);
#2388=ORIENTED_EDGE('',*,*,#1861,.T.);
#2389=ORIENTED_EDGE('',*,*,#1862,.T.);
#2390=ORIENTED_EDGE('',*,*,#1863,.T.);
#2391=ORIENTED_EDGE('',*,*,#1862,.F.);
#2392=ORIENTED_EDGE('',*,*,#1864,.F.);
#2393=ORIENTED_EDGE('',*,*,#1863,.F.);
#2394=ORIENTED_EDGE('',*,*,#1865,.T.);
#2395=ORIENTED_EDGE('',*,*,#1866,.T.);
#2396=ORIENTED_EDGE('',*,*,#1864,.T.);
#2397=ORIENTED_EDGE('',*,*,#1866,.F.);
#2398=ORIENTED_EDGE('',*,*,#1865,.F.);
#2399=ORIENTED_EDGE('',*,*,#1861,.F.);
#2400=ORIENTED_EDGE('',*,*,#1867,.T.);
#2401=ORIENTED_EDGE('',*,*,#1868,.T.);
#2402=ORIENTED_EDGE('',*,*,#1869,.F.);
#2403=ORIENTED_EDGE('',*,*,#1870,.T.);
#2404=ORIENTED_EDGE('',*,*,#1871,.T.);
#2405=ORIENTED_EDGE('',*,*,#1872,.T.);
#2406=ORIENTED_EDGE('',*,*,#1873,.T.);
#2407=ORIENTED_EDGE('',*,*,#1870,.F.);
#2408=ORIENTED_EDGE('',*,*,#1874,.T.);
#2409=ORIENTED_EDGE('',*,*,#1875,.T.);
#2410=ORIENTED_EDGE('',*,*,#1876,.T.);
#2411=ORIENTED_EDGE('',*,*,#1877,.F.);
#2412=ORIENTED_EDGE('',*,*,#1878,.F.);
#2413=ORIENTED_EDGE('',*,*,#1879,.F.);
#2414=ORIENTED_EDGE('',*,*,#1880,.T.);
#2415=ORIENTED_EDGE('',*,*,#1881,.F.);
#2416=ORIENTED_EDGE('',*,*,#1882,.F.);
#2417=ORIENTED_EDGE('',*,*,#1883,.T.);
#2418=ORIENTED_EDGE('',*,*,#1884,.F.);
#2419=ORIENTED_EDGE('',*,*,#1885,.F.);
#2420=ORIENTED_EDGE('',*,*,#1886,.F.);
#2421=ORIENTED_EDGE('',*,*,#1887,.F.);
#2422=ORIENTED_EDGE('',*,*,#1888,.F.);
#2423=ORIENTED_EDGE('',*,*,#1889,.T.);
#2424=ORIENTED_EDGE('',*,*,#1890,.F.);
#2425=ORIENTED_EDGE('',*,*,#1891,.F.);
#2426=ORIENTED_EDGE('',*,*,#1892,.F.);
#2427=ORIENTED_EDGE('',*,*,#1893,.F.);
#2428=ORIENTED_EDGE('',*,*,#1894,.F.);
#2429=ORIENTED_EDGE('',*,*,#1895,.F.);
#2430=ORIENTED_EDGE('',*,*,#1896,.T.);
#2431=ORIENTED_EDGE('',*,*,#1897,.T.);
#2432=ORIENTED_EDGE('',*,*,#1894,.T.);
#2433=ORIENTED_EDGE('',*,*,#1898,.T.);
#2434=ORIENTED_EDGE('',*,*,#1891,.T.);
#2435=ORIENTED_EDGE('',*,*,#1899,.T.);
#2436=ORIENTED_EDGE('',*,*,#1895,.T.);
#2437=ORIENTED_EDGE('',*,*,#1900,.T.);
#2438=ORIENTED_EDGE('',*,*,#1901,.F.);
#2439=ORIENTED_EDGE('',*,*,#1902,.F.);
#2440=ORIENTED_EDGE('',*,*,#1903,.F.);
#2441=ORIENTED_EDGE('',*,*,#1904,.F.);
#2442=ORIENTED_EDGE('',*,*,#1905,.F.);
#2443=ORIENTED_EDGE('',*,*,#1906,.F.);
#2444=ORIENTED_EDGE('',*,*,#1907,.T.);
#2445=ORIENTED_EDGE('',*,*,#1908,.T.);
#2446=ORIENTED_EDGE('',*,*,#1905,.T.);
#2447=ORIENTED_EDGE('',*,*,#1909,.T.);
#2448=ORIENTED_EDGE('',*,*,#1893,.T.);
#2449=ORIENTED_EDGE('',*,*,#1910,.T.);
#2450=ORIENTED_EDGE('',*,*,#1906,.T.);
#2451=ORIENTED_EDGE('',*,*,#1911,.T.);
#2452=ORIENTED_EDGE('',*,*,#1902,.T.);
#2453=ORIENTED_EDGE('',*,*,#1912,.T.);
#2454=ORIENTED_EDGE('',*,*,#1904,.T.);
#2455=ORIENTED_EDGE('',*,*,#1913,.T.);
#2456=ORIENTED_EDGE('',*,*,#1890,.T.);
#2457=ORIENTED_EDGE('',*,*,#1914,.T.);
#2458=ORIENTED_EDGE('',*,*,#1903,.T.);
#2459=ORIENTED_EDGE('',*,*,#1915,.T.);
#2460=ORIENTED_EDGE('',*,*,#1916,.T.);
#2461=ORIENTED_EDGE('',*,*,#1917,.T.);
#2462=ORIENTED_EDGE('',*,*,#1901,.T.);
#2463=ORIENTED_EDGE('',*,*,#1918,.T.);
#2464=ORIENTED_EDGE('',*,*,#1919,.T.);
#2465=ORIENTED_EDGE('',*,*,#1920,.T.);
#2466=ORIENTED_EDGE('',*,*,#1892,.T.);
#2467=ORIENTED_EDGE('',*,*,#1921,.T.);
#2468=ORIENTED_EDGE('',*,*,#1922,.T.);
#2469=ORIENTED_EDGE('',*,*,#1909,.F.);
#2470=ORIENTED_EDGE('',*,*,#1912,.F.);
#2471=ORIENTED_EDGE('',*,*,#1917,.F.);
#2472=ORIENTED_EDGE('',*,*,#1923,.F.);
#2473=ORIENTED_EDGE('',*,*,#1924,.F.);
#2474=ORIENTED_EDGE('',*,*,#1925,.F.);
#2475=ORIENTED_EDGE('',*,*,#1874,.F.);
#2476=ORIENTED_EDGE('',*,*,#1869,.T.);
#2477=ORIENTED_EDGE('',*,*,#1926,.T.);
#2478=ORIENTED_EDGE('',*,*,#1927,.T.);
#2479=ORIENTED_EDGE('',*,*,#1928,.T.);
#2480=ORIENTED_EDGE('',*,*,#1929,.F.);
#2481=ORIENTED_EDGE('',*,*,#1930,.F.);
#2482=ORIENTED_EDGE('',*,*,#1918,.F.);
#2483=ORIENTED_EDGE('',*,*,#1914,.F.);
#2484=ORIENTED_EDGE('',*,*,#1920,.F.);
#2485=ORIENTED_EDGE('',*,*,#1931,.F.);
#2486=ORIENTED_EDGE('',*,*,#1932,.F.);
#2487=ORIENTED_EDGE('',*,*,#1933,.T.);
#2488=ORIENTED_EDGE('',*,*,#1899,.F.);
#2489=ORIENTED_EDGE('',*,*,#1915,.F.);
#2490=ORIENTED_EDGE('',*,*,#1913,.F.);
#2491=ORIENTED_EDGE('',*,*,#1910,.F.);
#2492=ORIENTED_EDGE('',*,*,#1934,.T.);
#2493=ORIENTED_EDGE('',*,*,#1935,.T.);
#2494=ORIENTED_EDGE('',*,*,#1936,.T.);
#2495=ORIENTED_EDGE('',*,*,#1937,.T.);
#2496=ORIENTED_EDGE('',*,*,#1938,.F.);
#2497=ORIENTED_EDGE('',*,*,#1939,.F.);
#2498=ORIENTED_EDGE('',*,*,#1940,.F.);
#2499=ORIENTED_EDGE('',*,*,#1941,.T.);
#2500=ORIENTED_EDGE('',*,*,#1939,.T.);
#2501=ORIENTED_EDGE('',*,*,#1942,.T.);
#2502=ORIENTED_EDGE('',*,*,#1943,.T.);
#2503=ORIENTED_EDGE('',*,*,#1944,.F.);
#2504=ORIENTED_EDGE('',*,*,#1945,.F.);
#2505=ORIENTED_EDGE('',*,*,#1946,.F.);
#2506=ORIENTED_EDGE('',*,*,#1947,.F.);
#2507=ORIENTED_EDGE('',*,*,#1948,.F.);
#2508=ORIENTED_EDGE('',*,*,#1949,.F.);
#2509=ORIENTED_EDGE('',*,*,#1948,.T.);
#2510=ORIENTED_EDGE('',*,*,#1950,.T.);
#2511=ORIENTED_EDGE('',*,*,#1945,.T.);
#2512=ORIENTED_EDGE('',*,*,#1951,.T.);
#2513=ORIENTED_EDGE('',*,*,#1952,.T.);
#2514=ORIENTED_EDGE('',*,*,#1953,.T.);
#2515=ORIENTED_EDGE('',*,*,#1954,.T.);
#2516=ORIENTED_EDGE('',*,*,#1955,.T.);
#2517=ORIENTED_EDGE('',*,*,#1956,.T.);
#2518=ORIENTED_EDGE('',*,*,#1955,.F.);
#2519=ORIENTED_EDGE('',*,*,#1957,.T.);
#2520=ORIENTED_EDGE('',*,*,#1958,.T.);
#2521=ORIENTED_EDGE('',*,*,#1959,.T.);
#2522=ORIENTED_EDGE('',*,*,#1949,.T.);
#2523=ORIENTED_EDGE('',*,*,#1960,.T.);
#2524=ORIENTED_EDGE('',*,*,#1958,.F.);
#2525=ORIENTED_EDGE('',*,*,#1947,.T.);
#2526=ORIENTED_EDGE('',*,*,#1961,.T.);
#2527=ORIENTED_EDGE('',*,*,#1940,.T.);
#2528=ORIENTED_EDGE('',*,*,#1962,.T.);
#2529=ORIENTED_EDGE('',*,*,#1879,.T.);
#2530=ORIENTED_EDGE('',*,*,#1946,.T.);
#2531=ORIENTED_EDGE('',*,*,#1963,.T.);
#2532=ORIENTED_EDGE('',*,*,#1943,.F.);
#2533=ORIENTED_EDGE('',*,*,#1964,.T.);
#2534=ORIENTED_EDGE('',*,*,#1944,.T.);
#2535=ORIENTED_EDGE('',*,*,#1878,.T.);
#2536=ORIENTED_EDGE('',*,*,#1965,.T.);
#2537=ORIENTED_EDGE('',*,*,#1966,.T.);
#2538=ORIENTED_EDGE('',*,*,#1938,.T.);
#2539=ORIENTED_EDGE('',*,*,#1967,.T.);
#2540=ORIENTED_EDGE('',*,*,#1968,.T.);
#2541=ORIENTED_EDGE('',*,*,#1877,.T.);
#2542=ORIENTED_EDGE('',*,*,#1969,.T.);
#2543=ORIENTED_EDGE('',*,*,#1970,.T.);
#2544=ORIENTED_EDGE('',*,*,#1965,.F.);
#2545=ORIENTED_EDGE('',*,*,#1971,.T.);
#2546=ORIENTED_EDGE('',*,*,#1968,.F.);
#2547=ORIENTED_EDGE('',*,*,#1972,.T.);
#2548=ORIENTED_EDGE('',*,*,#1973,.T.);
#2549=ORIENTED_EDGE('',*,*,#1974,.T.);
#2550=ORIENTED_EDGE('',*,*,#1973,.F.);
#2551=ORIENTED_EDGE('',*,*,#1975,.T.);
#2552=ORIENTED_EDGE('',*,*,#1935,.F.);
#2553=ORIENTED_EDGE('',*,*,#1976,.T.);
#2554=ORIENTED_EDGE('',*,*,#1937,.F.);
#2555=ORIENTED_EDGE('',*,*,#1882,.T.);
#2556=ORIENTED_EDGE('',*,*,#1977,.T.);
#2557=ORIENTED_EDGE('',*,*,#1881,.T.);
#2558=ORIENTED_EDGE('',*,*,#1978,.T.);
#2559=ORIENTED_EDGE('',*,*,#1979,.T.);
#2560=ORIENTED_EDGE('',*,*,#1977,.F.);
#2561=ORIENTED_EDGE('',*,*,#1980,.F.);
#2562=ORIENTED_EDGE('',*,*,#1981,.F.);
#2563=ORIENTED_EDGE('',*,*,#1982,.F.);
#2564=ORIENTED_EDGE('',*,*,#1932,.T.);
#2565=ORIENTED_EDGE('',*,*,#1983,.T.);
#2566=ORIENTED_EDGE('',*,*,#1981,.T.);
#2567=ORIENTED_EDGE('',*,*,#1923,.T.);
#2568=ORIENTED_EDGE('',*,*,#1916,.F.);
#2569=ORIENTED_EDGE('',*,*,#1984,.F.);
#2570=ORIENTED_EDGE('',*,*,#1985,.F.);
#2571=ORIENTED_EDGE('',*,*,#1986,.F.);
#2572=ORIENTED_EDGE('',*,*,#1987,.T.);
#2573=ORIENTED_EDGE('',*,*,#1985,.T.);
#2574=ORIENTED_EDGE('',*,*,#1988,.T.);
#2575=ORIENTED_EDGE('',*,*,#1989,.T.);
#2576=ORIENTED_EDGE('',*,*,#1990,.T.);
#2577=ORIENTED_EDGE('',*,*,#1887,.T.);
#2578=ORIENTED_EDGE('',*,*,#1991,.T.);
#2579=ORIENTED_EDGE('',*,*,#1992,.T.);
#2580=ORIENTED_EDGE('',*,*,#1993,.T.);
#2581=ORIENTED_EDGE('',*,*,#1994,.T.);
#2582=ORIENTED_EDGE('',*,*,#1986,.T.);
#2583=ORIENTED_EDGE('',*,*,#1995,.T.);
#2584=ORIENTED_EDGE('',*,*,#1996,.T.);
#2585=ORIENTED_EDGE('',*,*,#1997,.T.);
#2586=ORIENTED_EDGE('',*,*,#1998,.T.);
#2587=ORIENTED_EDGE('',*,*,#1999,.T.);
#2588=ORIENTED_EDGE('',*,*,#2000,.F.);
#2589=ORIENTED_EDGE('',*,*,#2001,.F.);
#2590=ORIENTED_EDGE('',*,*,#2002,.F.);
#2591=ORIENTED_EDGE('',*,*,#2003,.T.);
#2592=ORIENTED_EDGE('',*,*,#2004,.T.);
#2593=ORIENTED_EDGE('',*,*,#2005,.T.);
#2594=ORIENTED_EDGE('',*,*,#1997,.F.);
#2595=ORIENTED_EDGE('',*,*,#2006,.F.);
#2596=ORIENTED_EDGE('',*,*,#2007,.F.);
#2597=ORIENTED_EDGE('',*,*,#2008,.F.);
#2598=ORIENTED_EDGE('',*,*,#2007,.T.);
#2599=ORIENTED_EDGE('',*,*,#2009,.T.);
#2600=ORIENTED_EDGE('',*,*,#2001,.T.);
#2601=ORIENTED_EDGE('',*,*,#2010,.T.);
#2602=ORIENTED_EDGE('',*,*,#2011,.T.);
#2603=ORIENTED_EDGE('',*,*,#2008,.T.);
#2604=ORIENTED_EDGE('',*,*,#2012,.T.);
#2605=ORIENTED_EDGE('',*,*,#2004,.F.);
#2606=ORIENTED_EDGE('',*,*,#2013,.T.);
#2607=ORIENTED_EDGE('',*,*,#2006,.T.);
#2608=ORIENTED_EDGE('',*,*,#2014,.T.);
#2609=ORIENTED_EDGE('',*,*,#2015,.T.);
#2610=ORIENTED_EDGE('',*,*,#1993,.F.);
#2611=ORIENTED_EDGE('',*,*,#2016,.T.);
#2612=ORIENTED_EDGE('',*,*,#2015,.F.);
#2613=ORIENTED_EDGE('',*,*,#2017,.T.);
#2614=ORIENTED_EDGE('',*,*,#1886,.T.);
#2615=ORIENTED_EDGE('',*,*,#2002,.T.);
#2616=ORIENTED_EDGE('',*,*,#2018,.T.);
#2617=ORIENTED_EDGE('',*,*,#1991,.F.);
#2618=ORIENTED_EDGE('',*,*,#2019,.T.);
#2619=ORIENTED_EDGE('',*,*,#2000,.T.);
#2620=ORIENTED_EDGE('',*,*,#1885,.T.);
#2621=ORIENTED_EDGE('',*,*,#2020,.T.);
#2622=ORIENTED_EDGE('',*,*,#1884,.T.);
#2623=ORIENTED_EDGE('',*,*,#1999,.F.);
#2624=ORIENTED_EDGE('',*,*,#2021,.T.);
#2625=ORIENTED_EDGE('',*,*,#2020,.F.);
#2626=ORIENTED_EDGE('',*,*,#1984,.T.);
#2627=ORIENTED_EDGE('',*,*,#2022,.T.);
#2628=ORIENTED_EDGE('',*,*,#1982,.T.);
#2629=ORIENTED_EDGE('',*,*,#2023,.T.);
#2630=ORIENTED_EDGE('',*,*,#1888,.T.);
#2631=ORIENTED_EDGE('',*,*,#1990,.F.);
#2632=ORIENTED_EDGE('',*,*,#2024,.T.);
#2633=ORIENTED_EDGE('',*,*,#1989,.F.);
#2634=ORIENTED_EDGE('',*,*,#2025,.T.);
#2635=ORIENTED_EDGE('',*,*,#1924,.T.);
#2636=ORIENTED_EDGE('',*,*,#1980,.T.);
#2637=ORIENTED_EDGE('',*,*,#2026,.T.);
#2638=ORIENTED_EDGE('',*,*,#2025,.F.);
#2639=ORIENTED_EDGE('',*,*,#1953,.F.);
#2640=ORIENTED_EDGE('',*,*,#2027,.T.);
#2641=ORIENTED_EDGE('',*,*,#1974,.F.);
#2642=ORIENTED_EDGE('',*,*,#1934,.F.);
#2643=ORIENTED_EDGE('',*,*,#1976,.F.);
#2644=ORIENTED_EDGE('',*,*,#2028,.T.);
#2645=ORIENTED_EDGE('',*,*,#1971,.F.);
#2646=ORIENTED_EDGE('',*,*,#2028,.F.);
#2647=ORIENTED_EDGE('',*,*,#1979,.F.);
#2648=ORIENTED_EDGE('',*,*,#2029,.T.);
#2649=ORIENTED_EDGE('',*,*,#1975,.F.);
#2650=ORIENTED_EDGE('',*,*,#1972,.F.);
#2651=ORIENTED_EDGE('',*,*,#1967,.F.);
#2652=ORIENTED_EDGE('',*,*,#1961,.F.);
#2653=ORIENTED_EDGE('',*,*,#1959,.F.);
#2654=ORIENTED_EDGE('',*,*,#1957,.F.);
#2655=ORIENTED_EDGE('',*,*,#1954,.F.);
#2656=ORIENTED_EDGE('',*,*,#2026,.F.);
#2657=ORIENTED_EDGE('',*,*,#2022,.F.);
#2658=ORIENTED_EDGE('',*,*,#1994,.F.);
#2659=ORIENTED_EDGE('',*,*,#2017,.F.);
#2660=ORIENTED_EDGE('',*,*,#2014,.F.);
#2661=ORIENTED_EDGE('',*,*,#2011,.F.);
#2662=ORIENTED_EDGE('',*,*,#2003,.F.);
#2663=ORIENTED_EDGE('',*,*,#2030,.T.);
#2664=ORIENTED_EDGE('',*,*,#1936,.F.);
#2665=ORIENTED_EDGE('',*,*,#2030,.F.);
#2666=ORIENTED_EDGE('',*,*,#1996,.F.);
#2667=ORIENTED_EDGE('',*,*,#1883,.F.);
#2668=ORIENTED_EDGE('',*,*,#2031,.T.);
#2669=ORIENTED_EDGE('',*,*,#2012,.F.);
#2670=ORIENTED_EDGE('',*,*,#2010,.F.);
#2671=ORIENTED_EDGE('',*,*,#2019,.F.);
#2672=ORIENTED_EDGE('',*,*,#2032,.T.);
#2673=ORIENTED_EDGE('',*,*,#1992,.F.);
#2674=ORIENTED_EDGE('',*,*,#2033,.T.);
#2675=ORIENTED_EDGE('',*,*,#2016,.F.);
#2676=ORIENTED_EDGE('',*,*,#2034,.F.);
#2677=ORIENTED_EDGE('',*,*,#2018,.F.);
#2678=ORIENTED_EDGE('',*,*,#2009,.F.);
#2679=ORIENTED_EDGE('',*,*,#2013,.F.);
#2680=ORIENTED_EDGE('',*,*,#2033,.F.);
#2681=ORIENTED_EDGE('',*,*,#2035,.T.);
#2682=ORIENTED_EDGE('',*,*,#2036,.T.);
#2683=ORIENTED_EDGE('',*,*,#2037,.T.);
#2684=ORIENTED_EDGE('',*,*,#2038,.T.);
#2685=ORIENTED_EDGE('',*,*,#1950,.F.);
#2686=ORIENTED_EDGE('',*,*,#1962,.F.);
#2687=ORIENTED_EDGE('',*,*,#1941,.F.);
#2688=ORIENTED_EDGE('',*,*,#1963,.F.);
#2689=ORIENTED_EDGE('',*,*,#2039,.T.);
#2690=ORIENTED_EDGE('',*,*,#1983,.F.);
#2691=ORIENTED_EDGE('',*,*,#1931,.T.);
#2692=ORIENTED_EDGE('',*,*,#1919,.F.);
#2693=ORIENTED_EDGE('',*,*,#2040,.T.);
#2694=ORIENTED_EDGE('',*,*,#2041,.T.);
#2695=ORIENTED_EDGE('',*,*,#2042,.F.);
#2696=ORIENTED_EDGE('',*,*,#1889,.F.);
#2697=ORIENTED_EDGE('',*,*,#1988,.F.);
#2698=ORIENTED_EDGE('',*,*,#2023,.F.);
#2699=ORIENTED_EDGE('',*,*,#2031,.F.);
#2700=ORIENTED_EDGE('',*,*,#2043,.T.);
#2701=ORIENTED_EDGE('',*,*,#2044,.T.);
#2702=ORIENTED_EDGE('',*,*,#2043,.F.);
#2703=ORIENTED_EDGE('',*,*,#2044,.F.);
#2704=ORIENTED_EDGE('',*,*,#2039,.F.);
#2705=ORIENTED_EDGE('',*,*,#2045,.T.);
#2706=ORIENTED_EDGE('',*,*,#2046,.T.);
#2707=ORIENTED_EDGE('',*,*,#2045,.F.);
#2708=ORIENTED_EDGE('',*,*,#2046,.F.);
#2709=ORIENTED_EDGE('',*,*,#2047,.F.);
#2710=ORIENTED_EDGE('',*,*,#2048,.F.);
#2711=ORIENTED_EDGE('',*,*,#2035,.F.);
#2712=ORIENTED_EDGE('',*,*,#2049,.T.);
#2713=ORIENTED_EDGE('',*,*,#2050,.F.);
#2714=ORIENTED_EDGE('',*,*,#2049,.F.);
#2715=ORIENTED_EDGE('',*,*,#2038,.F.);
#2716=ORIENTED_EDGE('',*,*,#2051,.T.);
#2717=ORIENTED_EDGE('',*,*,#2052,.F.);
#2718=ORIENTED_EDGE('',*,*,#2051,.F.);
#2719=ORIENTED_EDGE('',*,*,#2037,.F.);
#2720=ORIENTED_EDGE('',*,*,#2053,.T.);
#2721=ORIENTED_EDGE('',*,*,#2054,.F.);
#2722=ORIENTED_EDGE('',*,*,#2053,.F.);
#2723=ORIENTED_EDGE('',*,*,#2036,.F.);
#2724=ORIENTED_EDGE('',*,*,#2048,.T.);
#2725=ORIENTED_EDGE('',*,*,#1933,.F.);
#2726=ORIENTED_EDGE('',*,*,#2055,.T.);
#2727=ORIENTED_EDGE('',*,*,#2056,.F.);
#2728=ORIENTED_EDGE('',*,*,#2055,.F.);
#2729=ORIENTED_EDGE('',*,*,#1908,.F.);
#2730=ORIENTED_EDGE('',*,*,#2057,.F.);
#2731=ORIENTED_EDGE('',*,*,#1898,.F.);
#2732=ORIENTED_EDGE('',*,*,#1911,.F.);
#2733=ORIENTED_EDGE('',*,*,#2056,.T.);
#2734=ORIENTED_EDGE('',*,*,#2058,.T.);
#2735=ORIENTED_EDGE('',*,*,#2059,.F.);
#2736=ORIENTED_EDGE('',*,*,#2060,.F.);
#2737=ORIENTED_EDGE('',*,*,#2061,.T.);
#2738=ORIENTED_EDGE('',*,*,#2062,.F.);
#2739=ORIENTED_EDGE('',*,*,#2063,.T.);
#2740=ORIENTED_EDGE('',*,*,#1867,.F.);
#2741=ORIENTED_EDGE('',*,*,#2064,.T.);
#2742=ORIENTED_EDGE('',*,*,#2040,.F.);
#2743=ORIENTED_EDGE('',*,*,#1921,.F.);
#2744=ORIENTED_EDGE('',*,*,#1900,.F.);
#2745=ORIENTED_EDGE('',*,*,#1897,.F.);
#2746=ORIENTED_EDGE('',*,*,#2057,.T.);
#2747=ORIENTED_EDGE('',*,*,#1907,.F.);
#2748=ORIENTED_EDGE('',*,*,#1922,.F.);
#2749=ORIENTED_EDGE('',*,*,#2065,.F.);
#2750=ORIENTED_EDGE('',*,*,#2066,.F.);
#2751=ORIENTED_EDGE('',*,*,#2058,.F.);
#2752=ORIENTED_EDGE('',*,*,#1896,.F.);
#2753=ORIENTED_EDGE('',*,*,#1873,.F.);
#2754=ORIENTED_EDGE('',*,*,#2042,.T.);
#2755=ORIENTED_EDGE('',*,*,#2067,.T.);
#2756=ORIENTED_EDGE('',*,*,#1871,.F.);
#2757=ORIENTED_EDGE('',*,*,#2024,.F.);
#2758=ORIENTED_EDGE('',*,*,#2034,.T.);
#2759=ORIENTED_EDGE('',*,*,#1995,.F.);
#2760=ORIENTED_EDGE('',*,*,#1987,.F.);
#2761=ORIENTED_EDGE('',*,*,#2027,.F.);
#2762=ORIENTED_EDGE('',*,*,#2068,.F.);
#2763=ORIENTED_EDGE('',*,*,#1875,.F.);
#2764=ORIENTED_EDGE('',*,*,#1925,.T.);
#2765=ORIENTED_EDGE('',*,*,#1952,.F.);
#2766=ORIENTED_EDGE('',*,*,#2069,.F.);
#2767=ORIENTED_EDGE('',*,*,#1969,.F.);
#2768=ORIENTED_EDGE('',*,*,#1876,.F.);
#2769=ORIENTED_EDGE('',*,*,#2068,.T.);
#2770=ORIENTED_EDGE('',*,*,#1970,.F.);
#2771=ORIENTED_EDGE('',*,*,#2069,.T.);
#2772=ORIENTED_EDGE('',*,*,#1956,.F.);
#2773=ORIENTED_EDGE('',*,*,#2070,.F.);
#2774=ORIENTED_EDGE('',*,*,#1964,.F.);
#2775=ORIENTED_EDGE('',*,*,#2070,.T.);
#2776=ORIENTED_EDGE('',*,*,#1960,.F.);
#2777=ORIENTED_EDGE('',*,*,#1951,.F.);
#2778=ORIENTED_EDGE('',*,*,#1966,.F.);
#2779=ORIENTED_EDGE('',*,*,#2029,.F.);
#2780=ORIENTED_EDGE('',*,*,#1978,.F.);
#2781=ORIENTED_EDGE('',*,*,#1880,.F.);
#2782=ORIENTED_EDGE('',*,*,#1942,.F.);
#2783=ORIENTED_EDGE('',*,*,#2047,.T.);
#2784=ORIENTED_EDGE('',*,*,#2050,.T.);
#2785=ORIENTED_EDGE('',*,*,#2052,.T.);
#2786=ORIENTED_EDGE('',*,*,#2054,.T.);
#2787=ORIENTED_EDGE('',*,*,#2005,.F.);
#2788=ORIENTED_EDGE('',*,*,#2032,.F.);
#2789=ORIENTED_EDGE('',*,*,#2021,.F.);
#2790=ORIENTED_EDGE('',*,*,#1998,.F.);
#2791=ORIENTED_EDGE('',*,*,#2067,.F.);
#2792=ORIENTED_EDGE('',*,*,#2041,.F.);
#2793=ORIENTED_EDGE('',*,*,#2064,.F.);
#2794=ORIENTED_EDGE('',*,*,#1872,.F.);
#2795=ORIENTED_EDGE('',*,*,#2071,.F.);
#2796=ORIENTED_EDGE('',*,*,#2072,.T.);
#2797=ORIENTED_EDGE('',*,*,#2073,.F.);
#2798=ORIENTED_EDGE('',*,*,#2072,.F.);
#2799=ORIENTED_EDGE('',*,*,#1930,.T.);
#2800=ORIENTED_EDGE('',*,*,#2074,.T.);
#2801=ORIENTED_EDGE('',*,*,#2059,.T.);
#2802=ORIENTED_EDGE('',*,*,#2066,.T.);
#2803=ORIENTED_EDGE('',*,*,#2075,.T.);
#2804=ORIENTED_EDGE('',*,*,#2076,.T.);
#2805=ORIENTED_EDGE('',*,*,#2065,.T.);
#2806=ORIENTED_EDGE('',*,*,#2075,.F.);
#2807=ORIENTED_EDGE('',*,*,#2076,.F.);
#2808=ORIENTED_EDGE('',*,*,#2077,.T.);
#2809=ORIENTED_EDGE('',*,*,#2078,.T.);
#2810=ORIENTED_EDGE('',*,*,#2079,.T.);
#2811=ORIENTED_EDGE('',*,*,#2080,.T.);
#2812=ORIENTED_EDGE('',*,*,#2081,.F.);
#2813=ORIENTED_EDGE('',*,*,#2080,.F.);
#2814=ORIENTED_EDGE('',*,*,#2082,.T.);
#2815=ORIENTED_EDGE('',*,*,#2077,.F.);
#2816=ORIENTED_EDGE('',*,*,#2073,.T.);
#2817=ORIENTED_EDGE('',*,*,#2083,.T.);
#2818=ORIENTED_EDGE('',*,*,#2084,.T.);
#2819=ORIENTED_EDGE('',*,*,#1928,.F.);
#2820=ORIENTED_EDGE('',*,*,#2085,.F.);
#2821=ORIENTED_EDGE('',*,*,#2061,.F.);
#2822=ORIENTED_EDGE('',*,*,#2081,.T.);
#2823=ORIENTED_EDGE('',*,*,#2086,.F.);
#2824=ORIENTED_EDGE('',*,*,#2087,.F.);
#2825=ORIENTED_EDGE('',*,*,#2088,.T.);
#2826=ORIENTED_EDGE('',*,*,#2078,.F.);
#2827=ORIENTED_EDGE('',*,*,#2082,.F.);
#2828=ORIENTED_EDGE('',*,*,#2079,.F.);
#2829=ORIENTED_EDGE('',*,*,#2088,.F.);
#2830=ORIENTED_EDGE('',*,*,#2089,.F.);
#2831=ORIENTED_EDGE('',*,*,#2090,.F.);
#2832=ORIENTED_EDGE('',*,*,#2091,.F.);
#2833=ORIENTED_EDGE('',*,*,#2092,.T.);
#2834=ORIENTED_EDGE('',*,*,#2083,.F.);
#2835=ORIENTED_EDGE('',*,*,#2092,.F.);
#2836=ORIENTED_EDGE('',*,*,#2093,.F.);
#2837=ORIENTED_EDGE('',*,*,#2094,.F.);
#2838=ORIENTED_EDGE('',*,*,#2095,.F.);
#2839=ORIENTED_EDGE('',*,*,#2096,.T.);
#2840=ORIENTED_EDGE('',*,*,#2094,.T.);
#2841=ORIENTED_EDGE('',*,*,#2096,.F.);
#2842=ORIENTED_EDGE('',*,*,#1868,.F.);
#2843=ORIENTED_EDGE('',*,*,#2063,.F.);
#2844=ORIENTED_EDGE('',*,*,#2097,.T.);
#2845=ORIENTED_EDGE('',*,*,#1926,.F.);
#2846=ORIENTED_EDGE('',*,*,#2060,.T.);
#2847=ORIENTED_EDGE('',*,*,#2074,.F.);
#2848=ORIENTED_EDGE('',*,*,#1929,.T.);
#2849=ORIENTED_EDGE('',*,*,#2084,.F.);
#2850=ORIENTED_EDGE('',*,*,#2086,.T.);
#2851=ORIENTED_EDGE('',*,*,#2089,.T.);
#2852=ORIENTED_EDGE('',*,*,#2087,.T.);
#2853=ORIENTED_EDGE('',*,*,#2090,.T.);
#2854=ORIENTED_EDGE('',*,*,#2093,.T.);
#2855=ORIENTED_EDGE('',*,*,#2091,.T.);
#2856=ORIENTED_EDGE('',*,*,#2095,.T.);
#2857=ORIENTED_EDGE('',*,*,#2085,.T.);
#2858=ORIENTED_EDGE('',*,*,#1927,.F.);
#2859=ORIENTED_EDGE('',*,*,#2097,.F.);
#2860=ORIENTED_EDGE('',*,*,#2062,.T.);
#2861=ORIENTED_EDGE('',*,*,#2071,.T.);
#2862=ORIENTED_EDGE('',*,*,#2098,.F.);
#2863=ORIENTED_EDGE('',*,*,#2099,.T.);
#2864=ORIENTED_EDGE('',*,*,#2100,.F.);
#2865=ORIENTED_EDGE('',*,*,#2099,.F.);
#2866=ORIENTED_EDGE('',*,*,#2101,.T.);
#2867=ORIENTED_EDGE('',*,*,#2100,.T.);
#2868=ORIENTED_EDGE('',*,*,#2102,.F.);
#2869=ORIENTED_EDGE('',*,*,#2103,.T.);
#2870=ORIENTED_EDGE('',*,*,#2101,.F.);
#2871=ORIENTED_EDGE('',*,*,#2103,.F.);
#2872=ORIENTED_EDGE('',*,*,#2102,.T.);
#2873=ORIENTED_EDGE('',*,*,#2098,.T.);
#2874=ORIENTED_EDGE('',*,*,#2104,.F.);
#2875=ORIENTED_EDGE('',*,*,#2105,.T.);
#2876=ORIENTED_EDGE('',*,*,#2106,.F.);
#2877=ORIENTED_EDGE('',*,*,#2105,.F.);
#2878=ORIENTED_EDGE('',*,*,#2107,.F.);
#2879=ORIENTED_EDGE('',*,*,#2106,.T.);
#2880=ORIENTED_EDGE('',*,*,#2108,.T.);
#2881=ORIENTED_EDGE('',*,*,#2109,.T.);
#2882=ORIENTED_EDGE('',*,*,#2107,.T.);
#2883=ORIENTED_EDGE('',*,*,#2109,.F.);
#2884=ORIENTED_EDGE('',*,*,#2108,.F.);
#2885=ORIENTED_EDGE('',*,*,#2104,.T.);
#2886=ORIENTED_EDGE('',*,*,#2110,.T.);
#2887=ORIENTED_EDGE('',*,*,#2111,.T.);
#2888=ORIENTED_EDGE('',*,*,#2112,.F.);
#2889=ORIENTED_EDGE('',*,*,#2113,.F.);
#2890=ORIENTED_EDGE('',*,*,#2114,.T.);
#2891=ORIENTED_EDGE('',*,*,#2115,.T.);
#2892=ORIENTED_EDGE('',*,*,#2114,.F.);
#2893=ORIENTED_EDGE('',*,*,#2116,.F.);
#2894=ORIENTED_EDGE('',*,*,#2117,.F.);
#2895=ORIENTED_EDGE('',*,*,#2118,.T.);
#2896=ORIENTED_EDGE('',*,*,#2119,.F.);
#2897=ORIENTED_EDGE('',*,*,#2120,.F.);
#2898=ORIENTED_EDGE('',*,*,#2121,.F.);
#2899=ORIENTED_EDGE('',*,*,#2122,.T.);
#2900=ORIENTED_EDGE('',*,*,#2123,.F.);
#2901=ORIENTED_EDGE('',*,*,#2124,.T.);
#2902=ORIENTED_EDGE('',*,*,#2125,.F.);
#2903=ORIENTED_EDGE('',*,*,#2126,.F.);
#2904=ORIENTED_EDGE('',*,*,#2127,.T.);
#2905=ORIENTED_EDGE('',*,*,#2128,.T.);
#2906=ORIENTED_EDGE('',*,*,#2129,.T.);
#2907=ORIENTED_EDGE('',*,*,#2130,.T.);
#2908=ORIENTED_EDGE('',*,*,#2131,.T.);
#2909=ORIENTED_EDGE('',*,*,#2132,.T.);
#2910=ORIENTED_EDGE('',*,*,#2133,.T.);
#2911=ORIENTED_EDGE('',*,*,#2128,.F.);
#2912=ORIENTED_EDGE('',*,*,#2134,.T.);
#2913=ORIENTED_EDGE('',*,*,#2135,.T.);
#2914=ORIENTED_EDGE('',*,*,#2136,.T.);
#2915=ORIENTED_EDGE('',*,*,#2132,.F.);
#2916=ORIENTED_EDGE('',*,*,#2121,.T.);
#2917=ORIENTED_EDGE('',*,*,#2137,.T.);
#2918=ORIENTED_EDGE('',*,*,#2138,.T.);
#2919=ORIENTED_EDGE('',*,*,#2139,.T.);
#2920=ORIENTED_EDGE('',*,*,#2130,.F.);
#2921=ORIENTED_EDGE('',*,*,#2111,.F.);
#2922=ORIENTED_EDGE('',*,*,#2140,.T.);
#2923=ORIENTED_EDGE('',*,*,#2141,.T.);
#2924=ORIENTED_EDGE('',*,*,#2134,.F.);
#2925=ORIENTED_EDGE('',*,*,#2131,.F.);
#2926=ORIENTED_EDGE('',*,*,#2127,.F.);
#2927=ORIENTED_EDGE('',*,*,#2139,.F.);
#2928=ORIENTED_EDGE('',*,*,#2142,.T.);
#2929=ORIENTED_EDGE('',*,*,#2143,.F.);
#2930=ORIENTED_EDGE('',*,*,#2144,.T.);
#2931=ORIENTED_EDGE('',*,*,#2145,.F.);
#2932=ORIENTED_EDGE('',*,*,#2146,.F.);
#2933=ORIENTED_EDGE('',*,*,#2147,.F.);
#2934=ORIENTED_EDGE('',*,*,#2148,.F.);
#2935=ORIENTED_EDGE('',*,*,#2149,.F.);
#2936=ORIENTED_EDGE('',*,*,#2150,.T.);
#2937=ORIENTED_EDGE('',*,*,#2151,.T.);
#2938=ORIENTED_EDGE('',*,*,#2152,.T.);
#2939=ORIENTED_EDGE('',*,*,#2153,.T.);
#2940=ORIENTED_EDGE('',*,*,#2149,.T.);
#2941=ORIENTED_EDGE('',*,*,#2154,.T.);
#2942=ORIENTED_EDGE('',*,*,#2148,.T.);
#2943=ORIENTED_EDGE('',*,*,#2155,.T.);
#2944=ORIENTED_EDGE('',*,*,#2156,.T.);
#2945=ORIENTED_EDGE('',*,*,#2154,.F.);
#2946=ORIENTED_EDGE('',*,*,#2157,.T.);
#2947=ORIENTED_EDGE('',*,*,#2155,.F.);
#2948=ORIENTED_EDGE('',*,*,#2147,.T.);
#2949=ORIENTED_EDGE('',*,*,#2158,.T.);
#2950=ORIENTED_EDGE('',*,*,#2159,.T.);
#2951=ORIENTED_EDGE('',*,*,#2158,.F.);
#2952=ORIENTED_EDGE('',*,*,#2146,.T.);
#2953=ORIENTED_EDGE('',*,*,#2160,.T.);
#2954=ORIENTED_EDGE('',*,*,#2145,.T.);
#2955=ORIENTED_EDGE('',*,*,#2161,.T.);
#2956=ORIENTED_EDGE('',*,*,#2162,.T.);
#2957=ORIENTED_EDGE('',*,*,#2160,.F.);
#2958=ORIENTED_EDGE('',*,*,#2156,.F.);
#2959=ORIENTED_EDGE('',*,*,#2163,.T.);
#2960=ORIENTED_EDGE('',*,*,#2164,.F.);
#2961=ORIENTED_EDGE('',*,*,#2165,.F.);
#2962=ORIENTED_EDGE('',*,*,#2166,.T.);
#2963=ORIENTED_EDGE('',*,*,#2157,.F.);
#2964=ORIENTED_EDGE('',*,*,#2167,.F.);
#2965=ORIENTED_EDGE('',*,*,#2168,.F.);
#2966=ORIENTED_EDGE('',*,*,#2163,.F.);
#2967=ORIENTED_EDGE('',*,*,#2159,.F.);
#2968=ORIENTED_EDGE('',*,*,#2169,.F.);
#2969=ORIENTED_EDGE('',*,*,#2170,.F.);
#2970=ORIENTED_EDGE('',*,*,#2167,.T.);
#2971=ORIENTED_EDGE('',*,*,#2171,.T.);
#2972=ORIENTED_EDGE('',*,*,#2172,.F.);
#2973=ORIENTED_EDGE('',*,*,#2151,.F.);
#2974=ORIENTED_EDGE('',*,*,#2165,.T.);
#2975=ORIENTED_EDGE('',*,*,#2173,.F.);
#2976=ORIENTED_EDGE('',*,*,#2169,.T.);
#2977=ORIENTED_EDGE('',*,*,#2162,.F.);
#2978=ORIENTED_EDGE('',*,*,#2174,.T.);
#2979=ORIENTED_EDGE('',*,*,#2175,.F.);
#2980=ORIENTED_EDGE('',*,*,#2129,.F.);
#2981=ORIENTED_EDGE('',*,*,#2176,.F.);
#2982=ORIENTED_EDGE('',*,*,#2177,.F.);
#2983=ORIENTED_EDGE('',*,*,#2122,.F.);
#2984=ORIENTED_EDGE('',*,*,#2178,.T.);
#2985=ORIENTED_EDGE('',*,*,#2135,.F.);
#2986=ORIENTED_EDGE('',*,*,#2179,.T.);
#2987=ORIENTED_EDGE('',*,*,#2180,.T.);
#2988=ORIENTED_EDGE('',*,*,#2181,.T.);
#2989=ORIENTED_EDGE('',*,*,#2136,.F.);
#2990=ORIENTED_EDGE('',*,*,#2181,.F.);
#2991=ORIENTED_EDGE('',*,*,#2182,.F.);
#2992=ORIENTED_EDGE('',*,*,#2124,.F.);
#2993=ORIENTED_EDGE('',*,*,#2183,.F.);
#2994=ORIENTED_EDGE('',*,*,#2184,.T.);
#2995=ORIENTED_EDGE('',*,*,#2185,.T.);
#2996=ORIENTED_EDGE('',*,*,#2110,.F.);
#2997=ORIENTED_EDGE('',*,*,#2186,.F.);
#2998=ORIENTED_EDGE('',*,*,#2187,.F.);
#2999=ORIENTED_EDGE('',*,*,#2188,.F.);
#3000=ORIENTED_EDGE('',*,*,#2189,.F.);
#3001=ORIENTED_EDGE('',*,*,#2140,.F.);
#3002=ORIENTED_EDGE('',*,*,#2190,.T.);
#3003=ORIENTED_EDGE('',*,*,#2191,.F.);
#3004=ORIENTED_EDGE('',*,*,#2192,.F.);
#3005=ORIENTED_EDGE('',*,*,#2193,.F.);
#3006=ORIENTED_EDGE('',*,*,#2142,.F.);
#3007=ORIENTED_EDGE('',*,*,#2138,.F.);
#3008=ORIENTED_EDGE('',*,*,#2144,.F.);
#3009=ORIENTED_EDGE('',*,*,#2194,.F.);
#3010=ORIENTED_EDGE('',*,*,#2195,.F.);
#3011=ORIENTED_EDGE('',*,*,#2174,.F.);
#3012=ORIENTED_EDGE('',*,*,#2161,.F.);
#3013=ORIENTED_EDGE('',*,*,#2196,.T.);
#3014=ORIENTED_EDGE('',*,*,#2197,.F.);
#3015=ORIENTED_EDGE('',*,*,#2116,.T.);
#3016=ORIENTED_EDGE('',*,*,#2113,.T.);
#3017=ORIENTED_EDGE('',*,*,#2198,.T.);
#3018=ORIENTED_EDGE('',*,*,#2199,.T.);
#3019=ORIENTED_EDGE('',*,*,#2200,.F.);
#3020=ORIENTED_EDGE('',*,*,#2201,.F.);
#3021=ORIENTED_EDGE('',*,*,#2202,.T.);
#3022=ORIENTED_EDGE('',*,*,#2203,.T.);
#3023=ORIENTED_EDGE('',*,*,#2196,.F.);
#3024=ORIENTED_EDGE('',*,*,#2112,.T.);
#3025=ORIENTED_EDGE('',*,*,#2150,.F.);
#3026=ORIENTED_EDGE('',*,*,#2153,.F.);
#3027=ORIENTED_EDGE('',*,*,#2172,.T.);
#3028=ORIENTED_EDGE('',*,*,#2204,.T.);
#3029=ORIENTED_EDGE('',*,*,#2205,.F.);
#3030=ORIENTED_EDGE('',*,*,#2206,.T.);
#3031=ORIENTED_EDGE('',*,*,#2198,.F.);
#3032=ORIENTED_EDGE('',*,*,#2152,.F.);
#3033=ORIENTED_EDGE('',*,*,#2207,.T.);
#3034=ORIENTED_EDGE('',*,*,#2208,.T.);
#3035=ORIENTED_EDGE('',*,*,#2168,.T.);
#3036=ORIENTED_EDGE('',*,*,#2209,.F.);
#3037=ORIENTED_EDGE('',*,*,#2210,.T.);
#3038=ORIENTED_EDGE('',*,*,#2211,.T.);
#3039=ORIENTED_EDGE('',*,*,#2164,.T.);
#3040=ORIENTED_EDGE('',*,*,#2208,.F.);
#3041=ORIENTED_EDGE('',*,*,#2212,.T.);
#3042=ORIENTED_EDGE('',*,*,#2213,.T.);
#3043=ORIENTED_EDGE('',*,*,#2173,.T.);
#3044=ORIENTED_EDGE('',*,*,#2211,.F.);
#3045=ORIENTED_EDGE('',*,*,#2170,.T.);
#3046=ORIENTED_EDGE('',*,*,#2213,.F.);
#3047=ORIENTED_EDGE('',*,*,#2214,.T.);
#3048=ORIENTED_EDGE('',*,*,#2209,.T.);
#3049=ORIENTED_EDGE('',*,*,#2215,.F.);
#3050=ORIENTED_EDGE('',*,*,#2216,.F.);
#3051=ORIENTED_EDGE('',*,*,#2217,.F.);
#3052=ORIENTED_EDGE('',*,*,#2218,.F.);
#3053=ORIENTED_EDGE('',*,*,#2207,.F.);
#3054=ORIENTED_EDGE('',*,*,#2214,.F.);
#3055=ORIENTED_EDGE('',*,*,#2212,.F.);
#3056=ORIENTED_EDGE('',*,*,#2210,.F.);
#3057=ORIENTED_EDGE('',*,*,#2215,.T.);
#3058=ORIENTED_EDGE('',*,*,#2219,.T.);
#3059=ORIENTED_EDGE('',*,*,#2220,.T.);
#3060=ORIENTED_EDGE('',*,*,#2221,.F.);
#3061=ORIENTED_EDGE('',*,*,#2218,.T.);
#3062=ORIENTED_EDGE('',*,*,#2222,.T.);
#3063=ORIENTED_EDGE('',*,*,#2177,.T.);
#3064=ORIENTED_EDGE('',*,*,#2219,.F.);
#3065=ORIENTED_EDGE('',*,*,#2217,.T.);
#3066=ORIENTED_EDGE('',*,*,#2223,.T.);
#3067=ORIENTED_EDGE('',*,*,#2123,.T.);
#3068=ORIENTED_EDGE('',*,*,#2222,.F.);
#3069=ORIENTED_EDGE('',*,*,#2183,.T.);
#3070=ORIENTED_EDGE('',*,*,#2223,.F.);
#3071=ORIENTED_EDGE('',*,*,#2216,.T.);
#3072=ORIENTED_EDGE('',*,*,#2221,.T.);
#3073=ORIENTED_EDGE('',*,*,#2133,.F.);
#3074=ORIENTED_EDGE('',*,*,#2184,.F.);
#3075=ORIENTED_EDGE('',*,*,#2220,.F.);
#3076=ORIENTED_EDGE('',*,*,#2176,.T.);
#3077=ORIENTED_EDGE('',*,*,#2182,.T.);
#3078=ORIENTED_EDGE('',*,*,#2180,.F.);
#3079=ORIENTED_EDGE('',*,*,#2224,.T.);
#3080=ORIENTED_EDGE('',*,*,#2225,.T.);
#3081=ORIENTED_EDGE('',*,*,#2125,.T.);
#3082=ORIENTED_EDGE('',*,*,#2225,.F.);
#3083=ORIENTED_EDGE('',*,*,#2226,.T.);
#3084=ORIENTED_EDGE('',*,*,#2187,.T.);
#3085=ORIENTED_EDGE('',*,*,#2227,.T.);
#3086=ORIENTED_EDGE('',*,*,#2115,.F.);
#3087=ORIENTED_EDGE('',*,*,#2126,.T.);
#3088=ORIENTED_EDGE('',*,*,#2227,.F.);
#3089=ORIENTED_EDGE('',*,*,#2186,.T.);
#3090=ORIENTED_EDGE('',*,*,#2228,.F.);
#3091=ORIENTED_EDGE('',*,*,#2204,.F.);
#3092=ORIENTED_EDGE('',*,*,#2175,.T.);
#3093=ORIENTED_EDGE('',*,*,#2229,.F.);
#3094=ORIENTED_EDGE('',*,*,#2230,.T.);
#3095=ORIENTED_EDGE('',*,*,#2231,.T.);
#3096=ORIENTED_EDGE('',*,*,#2232,.F.);
#3097=ORIENTED_EDGE('',*,*,#2233,.F.);
#3098=ORIENTED_EDGE('',*,*,#2234,.F.);
#3099=ORIENTED_EDGE('',*,*,#2143,.T.);
#3100=ORIENTED_EDGE('',*,*,#2193,.T.);
#3101=ORIENTED_EDGE('',*,*,#2233,.T.);
#3102=ORIENTED_EDGE('',*,*,#2194,.T.);
#3103=ORIENTED_EDGE('',*,*,#2235,.F.);
#3104=ORIENTED_EDGE('',*,*,#2236,.F.);
#3105=ORIENTED_EDGE('',*,*,#2237,.F.);
#3106=ORIENTED_EDGE('',*,*,#2120,.T.);
#3107=ORIENTED_EDGE('',*,*,#2236,.T.);
#3108=ORIENTED_EDGE('',*,*,#2191,.T.);
#3109=ORIENTED_EDGE('',*,*,#2137,.F.);
#3110=ORIENTED_EDGE('',*,*,#2195,.T.);
#3111=ORIENTED_EDGE('',*,*,#2232,.T.);
#3112=ORIENTED_EDGE('',*,*,#2238,.T.);
#3113=ORIENTED_EDGE('',*,*,#2229,.T.);
#3114=ORIENTED_EDGE('',*,*,#2239,.F.);
#3115=ORIENTED_EDGE('',*,*,#2240,.F.);
#3116=ORIENTED_EDGE('',*,*,#2241,.F.);
#3117=ORIENTED_EDGE('',*,*,#2242,.T.);
#3118=ORIENTED_EDGE('',*,*,#2240,.T.);
#3119=ORIENTED_EDGE('',*,*,#2243,.T.);
#3120=ORIENTED_EDGE('',*,*,#2244,.T.);
#3121=ORIENTED_EDGE('',*,*,#2245,.F.);
#3122=ORIENTED_EDGE('',*,*,#2246,.F.);
#3123=ORIENTED_EDGE('',*,*,#2247,.F.);
#3124=ORIENTED_EDGE('',*,*,#2248,.T.);
#3125=ORIENTED_EDGE('',*,*,#2246,.T.);
#3126=ORIENTED_EDGE('',*,*,#2249,.T.);
#3127=ORIENTED_EDGE('',*,*,#2231,.F.);
#3128=ORIENTED_EDGE('',*,*,#2239,.T.);
#3129=ORIENTED_EDGE('',*,*,#2250,.T.);
#3130=ORIENTED_EDGE('',*,*,#2247,.T.);
#3131=ORIENTED_EDGE('',*,*,#2251,.T.);
#3132=ORIENTED_EDGE('',*,*,#2252,.F.);
#3133=ORIENTED_EDGE('',*,*,#2253,.F.);
#3134=ORIENTED_EDGE('',*,*,#2254,.F.);
#3135=ORIENTED_EDGE('',*,*,#2255,.T.);
#3136=ORIENTED_EDGE('',*,*,#2253,.T.);
#3137=ORIENTED_EDGE('',*,*,#2256,.T.);
#3138=ORIENTED_EDGE('',*,*,#2117,.T.);
#3139=ORIENTED_EDGE('',*,*,#2197,.T.);
#3140=ORIENTED_EDGE('',*,*,#2257,.F.);
#3141=ORIENTED_EDGE('',*,*,#2258,.F.);
#3142=ORIENTED_EDGE('',*,*,#2259,.F.);
#3143=ORIENTED_EDGE('',*,*,#2260,.F.);
#3144=ORIENTED_EDGE('',*,*,#2258,.T.);
#3145=ORIENTED_EDGE('',*,*,#2261,.T.);
#3146=ORIENTED_EDGE('',*,*,#2206,.F.);
#3147=ORIENTED_EDGE('',*,*,#2245,.T.);
#3148=ORIENTED_EDGE('',*,*,#2262,.T.);
#3149=ORIENTED_EDGE('',*,*,#2259,.T.);
#3150=ORIENTED_EDGE('',*,*,#2263,.T.);
#3151=ORIENTED_EDGE('',*,*,#2257,.T.);
#3152=ORIENTED_EDGE('',*,*,#2264,.T.);
#3153=ORIENTED_EDGE('',*,*,#2254,.T.);
#3154=ORIENTED_EDGE('',*,*,#2265,.T.);
#3155=ORIENTED_EDGE('',*,*,#2252,.T.);
#3156=ORIENTED_EDGE('',*,*,#2266,.T.);
#3157=ORIENTED_EDGE('',*,*,#2241,.T.);
#3158=ORIENTED_EDGE('',*,*,#2267,.T.);
#3159=ORIENTED_EDGE('',*,*,#2268,.T.);
#3160=ORIENTED_EDGE('',*,*,#2237,.T.);
#3161=ORIENTED_EDGE('',*,*,#2119,.T.);
#3162=ORIENTED_EDGE('',*,*,#2244,.F.);
#3163=ORIENTED_EDGE('',*,*,#2235,.T.);
#3164=ORIENTED_EDGE('',*,*,#2269,.T.);
#3165=ORIENTED_EDGE('',*,*,#2234,.T.);
#3166=ORIENTED_EDGE('',*,*,#2192,.T.);
#3167=ORIENTED_EDGE('',*,*,#2249,.F.);
#3168=ORIENTED_EDGE('',*,*,#2263,.F.);
#3169=ORIENTED_EDGE('',*,*,#2260,.T.);
#3170=ORIENTED_EDGE('',*,*,#2205,.T.);
#3171=ORIENTED_EDGE('',*,*,#2228,.T.);
#3172=ORIENTED_EDGE('',*,*,#2243,.F.);
#3173=ORIENTED_EDGE('',*,*,#2251,.F.);
#3174=ORIENTED_EDGE('',*,*,#2248,.F.);
#3175=ORIENTED_EDGE('',*,*,#2230,.F.);
#3176=ORIENTED_EDGE('',*,*,#2238,.F.);
#3177=ORIENTED_EDGE('',*,*,#2269,.F.);
#3178=ORIENTED_EDGE('',*,*,#2268,.F.);
#3179=ORIENTED_EDGE('',*,*,#2270,.T.);
#3180=ORIENTED_EDGE('',*,*,#2271,.T.);
#3181=ORIENTED_EDGE('',*,*,#2272,.T.);
#3182=ORIENTED_EDGE('',*,*,#2201,.T.);
#3183=ORIENTED_EDGE('',*,*,#2250,.F.);
#3184=ORIENTED_EDGE('',*,*,#2266,.F.);
#3185=ORIENTED_EDGE('',*,*,#2264,.F.);
#3186=ORIENTED_EDGE('',*,*,#2262,.F.);
#3187=ORIENTED_EDGE('',*,*,#2273,.T.);
#3188=ORIENTED_EDGE('',*,*,#2270,.F.);
#3189=ORIENTED_EDGE('',*,*,#2200,.T.);
#3190=ORIENTED_EDGE('',*,*,#2274,.F.);
#3191=ORIENTED_EDGE('',*,*,#2275,.F.);
#3192=ORIENTED_EDGE('',*,*,#2272,.F.);
#3193=ORIENTED_EDGE('',*,*,#2276,.T.);
#3194=ORIENTED_EDGE('',*,*,#2277,.F.);
#3195=ORIENTED_EDGE('',*,*,#2202,.F.);
#3196=ORIENTED_EDGE('',*,*,#2271,.F.);
#3197=ORIENTED_EDGE('',*,*,#2275,.T.);
#3198=ORIENTED_EDGE('',*,*,#2278,.F.);
#3199=ORIENTED_EDGE('',*,*,#2276,.F.);
#3200=ORIENTED_EDGE('',*,*,#2255,.F.);
#3201=ORIENTED_EDGE('',*,*,#2203,.F.);
#3202=ORIENTED_EDGE('',*,*,#2277,.T.);
#3203=ORIENTED_EDGE('',*,*,#2278,.T.);
#3204=ORIENTED_EDGE('',*,*,#2274,.T.);
#3205=ORIENTED_EDGE('',*,*,#2199,.F.);
#3206=ORIENTED_EDGE('',*,*,#2261,.F.);
#3207=ORIENTED_EDGE('',*,*,#2265,.F.);
#3208=ORIENTED_EDGE('',*,*,#2273,.F.);
#3209=ORIENTED_EDGE('',*,*,#2279,.T.);
#3210=ORIENTED_EDGE('',*,*,#2280,.T.);
#3211=ORIENTED_EDGE('',*,*,#2279,.F.);
#3212=ORIENTED_EDGE('',*,*,#2280,.F.);
#3213=ORIENTED_EDGE('',*,*,#2242,.F.);
#3214=ORIENTED_EDGE('',*,*,#2118,.F.);
#3215=ORIENTED_EDGE('',*,*,#2256,.F.);
#3216=ORIENTED_EDGE('',*,*,#2267,.F.);
#3217=ORIENTED_EDGE('',*,*,#2190,.F.);
#3218=ORIENTED_EDGE('',*,*,#2281,.T.);
#3219=ORIENTED_EDGE('',*,*,#2282,.T.);
#3220=ORIENTED_EDGE('',*,*,#2281,.F.);
#3221=ORIENTED_EDGE('',*,*,#2282,.F.);
#3222=ORIENTED_EDGE('',*,*,#2179,.F.);
#3223=ORIENTED_EDGE('',*,*,#2141,.F.);
#3224=ORIENTED_EDGE('',*,*,#2189,.T.);
#3225=ORIENTED_EDGE('',*,*,#2283,.F.);
#3226=ORIENTED_EDGE('',*,*,#2224,.F.);
#3227=ORIENTED_EDGE('',*,*,#2283,.T.);
#3228=ORIENTED_EDGE('',*,*,#2188,.T.);
#3229=ORIENTED_EDGE('',*,*,#2226,.F.);
#3230=ORIENTED_EDGE('',*,*,#2185,.F.);
#3231=ORIENTED_EDGE('',*,*,#2284,.T.);
#3232=ORIENTED_EDGE('',*,*,#2166,.F.);
#3233=ORIENTED_EDGE('',*,*,#2284,.F.);
#3234=ORIENTED_EDGE('',*,*,#2178,.F.);
#3235=ORIENTED_EDGE('',*,*,#2285,.T.);
#3236=ORIENTED_EDGE('',*,*,#2171,.F.);
#3237=ORIENTED_EDGE('',*,*,#2285,.F.);
#3238=CYLINDRICAL_SURFACE('',#3528,1.6129);
#3239=CYLINDRICAL_SURFACE('',#3538,2.125);
#3240=CYLINDRICAL_SURFACE('',#3546,16.25);
#3241=CYLINDRICAL_SURFACE('',#3550,1.59385);
#3242=CYLINDRICAL_SURFACE('',#3559,14.5);
#3243=CYLINDRICAL_SURFACE('',#3562,1.59385);
#3244=CYLINDRICAL_SURFACE('',#3567,3.);
#3245=CYLINDRICAL_SURFACE('',#3570,1.6129);
#3246=CYLINDRICAL_SURFACE('',#3573,3.);
#3247=CYLINDRICAL_SURFACE('',#3578,1.59385);
#3248=CYLINDRICAL_SURFACE('',#3583,3.);
#3249=CYLINDRICAL_SURFACE('',#3588,1.25);
#3250=CYLINDRICAL_SURFACE('',#3666,1.05);
#3251=CYLINDRICAL_SURFACE('',#3669,1.05);
#3252=CYLINDRICAL_SURFACE('',#3676,0.9);
#3253=CYLINDRICAL_SURFACE('',#3682,5.995);
#3254=CYLINDRICAL_SURFACE('',#3685,0.500000000041101);
#3255=CYLINDRICAL_SURFACE('',#3692,1.6129);
#3256=CYLINDRICAL_SURFACE('',#3698,19.);
#3257=CYLINDRICAL_SURFACE('',#3702,1.6002);
#3258=CYLINDRICAL_SURFACE('',#3703,1.6002);
#3259=CYLINDRICAL_SURFACE('',#3706,1.5875);
#3260=CYLINDRICAL_SURFACE('',#3707,3.21400000000001);
#3261=CYLINDRICAL_SURFACE('',#3708,21.);
#3262=CYLINDRICAL_SURFACE('',#3710,1.5875);
#3263=CYLINDRICAL_SURFACE('',#3715,3.);
#3264=CYLINDRICAL_SURFACE('',#3718,1.5875);
#3265=CYLINDRICAL_SURFACE('',#3723,3.);
#3266=CYLINDRICAL_SURFACE('',#3731,38.5);
#3267=CYLINDRICAL_SURFACE('',#3758,26.);
#3268=CYLINDRICAL_SURFACE('',#3762,26.);
#3269=CYLINDRICAL_SURFACE('',#3791,38.5);
#3270=CYLINDRICAL_SURFACE('',#3826,1.05);
#3271=CYLINDRICAL_SURFACE('',#3830,1.05);
#3272=CYLINDRICAL_SURFACE('',#3835,1.59385);
#3273=CYLINDRICAL_SURFACE('',#3836,1.59385);
#3274=ADVANCED_FACE('',(#282),#3238,.F.);
#3275=ADVANCED_FACE('',(#283),#123,.T.);
#3276=ADVANCED_FACE('',(#284),#124,.T.);
#3277=ADVANCED_FACE('',(#285),#125,.T.);
#3278=ADVANCED_FACE('',(#286),#126,.T.);
#3279=ADVANCED_FACE('',(#287),#127,.T.);
#3280=ADVANCED_FACE('',(#288),#3239,.F.);
#3281=ADVANCED_FACE('',(#289),#128,.T.);
#3282=ADVANCED_FACE('',(#290),#129,.T.);
#3283=ADVANCED_FACE('',(#291),#130,.T.);
#3284=ADVANCED_FACE('',(#292,#79),#131,.T.);
#3285=ADVANCED_FACE('',(#293,#80,#81),#3240,.T.);
#3286=ADVANCED_FACE('',(#294),#3241,.F.);
#3287=ADVANCED_FACE('',(#295),#132,.F.);
#3288=ADVANCED_FACE('',(#296),#78,.T.);
#3289=ADVANCED_FACE('',(#297),#133,.T.);
#3290=ADVANCED_FACE('',(#298),#134,.F.);
#3291=ADVANCED_FACE('',(#299),#3242,.F.);
#3292=ADVANCED_FACE('',(#300,#82),#135,.F.);
#3293=ADVANCED_FACE('',(#301),#3243,.F.);
#3294=ADVANCED_FACE('',(#302,#83),#136,.F.);
#3295=ADVANCED_FACE('',(#303),#3244,.T.);
#3296=ADVANCED_FACE('',(#304,#84),#137,.T.);
#3297=ADVANCED_FACE('',(#305),#3245,.F.);
#3298=ADVANCED_FACE('',(#306),#3246,.T.);
#3299=ADVANCED_FACE('',(#307,#85),#138,.T.);
#3300=ADVANCED_FACE('',(#308,#86),#139,.F.);
#3301=ADVANCED_FACE('',(#309),#3247,.F.);
#3302=ADVANCED_FACE('',(#310,#87),#140,.T.);
#3303=ADVANCED_FACE('',(#311),#3248,.T.);
#3304=ADVANCED_FACE('',(#312,#88),#141,.F.);
#3305=ADVANCED_FACE('',(#313),#3249,.F.);
#3306=ADVANCED_FACE('',(#314),#142,.F.);
#3307=ADVANCED_FACE('',(#315),#143,.T.);
#3308=ADVANCED_FACE('',(#316),#144,.T.);
#3309=ADVANCED_FACE('',(#317),#145,.T.);
#3310=ADVANCED_FACE('',(#318),#146,.T.);
#3311=ADVANCED_FACE('',(#319),#147,.T.);
#3312=ADVANCED_FACE('',(#320),#148,.T.);
#3313=ADVANCED_FACE('',(#321),#149,.T.);
#3314=ADVANCED_FACE('',(#322),#150,.T.);
#3315=ADVANCED_FACE('',(#323),#151,.T.);
#3316=ADVANCED_FACE('',(#324),#152,.T.);
#3317=ADVANCED_FACE('',(#325),#153,.T.);
#3318=ADVANCED_FACE('',(#326),#154,.T.);
#3319=ADVANCED_FACE('',(#327),#155,.F.);
#3320=ADVANCED_FACE('',(#328,#89),#156,.T.);
#3321=ADVANCED_FACE('',(#329),#157,.T.);
#3322=ADVANCED_FACE('',(#330),#158,.T.);
#3323=ADVANCED_FACE('',(#331),#159,.T.);
#3324=ADVANCED_FACE('',(#332),#160,.T.);
#3325=ADVANCED_FACE('',(#333),#161,.T.);
#3326=ADVANCED_FACE('',(#334),#162,.T.);
#3327=ADVANCED_FACE('',(#335),#163,.T.);
#3328=ADVANCED_FACE('',(#336),#164,.T.);
#3329=ADVANCED_FACE('',(#337),#165,.T.);
#3330=ADVANCED_FACE('',(#338),#166,.T.);
#3331=ADVANCED_FACE('',(#339),#167,.T.);
#3332=ADVANCED_FACE('',(#340),#168,.T.);
#3333=ADVANCED_FACE('',(#341),#169,.T.);
#3334=ADVANCED_FACE('',(#342),#170,.T.);
#3335=ADVANCED_FACE('',(#343),#171,.T.);
#3336=ADVANCED_FACE('',(#344),#172,.T.);
#3337=ADVANCED_FACE('',(#345),#173,.T.);
#3338=ADVANCED_FACE('',(#346),#174,.T.);
#3339=ADVANCED_FACE('',(#347),#175,.T.);
#3340=ADVANCED_FACE('',(#348),#176,.T.);
#3341=ADVANCED_FACE('',(#349),#177,.T.);
#3342=ADVANCED_FACE('',(#350),#178,.T.);
#3343=ADVANCED_FACE('',(#351),#179,.T.);
#3344=ADVANCED_FACE('',(#352),#180,.T.);
#3345=ADVANCED_FACE('',(#353),#181,.T.);
#3346=ADVANCED_FACE('',(#354),#182,.T.);
#3347=ADVANCED_FACE('',(#355),#183,.T.);
#3348=ADVANCED_FACE('',(#356),#184,.T.);
#3349=ADVANCED_FACE('',(#357),#185,.T.);
#3350=ADVANCED_FACE('',(#358),#186,.T.);
#3351=ADVANCED_FACE('',(#359),#187,.T.);
#3352=ADVANCED_FACE('',(#360),#188,.T.);
#3353=ADVANCED_FACE('',(#361),#189,.T.);
#3354=ADVANCED_FACE('',(#362),#190,.T.);
#3355=ADVANCED_FACE('',(#363),#191,.T.);
#3356=ADVANCED_FACE('',(#364),#192,.T.);
#3357=ADVANCED_FACE('',(#365),#193,.T.);
#3358=ADVANCED_FACE('',(#366),#194,.T.);
#3359=ADVANCED_FACE('',(#367),#195,.T.);
#3360=ADVANCED_FACE('',(#368),#40,.T.);
#3361=ADVANCED_FACE('',(#369),#196,.T.);
#3362=ADVANCED_FACE('',(#370),#197,.T.);
#3363=ADVANCED_FACE('',(#371),#198,.T.);
#3364=ADVANCED_FACE('',(#372,#90),#199,.T.);
#3365=ADVANCED_FACE('',(#373),#200,.T.);
#3366=ADVANCED_FACE('',(#374),#201,.T.);
#3367=ADVANCED_FACE('',(#375,#91),#202,.T.);
#3368=ADVANCED_FACE('',(#376,#92),#203,.T.);
#3369=ADVANCED_FACE('',(#377),#204,.T.);
#3370=ADVANCED_FACE('',(#378),#3250,.F.);
#3371=ADVANCED_FACE('',(#379),#205,.T.);
#3372=ADVANCED_FACE('',(#380),#3251,.F.);
#3373=ADVANCED_FACE('',(#381),#206,.T.);
#3374=ADVANCED_FACE('',(#382),#207,.F.);
#3375=ADVANCED_FACE('',(#383),#208,.F.);
#3376=ADVANCED_FACE('',(#384),#209,.F.);
#3377=ADVANCED_FACE('',(#385),#210,.F.);
#3378=ADVANCED_FACE('',(#386),#3252,.F.);
#3379=ADVANCED_FACE('',(#387,#93),#211,.T.);
#3380=ADVANCED_FACE('',(#388),#212,.T.);
#3381=ADVANCED_FACE('',(#389),#3253,.T.);
#3382=ADVANCED_FACE('',(#390),#213,.T.);
#3383=ADVANCED_FACE('',(#391),#214,.T.);
#3384=ADVANCED_FACE('',(#392),#3254,.T.);
#3385=ADVANCED_FACE('',(#393),#215,.T.);
#3386=ADVANCED_FACE('',(#394),#216,.T.);
#3387=ADVANCED_FACE('',(#395),#217,.T.);
#3388=ADVANCED_FACE('',(#396,#94),#218,.T.);
#3389=ADVANCED_FACE('',(#397),#219,.T.);
#3390=ADVANCED_FACE('',(#398),#220,.T.);
#3391=ADVANCED_FACE('',(#399),#3255,.F.);
#3392=ADVANCED_FACE('',(#400),#221,.T.);
#3393=ADVANCED_FACE('',(#401,#95,#96),#3256,.F.);
#3394=ADVANCED_FACE('',(#402,#97),#222,.F.);
#3395=ADVANCED_FACE('',(#403),#3257,.F.);
#3396=ADVANCED_FACE('',(#404),#3258,.F.);
#3397=ADVANCED_FACE('',(#405),#223,.F.);
#3398=ADVANCED_FACE('',(#406),#3259,.F.);
#3399=ADVANCED_FACE('',(#407),#3260,.F.);
#3400=ADVANCED_FACE('',(#408,#98,#99,#100),#3261,.T.);
#3401=ADVANCED_FACE('',(#409,#101),#224,.T.);
#3402=ADVANCED_FACE('',(#410),#3262,.F.);
#3403=ADVANCED_FACE('',(#411,#102),#225,.F.);
#3404=ADVANCED_FACE('',(#412),#3263,.T.);
#3405=ADVANCED_FACE('',(#413,#103),#226,.T.);
#3406=ADVANCED_FACE('',(#414),#3264,.F.);
#3407=ADVANCED_FACE('',(#415,#104),#227,.T.);
#3408=ADVANCED_FACE('',(#416),#3265,.T.);
#3409=ADVANCED_FACE('',(#417,#105),#228,.F.);
#3410=ADVANCED_FACE('',(#418),#41,.T.);
#3411=ADVANCED_FACE('',(#419),#3266,.T.);
#3412=ADVANCED_FACE('',(#420),#229,.T.);
#3413=ADVANCED_FACE('',(#421),#42,.T.);
#3414=ADVANCED_FACE('',(#422),#230,.T.);
#3415=ADVANCED_FACE('',(#423),#43,.T.);
#3416=ADVANCED_FACE('',(#424),#231,.T.);
#3417=ADVANCED_FACE('',(#425),#44,.F.);
#3418=ADVANCED_FACE('',(#426),#232,.T.);
#3419=ADVANCED_FACE('',(#427),#45,.F.);
#3420=ADVANCED_FACE('',(#428),#233,.T.);
#3421=ADVANCED_FACE('',(#429),#46,.F.);
#3422=ADVANCED_FACE('',(#430,#106),#234,.T.);
#3423=ADVANCED_FACE('',(#431),#3267,.F.);
#3424=ADVANCED_FACE('',(#432,#107),#235,.T.);
#3425=ADVANCED_FACE('',(#433),#3268,.F.);
#3426=ADVANCED_FACE('',(#434,#108),#236,.T.);
#3427=ADVANCED_FACE('',(#435),#237,.T.);
#3428=ADVANCED_FACE('',(#436,#109),#238,.T.);
#3429=ADVANCED_FACE('',(#437,#110),#239,.F.);
#3430=ADVANCED_FACE('',(#438),#240,.T.);
#3431=ADVANCED_FACE('',(#439),#241,.T.);
#3432=ADVANCED_FACE('',(#440),#242,.T.);
#3433=ADVANCED_FACE('',(#441),#243,.T.);
#3434=ADVANCED_FACE('',(#442),#244,.T.);
#3435=ADVANCED_FACE('',(#443),#47,.F.);
#3436=ADVANCED_FACE('',(#444),#245,.T.);
#3437=ADVANCED_FACE('',(#445),#48,.F.);
#3438=ADVANCED_FACE('',(#446),#246,.T.);
#3439=ADVANCED_FACE('',(#447,#111),#247,.F.);
#3440=ADVANCED_FACE('',(#448),#49,.T.);
#3441=ADVANCED_FACE('',(#449),#248,.T.);
#3442=ADVANCED_FACE('',(#450),#50,.T.);
#3443=ADVANCED_FACE('',(#451),#249,.T.);
#3444=ADVANCED_FACE('',(#452),#3269,.T.);
#3445=ADVANCED_FACE('',(#453),#250,.T.);
#3446=ADVANCED_FACE('',(#454),#51,.T.);
#3447=ADVANCED_FACE('',(#455),#251,.T.);
#3448=ADVANCED_FACE('',(#456),#52,.F.);
#3449=ADVANCED_FACE('',(#457),#252,.T.);
#3450=ADVANCED_FACE('',(#458),#253,.T.);
#3451=ADVANCED_FACE('',(#459),#254,.T.);
#3452=ADVANCED_FACE('',(#460),#255,.T.);
#3453=ADVANCED_FACE('',(#461),#256,.T.);
#3454=ADVANCED_FACE('',(#462),#257,.T.);
#3455=ADVANCED_FACE('',(#463),#258,.T.);
#3456=ADVANCED_FACE('',(#464),#259,.T.);
#3457=ADVANCED_FACE('',(#465),#260,.T.);
#3458=ADVANCED_FACE('',(#466),#261,.T.);
#3459=ADVANCED_FACE('',(#467),#262,.T.);
#3460=ADVANCED_FACE('',(#468),#263,.T.);
#3461=ADVANCED_FACE('',(#469),#264,.T.);
#3462=ADVANCED_FACE('',(#470),#265,.T.);
#3463=ADVANCED_FACE('',(#471),#266,.T.);
#3464=ADVANCED_FACE('',(#472),#267,.T.);
#3465=ADVANCED_FACE('',(#473),#268,.T.);
#3466=ADVANCED_FACE('',(#474),#53,.T.);
#3467=ADVANCED_FACE('',(#475),#269,.T.);
#3468=ADVANCED_FACE('',(#476),#270,.T.);
#3469=ADVANCED_FACE('',(#477,#112),#271,.T.);
#3470=ADVANCED_FACE('',(#478,#113),#272,.T.);
#3471=ADVANCED_FACE('',(#479),#273,.F.);
#3472=ADVANCED_FACE('',(#480),#274,.F.);
#3473=ADVANCED_FACE('',(#481),#275,.F.);
#3474=ADVANCED_FACE('',(#482),#276,.T.);
#3475=ADVANCED_FACE('',(#483),#3270,.F.);
#3476=ADVANCED_FACE('',(#484),#277,.T.);
#3477=ADVANCED_FACE('',(#485),#278,.T.);
#3478=ADVANCED_FACE('',(#486),#3271,.F.);
#3479=ADVANCED_FACE('',(#487),#279,.T.);
#3480=ADVANCED_FACE('',(#488),#280,.F.);
#3481=ADVANCED_FACE('',(#489),#281,.F.);
#3482=ADVANCED_FACE('',(#490),#3272,.F.);
#3483=ADVANCED_FACE('',(#491),#3273,.F.);
#3484=CLOSED_SHELL('',(#3274,#3275,#3276,#3277,#3278,#3279,#3280,#3281,
#3282,#3283,#3284,#3285,#3286,#3287,#3288,#3289,#3290,#3291,#3292));
#3485=CLOSED_SHELL('',(#3293,#3294,#3295,#3296));
#3486=CLOSED_SHELL('',(#3297,#3298,#3299,#3300));
#3487=CLOSED_SHELL('',(#3301,#3302,#3303,#3304));
#3488=CLOSED_SHELL('',(#3305,#3306,#3307,#3308,#3309,#3310,#3311,#3312,
#3313,#3314,#3315,#3316,#3317,#3318,#3319,#3320,#3321,#3322,#3323,#3324,
#3325,#3326,#3327,#3328,#3329,#3330,#3331,#3332,#3333,#3334,#3335,#3336,
#3337,#3338,#3339,#3340,#3341,#3342,#3343,#3344,#3345,#3346,#3347,#3348,
#3349,#3350,#3351,#3352,#3353,#3354,#3355,#3356,#3357,#3358,#3359,#3360,
#3361,#3362,#3363,#3364,#3365,#3366,#3367,#3368,#3369,#3370,#3371,#3372,
#3373,#3374,#3375,#3376,#3377,#3378,#3379,#3380,#3381,#3382,#3383,#3384,
#3385,#3386,#3387,#3388,#3389,#3390,#3391,#3392,#3393,#3394,#3395,#3396,
#3397,#3398,#3399,#3400,#3401));
#3489=CLOSED_SHELL('',(#3402,#3403,#3404,#3405));
#3490=CLOSED_SHELL('',(#3406,#3407,#3408,#3409));
#3491=CLOSED_SHELL('',(#3410,#3411,#3412,#3413,#3414,#3415,#3416,#3417,
#3418,#3419,#3420,#3421,#3422,#3423,#3424,#3425,#3426,#3427,#3428,#3429,
#3430,#3431,#3432,#3433,#3434,#3435,#3436,#3437,#3438,#3439,#3440,#3441,
#3442,#3443,#3444,#3445,#3446,#3447,#3448,#3449,#3450,#3451,#3452,#3453,
#3454,#3455,#3456,#3457,#3458,#3459,#3460,#3461,#3462,#3463,#3464,#3465,
#3466,#3467,#3468,#3469,#3470,#3471,#3472,#3473,#3474,#3475,#3476,#3477,
#3478,#3479,#3480,#3481,#3482,#3483));
#3492=DERIVED_UNIT_ELEMENT(#3498,1.);
#3493=DERIVED_UNIT_ELEMENT(#6153,-3.);
#3494=DERIVED_UNIT_ELEMENT(#3498,1.);
#3495=DERIVED_UNIT_ELEMENT(#6153,-3.);
#3496=DERIVED_UNIT_ELEMENT(#3498,1.);
#3497=DERIVED_UNIT_ELEMENT(#6153,-3.);
#3498=(
MASS_UNIT()
NAMED_UNIT(*)
SI_UNIT(.KILO.,.GRAM.)
);
#3499=DERIVED_UNIT((#3492,#3493));
#3500=DERIVED_UNIT((#3494,#3495));
#3501=DERIVED_UNIT((#3496,#3497));
#3502=MEASURE_REPRESENTATION_ITEM('density measure',
POSITIVE_RATIO_MEASURE(7850.),#3499);
#3503=MEASURE_REPRESENTATION_ITEM('density measure',
POSITIVE_RATIO_MEASURE(7850.),#3500);
#3504=MEASURE_REPRESENTATION_ITEM('density measure',
POSITIVE_RATIO_MEASURE(7850.),#3501);
#3505=PROPERTY_DEFINITION_REPRESENTATION(#3520,#3511);
#3506=PROPERTY_DEFINITION_REPRESENTATION(#3521,#3512);
#3507=PROPERTY_DEFINITION_REPRESENTATION(#3522,#3513);
#3508=PROPERTY_DEFINITION_REPRESENTATION(#3523,#3514);
#3509=PROPERTY_DEFINITION_REPRESENTATION(#3524,#3515);
#3510=PROPERTY_DEFINITION_REPRESENTATION(#3525,#3516);
#3511=REPRESENTATION('material name',(#3517),#6147);
#3512=REPRESENTATION('density',(#3502),#6147);
#3513=REPRESENTATION('material name',(#3518),#6149);
#3514=REPRESENTATION('density',(#3503),#6149);
#3515=REPRESENTATION('material name',(#3519),#6150);
#3516=REPRESENTATION('density',(#3504),#6150);
#3517=DESCRIPTIVE_REPRESENTATION_ITEM('Steel','Steel');
#3518=DESCRIPTIVE_REPRESENTATION_ITEM('Steel','Steel');
#3519=DESCRIPTIVE_REPRESENTATION_ITEM('Steel','Steel');
#3520=PROPERTY_DEFINITION('material property','material name',#6177);
#3521=PROPERTY_DEFINITION('material property','density of part',#6177);
#3522=PROPERTY_DEFINITION('material property','material name',#6179);
#3523=PROPERTY_DEFINITION('material property','density of part',#6179);
#3524=PROPERTY_DEFINITION('material property','material name',#6180);
#3525=PROPERTY_DEFINITION('material property','density of part',#6180);
#3526=AXIS2_PLACEMENT_3D('',#4800,#3840,#3841);
#3527=AXIS2_PLACEMENT_3D('',#4801,#3842,#3843);
#3528=AXIS2_PLACEMENT_3D('',#4802,#3844,#3845);
#3529=AXIS2_PLACEMENT_3D('',#4840,#3847,#3848);
#3530=AXIS2_PLACEMENT_3D('',#4841,#3849,#3850);
#3531=AXIS2_PLACEMENT_3D('',#4842,#3851,#3852);
#3532=AXIS2_PLACEMENT_3D('',#4844,#3853,#3854);
#3533=AXIS2_PLACEMENT_3D('',#4845,#3855,#3856);
#3534=AXIS2_PLACEMENT_3D('',#4854,#3861,#3862);
#3535=AXIS2_PLACEMENT_3D('',#4856,#3863,#3864);
#3536=AXIS2_PLACEMENT_3D('',#4860,#3867,#3868);
#3537=AXIS2_PLACEMENT_3D('',#4862,#3869,#3870);
#3538=AXIS2_PLACEMENT_3D('',#4866,#3873,#3874);
#3539=AXIS2_PLACEMENT_3D('',#4868,#3875,#3876);
#3540=AXIS2_PLACEMENT_3D('',#4870,#3878,#3879);
#3541=AXIS2_PLACEMENT_3D('',#4872,#3880,#3881);
#3542=AXIS2_PLACEMENT_3D('',#4876,#3884,#3885);
#3543=AXIS2_PLACEMENT_3D('',#4878,#3886,#3887);
#3544=AXIS2_PLACEMENT_3D('',#4882,#3890,#3891);
#3545=AXIS2_PLACEMENT_3D('',#4885,#3894,#3895);
#3546=AXIS2_PLACEMENT_3D('',#4886,#3896,#3897);
#3547=AXIS2_PLACEMENT_3D('',#4889,#3898,#3899);
#3548=AXIS2_PLACEMENT_3D('',#4913,#3902,#3903);
#3549=AXIS2_PLACEMENT_3D('',#4935,#3904,#3905);
#3550=AXIS2_PLACEMENT_3D('',#4936,#3906,#3907);
#3551=AXIS2_PLACEMENT_3D('',#4939,#3909,#3910);
#3552=AXIS2_PLACEMENT_3D('',#4940,#3911,#3912);
#3553=AXIS2_PLACEMENT_3D('',#4941,#3913,#3914);
#3554=AXIS2_PLACEMENT_3D('',#4943,#3915,#3916);
#3555=AXIS2_PLACEMENT_3D('',#4944,#3917,#3918);
#3556=AXIS2_PLACEMENT_3D('',#4945,#3919,#3920);
#3557=AXIS2_PLACEMENT_3D('',#4946,#3921,#3922);
#3558=AXIS2_PLACEMENT_3D('',#4948,#3923,#3924);
#3559=AXIS2_PLACEMENT_3D('',#4949,#3925,#3926);
#3560=AXIS2_PLACEMENT_3D('',#4952,#3928,#3929);
#3561=AXIS2_PLACEMENT_3D('',#4953,#3930,#3931);
#3562=AXIS2_PLACEMENT_3D('',#4954,#3932,#3933);
#3563=AXIS2_PLACEMENT_3D('',#4956,#3934,#3935);
#3564=AXIS2_PLACEMENT_3D('',#4959,#3937,#3938);
#3565=AXIS2_PLACEMENT_3D('',#4960,#3939,#3940);
#3566=AXIS2_PLACEMENT_3D('',#4962,#3941,#3942);
#3567=AXIS2_PLACEMENT_3D('',#4963,#3943,#3944);
#3568=AXIS2_PLACEMENT_3D('',#4965,#3945,#3946);
#3569=AXIS2_PLACEMENT_3D('',#4967,#3948,#3949);
#3570=AXIS2_PLACEMENT_3D('',#4968,#3950,#3951);
#3571=AXIS2_PLACEMENT_3D('',#4970,#3952,#3953);
#3572=AXIS2_PLACEMENT_3D('',#4973,#3955,#3956);
#3573=AXIS2_PLACEMENT_3D('',#4974,#3957,#3958);
#3574=AXIS2_PLACEMENT_3D('',#4976,#3959,#3960);
#3575=AXIS2_PLACEMENT_3D('',#4979,#3962,#3963);
#3576=AXIS2_PLACEMENT_3D('',#4980,#3964,#3965);
#3577=AXIS2_PLACEMENT_3D('',#4981,#3966,#3967);
#3578=AXIS2_PLACEMENT_3D('',#4982,#3968,#3969);
#3579=AXIS2_PLACEMENT_3D('',#4984,#3970,#3971);
#3580=AXIS2_PLACEMENT_3D('',#4987,#3973,#3974);
#3581=AXIS2_PLACEMENT_3D('',#4988,#3975,#3976);
#3582=AXIS2_PLACEMENT_3D('',#4990,#3977,#3978);
#3583=AXIS2_PLACEMENT_3D('',#4991,#3979,#3980);
#3584=AXIS2_PLACEMENT_3D('',#4993,#3981,#3982);
#3585=AXIS2_PLACEMENT_3D('',#4995,#3984,#3985);
#3586=AXIS2_PLACEMENT_3D('',#4996,#3986,#3987);
#3587=AXIS2_PLACEMENT_3D('',#4997,#3988,#3989);
#3588=AXIS2_PLACEMENT_3D('',#4998,#3990,#3991);
#3589=AXIS2_PLACEMENT_3D('',#5001,#3992,#3993);
#3590=AXIS2_PLACEMENT_3D('',#5005,#3995,#3996);
#3591=AXIS2_PLACEMENT_3D('',#5009,#3998,#3999);
#3592=AXIS2_PLACEMENT_3D('',#5010,#4000,#4001);
#3593=AXIS2_PLACEMENT_3D('',#5011,#4002,#4003);
#3594=AXIS2_PLACEMENT_3D('',#5017,#4006,#4007);
#3595=AXIS2_PLACEMENT_3D('',#5045,#4022,#4023);
#3596=AXIS2_PLACEMENT_3D('',#5052,#4027,#4028);
#3597=AXIS2_PLACEMENT_3D('',#5059,#4032,#4033);
#3598=AXIS2_PLACEMENT_3D('',#5062,#4034,#4035);
#3599=AXIS2_PLACEMENT_3D('',#5065,#4038,#4039);
#3600=AXIS2_PLACEMENT_3D('',#5068,#4042,#4043);
#3601=AXIS2_PLACEMENT_3D('',#5075,#4047,#4048);
#3602=AXIS2_PLACEMENT_3D('',#5082,#4052,#4053);
#3603=AXIS2_PLACEMENT_3D('',#5085,#4054,#4055);
#3604=AXIS2_PLACEMENT_3D('',#5088,#4058,#4059);
#3605=AXIS2_PLACEMENT_3D('',#5091,#4062,#4063);
#3606=AXIS2_PLACEMENT_3D('',#5094,#4066,#4067);
#3607=AXIS2_PLACEMENT_3D('',#5097,#4070,#4071);
#3608=AXIS2_PLACEMENT_3D('',#5103,#4075,#4076);
#3609=AXIS2_PLACEMENT_3D('',#5109,#4080,#4081);
#3610=AXIS2_PLACEMENT_3D('',#5111,#4082,#4083);
#3611=AXIS2_PLACEMENT_3D('',#5118,#4087,#4088);
#3612=AXIS2_PLACEMENT_3D('',#5126,#4093,#4094);
#3613=AXIS2_PLACEMENT_3D('',#5131,#4097,#4098);
#3614=AXIS2_PLACEMENT_3D('',#5132,#4099,#4100);
#3615=AXIS2_PLACEMENT_3D('',#5133,#4101,#4102);
#3616=AXIS2_PLACEMENT_3D('',#5141,#4107,#4108);
#3617=AXIS2_PLACEMENT_3D('',#5148,#4112,#4113);
#3618=AXIS2_PLACEMENT_3D('',#5153,#4117,#4118);
#3619=AXIS2_PLACEMENT_3D('',#5159,#4122,#4123);
#3620=AXIS2_PLACEMENT_3D('',#5166,#4127,#4128);
#3621=AXIS2_PLACEMENT_3D('',#5169,#4131,#4132);
#3622=AXIS2_PLACEMENT_3D('',#5178,#4137,#4138);
#3623=AXIS2_PLACEMENT_3D('',#5184,#4142,#4143);
#3624=AXIS2_PLACEMENT_3D('',#5187,#4146,#4147);
#3625=AXIS2_PLACEMENT_3D('',#5190,#4150,#4151);
#3626=AXIS2_PLACEMENT_3D('',#5192,#4153,#4154);
#3627=AXIS2_PLACEMENT_3D('',#5196,#4157,#4158);
#3628=AXIS2_PLACEMENT_3D('',#5202,#4162,#4163);
#3629=AXIS2_PLACEMENT_3D('',#5206,#4166,#4167);
#3630=AXIS2_PLACEMENT_3D('',#5212,#4171,#4172);
#3631=AXIS2_PLACEMENT_3D('',#5215,#4175,#4176);
#3632=AXIS2_PLACEMENT_3D('',#5219,#4179,#4180);
#3633=AXIS2_PLACEMENT_3D('',#5223,#4183,#4184);
#3634=AXIS2_PLACEMENT_3D('',#5229,#4188,#4189);
#3635=AXIS2_PLACEMENT_3D('',#5231,#4191,#4192);
#3636=AXIS2_PLACEMENT_3D('',#5238,#4196,#4197);
#3637=AXIS2_PLACEMENT_3D('',#5243,#4201,#4202);
#3638=AXIS2_PLACEMENT_3D('',#5249,#4206,#4207);
#3639=AXIS2_PLACEMENT_3D('',#5255,#4211,#4212);
#3640=AXIS2_PLACEMENT_3D('',#5263,#4217,#4218);
#3641=AXIS2_PLACEMENT_3D('',#5269,#4222,#4223);
#3642=AXIS2_PLACEMENT_3D('',#5275,#4227,#4228);
#3643=AXIS2_PLACEMENT_3D('',#5282,#4232,#4233);
#3644=AXIS2_PLACEMENT_3D('',#5285,#4236,#4237);
#3645=AXIS2_PLACEMENT_3D('',#5288,#4240,#4241);
#3646=AXIS2_PLACEMENT_3D('',#5294,#4245,#4246);
#3647=AXIS2_PLACEMENT_3D('',#5297,#4249,#4250);
#3648=AXIS2_PLACEMENT_3D('',#5299,#4252,#4253);
#3649=AXIS2_PLACEMENT_3D('',#5303,#4256,#4257);
#3650=AXIS2_PLACEMENT_3D('',#5305,#4259,#4260);
#3651=AXIS2_PLACEMENT_3D('',#5308,#4263,#4264);
#3652=AXIS2_PLACEMENT_3D('',#5310,#4266,#4267);
#3653=AXIS2_PLACEMENT_3D('',#5313,#4270,#4271);
#3654=AXIS2_PLACEMENT_3D('',#5314,#4272,#4273);
#3655=AXIS2_PLACEMENT_3D('',#5315,#4274,#4275);
#3656=AXIS2_PLACEMENT_3D('',#5317,#4277,#4278);
#3657=AXIS2_PLACEMENT_3D('',#5319,#4280,#4281);
#3658=AXIS2_PLACEMENT_3D('',#5321,#4283,#4284);
#3659=AXIS2_PLACEMENT_3D('',#5323,#4285,#4286);
#3660=AXIS2_PLACEMENT_3D('',#5324,#4287,#4288);
#3661=AXIS2_PLACEMENT_3D('',#5326,#4290,#4291);
#3662=AXIS2_PLACEMENT_3D('',#5329,#4294,#4295);
#3663=AXIS2_PLACEMENT_3D('',#5338,#4300,#4301);
#3664=AXIS2_PLACEMENT_3D('',#5340,#4302,#4303);
#3665=AXIS2_PLACEMENT_3D('',#5341,#4304,#4305);
#3666=AXIS2_PLACEMENT_3D('',#5347,#4309,#4310);
#3667=AXIS2_PLACEMENT_3D('',#5350,#4312,#4313);
#3668=AXIS2_PLACEMENT_3D('',#5351,#4314,#4315);
#3669=AXIS2_PLACEMENT_3D('',#5352,#4316,#4317);
#3670=AXIS2_PLACEMENT_3D('',#5355,#4319,#4320);
#3671=AXIS2_PLACEMENT_3D('',#5356,#4321,#4322);
#3672=AXIS2_PLACEMENT_3D('',#5357,#4323,#4324);
#3673=AXIS2_PLACEMENT_3D('',#5363,#4328,#4329);
#3674=AXIS2_PLACEMENT_3D('',#5367,#4332,#4333);
#3675=AXIS2_PLACEMENT_3D('',#5371,#4336,#4337);
#3676=AXIS2_PLACEMENT_3D('',#5373,#4339,#4340);
#3677=AXIS2_PLACEMENT_3D('',#5376,#4342,#4343);
#3678=AXIS2_PLACEMENT_3D('',#5377,#4344,#4345);
#3679=AXIS2_PLACEMENT_3D('',#5379,#4347,#4348);
#3680=AXIS2_PLACEMENT_3D('',#5381,#4349,#4350);
#3681=AXIS2_PLACEMENT_3D('',#5390,#4355,#4356);
#3682=AXIS2_PLACEMENT_3D('',#5392,#4358,#4359);
#3683=AXIS2_PLACEMENT_3D('',#5396,#4362,#4363);
#3684=AXIS2_PLACEMENT_3D('',#5398,#4365,#4366);
#3685=AXIS2_PLACEMENT_3D('',#5399,#4367,#4368);
#3686=AXIS2_PLACEMENT_3D('',#5401,#4370,#4371);
#3687=AXIS2_PLACEMENT_3D('',#5403,#4373,#4374);
#3688=AXIS2_PLACEMENT_3D('',#5405,#4376,#4377);
#3689=AXIS2_PLACEMENT_3D('',#5406,#4378,#4379);
#3690=AXIS2_PLACEMENT_3D('',#5407,#4380,#4381);
#3691=AXIS2_PLACEMENT_3D('',#5408,#4382,#4383);
#3692=AXIS2_PLACEMENT_3D('',#5409,#4384,#4385);
#3693=AXIS2_PLACEMENT_3D('',#5411,#4386,#4387);
#3694=AXIS2_PLACEMENT_3D('',#5448,#4389,#4390);
#3695=AXIS2_PLACEMENT_3D('',#5449,#4391,#4392);
#3696=AXIS2_PLACEMENT_3D('',#5451,#4393,#4394);
#3697=AXIS2_PLACEMENT_3D('',#5452,#4395,#4396);
#3698=AXIS2_PLACEMENT_3D('',#5453,#4397,#4398);
#3699=AXIS2_PLACEMENT_3D('',#5480,#4401,#4402);
#3700=AXIS2_PLACEMENT_3D('',#5534,#4403,#4404);
#3701=AXIS2_PLACEMENT_3D('',#5535,#4405,#4406);
#3702=AXIS2_PLACEMENT_3D('',#5537,#4408,#4409);
#3703=AXIS2_PLACEMENT_3D('',#5580,#4411,#4412);
#3704=AXIS2_PLACEMENT_3D('',#5623,#4414,#4415);
#3705=AXIS2_PLACEMENT_3D('',#5625,#4416,#4417);
#3706=AXIS2_PLACEMENT_3D('',#5626,#4418,#4419);
#3707=AXIS2_PLACEMENT_3D('',#5663,#4421,#4422);
#3708=AXIS2_PLACEMENT_3D('',#5665,#4424,#4425);
#3709=AXIS2_PLACEMENT_3D('',#5666,#4426,#4427);
#3710=AXIS2_PLACEMENT_3D('',#5667,#4428,#4429);
#3711=AXIS2_PLACEMENT_3D('',#5669,#4430,#4431);
#3712=AXIS2_PLACEMENT_3D('',#5672,#4433,#4434);
#3713=AXIS2_PLACEMENT_3D('',#5673,#4435,#4436);
#3714=AXIS2_PLACEMENT_3D('',#5675,#4437,#4438);
#3715=AXIS2_PLACEMENT_3D('',#5676,#4439,#4440);
#3716=AXIS2_PLACEMENT_3D('',#5678,#4441,#4442);
#3717=AXIS2_PLACEMENT_3D('',#5680,#4444,#4445);
#3718=AXIS2_PLACEMENT_3D('',#5681,#4446,#4447);
#3719=AXIS2_PLACEMENT_3D('',#5683,#4448,#4449);
#3720=AXIS2_PLACEMENT_3D('',#5686,#4451,#4452);
#3721=AXIS2_PLACEMENT_3D('',#5687,#4453,#4454);
#3722=AXIS2_PLACEMENT_3D('',#5689,#4455,#4456);
#3723=AXIS2_PLACEMENT_3D('',#5690,#4457,#4458);
#3724=AXIS2_PLACEMENT_3D('',#5692,#4459,#4460);
#3725=AXIS2_PLACEMENT_3D('',#5694,#4462,#4463);
#3726=AXIS2_PLACEMENT_3D('',#5695,#4464,#4465);
#3727=AXIS2_PLACEMENT_3D('',#5696,#4466,#4467);
#3728=AXIS2_PLACEMENT_3D('',#5697,#4468,#4469);
#3729=AXIS2_PLACEMENT_3D('',#5704,#4470,#4471);
#3730=AXIS2_PLACEMENT_3D('',#5714,#4472,#4473);
#3731=AXIS2_PLACEMENT_3D('',#5718,#4474,#4475);
#3732=AXIS2_PLACEMENT_3D('',#5722,#4477,#4478);
#3733=AXIS2_PLACEMENT_3D('',#5726,#4480,#4481);
#3734=AXIS2_PLACEMENT_3D('',#5730,#4483,#4484);
#3735=AXIS2_PLACEMENT_3D('',#5734,#4486,#4487);
#3736=AXIS2_PLACEMENT_3D('',#5738,#4489,#4490);
#3737=AXIS2_PLACEMENT_3D('',#5740,#4492,#4493);
#3738=AXIS2_PLACEMENT_3D('',#5754,#4496,#4497);
#3739=AXIS2_PLACEMENT_3D('',#5756,#4498,#4499);
#3740=AXIS2_PLACEMENT_3D('',#5762,#4500,#4501);
#3741=AXIS2_PLACEMENT_3D('',#5763,#4502,#4503);
#3742=AXIS2_PLACEMENT_3D('',#5769,#4507,#4508);
#3743=AXIS2_PLACEMENT_3D('',#5778,#4509,#4510);
#3744=AXIS2_PLACEMENT_3D('',#5779,#4511,#4512);
#3745=AXIS2_PLACEMENT_3D('',#5790,#4518,#4519);
#3746=AXIS2_PLACEMENT_3D('',#5794,#4521,#4522);
#3747=AXIS2_PLACEMENT_3D('',#5798,#4524,#4525);
#3748=AXIS2_PLACEMENT_3D('',#5800,#4527,#4528);
#3749=AXIS2_PLACEMENT_3D('',#5803,#4529,#4530);
#3750=AXIS2_PLACEMENT_3D('',#5815,#4531,#4532);
#3751=AXIS2_PLACEMENT_3D('',#5822,#4534,#4535);
#3752=AXIS2_PLACEMENT_3D('',#5824,#4536,#4537);
#3753=AXIS2_PLACEMENT_3D('',#5829,#4538,#4539);
#3754=AXIS2_PLACEMENT_3D('',#5836,#4541,#4542);
#3755=AXIS2_PLACEMENT_3D('',#5841,#4543,#4544);
#3756=AXIS2_PLACEMENT_3D('',#5842,#4545,#4546);
#3757=AXIS2_PLACEMENT_3D('',#5849,#4550,#4551);
#3758=AXIS2_PLACEMENT_3D('',#5850,#4552,#4553);
#3759=AXIS2_PLACEMENT_3D('',#5853,#4555,#4556);
#3760=AXIS2_PLACEMENT_3D('',#5854,#4557,#4558);
#3761=AXIS2_PLACEMENT_3D('',#5859,#4561,#4562);
#3762=AXIS2_PLACEMENT_3D('',#5860,#4563,#4564);
#3763=AXIS2_PLACEMENT_3D('',#5863,#4566,#4567);
#3764=AXIS2_PLACEMENT_3D('',#5866,#4569,#4570);
#3765=AXIS2_PLACEMENT_3D('',#5867,#4571,#4572);
#3766=AXIS2_PLACEMENT_3D('',#5872,#4575,#4576);
#3767=AXIS2_PLACEMENT_3D('',#5873,#4577,#4578);
#3768=AXIS2_PLACEMENT_3D('',#5879,#4582,#4583);
#3769=AXIS2_PLACEMENT_3D('',#5885,#4587,#4588);
#3770=AXIS2_PLACEMENT_3D('',#5886,#4589,#4590);
#3771=AXIS2_PLACEMENT_3D('',#5897,#4594,#4595);
#3772=AXIS2_PLACEMENT_3D('',#5898,#4596,#4597);
#3773=AXIS2_PLACEMENT_3D('',#5904,#4601,#4602);
#3774=AXIS2_PLACEMENT_3D('',#5908,#4605,#4606);
#3775=AXIS2_PLACEMENT_3D('',#5912,#4609,#4610);
#3776=AXIS2_PLACEMENT_3D('',#5924,#4617,#4618);
#3777=AXIS2_PLACEMENT_3D('',#5932,#4621,#4622);
#3778=AXIS2_PLACEMENT_3D('',#5935,#4623,#4624);
#3779=AXIS2_PLACEMENT_3D('',#5944,#4625,#4626);
#3780=AXIS2_PLACEMENT_3D('',#5951,#4628,#4629);
#3781=AXIS2_PLACEMENT_3D('',#5953,#4630,#4631);
#3782=AXIS2_PLACEMENT_3D('',#5958,#4632,#4633);
#3783=AXIS2_PLACEMENT_3D('',#5960,#4635,#4636);
#3784=AXIS2_PLACEMENT_3D('',#5963,#4637,#4638);
#3785=AXIS2_PLACEMENT_3D('',#5967,#4640,#4641);
#3786=AXIS2_PLACEMENT_3D('',#5969,#4643,#4644);
#3787=AXIS2_PLACEMENT_3D('',#5974,#4645,#4646);
#3788=AXIS2_PLACEMENT_3D('',#5979,#4647,#4648);
#3789=AXIS2_PLACEMENT_3D('',#5984,#4649,#4650);
#3790=AXIS2_PLACEMENT_3D('',#5989,#4651,#4652);
#3791=AXIS2_PLACEMENT_3D('',#5990,#4653,#4654);
#3792=AXIS2_PLACEMENT_3D('',#5991,#4655,#4656);
#3793=AXIS2_PLACEMENT_3D('',#5998,#4658,#4659);
#3794=AXIS2_PLACEMENT_3D('',#5999,#4660,#4661);
#3795=AXIS2_PLACEMENT_3D('',#6004,#4662,#4663);
#3796=AXIS2_PLACEMENT_3D('',#6005,#4664,#4665);
#3797=AXIS2_PLACEMENT_3D('',#6016,#4666,#4667);
#3798=AXIS2_PLACEMENT_3D('',#6021,#4668,#4669);
#3799=AXIS2_PLACEMENT_3D('',#6026,#4673,#4674);
#3800=AXIS2_PLACEMENT_3D('',#6027,#4675,#4676);
#3801=AXIS2_PLACEMENT_3D('',#6034,#4679,#4680);
#3802=AXIS2_PLACEMENT_3D('',#6035,#4681,#4682);
#3803=AXIS2_PLACEMENT_3D('',#6037,#4684,#4685);
#3804=AXIS2_PLACEMENT_3D('',#6044,#4689,#4690);
#3805=AXIS2_PLACEMENT_3D('',#6052,#4693,#4694);
#3806=AXIS2_PLACEMENT_3D('',#6059,#4698,#4699);
#3807=AXIS2_PLACEMENT_3D('',#6062,#4702,#4703);
#3808=AXIS2_PLACEMENT_3D('',#6065,#4706,#4707);
#3809=AXIS2_PLACEMENT_3D('',#6072,#4711,#4712);
#3810=AXIS2_PLACEMENT_3D('',#6075,#4715,#4716);
#3811=AXIS2_PLACEMENT_3D('',#6082,#4720,#4721);
#3812=AXIS2_PLACEMENT_3D('',#6085,#4724,#4725);
#3813=AXIS2_PLACEMENT_3D('',#6088,#4728,#4729);
#3814=AXIS2_PLACEMENT_3D('',#6091,#4732,#4733);
#3815=AXIS2_PLACEMENT_3D('',#6094,#4736,#4737);
#3816=AXIS2_PLACEMENT_3D('',#6095,#4738,#4739);
#3817=AXIS2_PLACEMENT_3D('',#6096,#4740,#4741);
#3818=AXIS2_PLACEMENT_3D('',#6098,#4743,#4744);
#3819=AXIS2_PLACEMENT_3D('',#6099,#4745,#4746);
#3820=AXIS2_PLACEMENT_3D('',#6105,#4750,#4751);
#3821=AXIS2_PLACEMENT_3D('',#6107,#4752,#4753);
#3822=AXIS2_PLACEMENT_3D('',#6108,#4754,#4755);
#3823=AXIS2_PLACEMENT_3D('',#6112,#4758,#4759);
#3824=AXIS2_PLACEMENT_3D('',#6116,#4762,#4763);
#3825=AXIS2_PLACEMENT_3D('',#6118,#4765,#4766);
#3826=AXIS2_PLACEMENT_3D('',#6119,#4767,#4768);
#3827=AXIS2_PLACEMENT_3D('',#6122,#4770,#4771);
#3828=AXIS2_PLACEMENT_3D('',#6123,#4772,#4773);
#3829=AXIS2_PLACEMENT_3D('',#6124,#4774,#4775);
#3830=AXIS2_PLACEMENT_3D('',#6125,#4776,#4777);
#3831=AXIS2_PLACEMENT_3D('',#6128,#4779,#4780);
#3832=AXIS2_PLACEMENT_3D('',#6129,#4781,#4782);
#3833=AXIS2_PLACEMENT_3D('',#6130,#4783,#4784);
#3834=AXIS2_PLACEMENT_3D('',#6132,#4786,#4787);
#3835=AXIS2_PLACEMENT_3D('',#6133,#4788,#4789);
#3836=AXIS2_PLACEMENT_3D('',#6135,#4791,#4792);
#3837=AXIS2_PLACEMENT_3D('',#6137,#4794,#4795);
#3838=AXIS2_PLACEMENT_3D('',#6138,#4796,#4797);
#3839=AXIS2_PLACEMENT_3D('',#6139,#4798,#4799);
#3840=DIRECTION('axis',(0.,0.,1.));
#3841=DIRECTION('refdir',(1.,0.,0.));
#3842=DIRECTION('axis',(0.,0.,1.));
#3843=DIRECTION('refdir',(1.,0.,0.));
#3844=DIRECTION('center_axis',(-1.,0.,1.50030138462859E-16));
#3845=DIRECTION('ref_axis',(-1.50030138462859E-16,0.,-1.));
#3846=DIRECTION('',(-1.,0.,1.50030138462859E-16));
#3847=DIRECTION('center_axis',(-1.,0.,1.83697019872103E-16));
#3848=DIRECTION('ref_axis',(-1.83697019872103E-16,0.,-1.));
#3849=DIRECTION('center_axis',(1.,0.,-1.83697019872103E-16));
#3850=DIRECTION('ref_axis',(-1.83697019872103E-16,0.,-1.));
#3851=DIRECTION('center_axis',(1.,0.,0.));
#3852=DIRECTION('ref_axis',(0.,0.,-1.));
#3853=DIRECTION('center_axis',(-1.,0.,0.));
#3854=DIRECTION('ref_axis',(0.,0.,-1.));
#3855=DIRECTION('center_axis',(0.,-1.33484241698933E-12,1.));
#3856=DIRECTION('ref_axis',(0.,-1.,-1.33484241698933E-12));
#3857=DIRECTION('',(0.,1.,0.));
#3858=DIRECTION('',(1.,0.,0.));
#3859=DIRECTION('',(0.,-1.,-1.33484241698933E-12));
#3860=DIRECTION('',(1.,0.,0.));
#3861=DIRECTION('center_axis',(0.,-0.866025403785106,0.499999999998844));
#3862=DIRECTION('ref_axis',(0.,-0.499999999998844,-0.866025403785106));
#3863=DIRECTION('center_axis',(0.,-0.866025403785106,0.499999999998844));
#3864=DIRECTION('ref_axis',(0.,-0.499999999998844,-0.866025403785106));
#3865=DIRECTION('',(1.,0.,0.));
#3866=DIRECTION('',(0.,-0.499999999998844,-0.866025403785106));
#3867=DIRECTION('center_axis',(0.,-0.866025403783389,-0.500000000001817));
#3868=DIRECTION('ref_axis',(0.,0.500000000001817,-0.866025403783389));
#3869=DIRECTION('center_axis',(0.,-0.866025403783389,-0.500000000001817));
#3870=DIRECTION('ref_axis',(0.,0.500000000001817,-0.866025403783389));
#3871=DIRECTION('',(-1.,0.,0.));
#3872=DIRECTION('',(0.,0.500000000001817,-0.866025403783389));
#3873=DIRECTION('center_axis',(1.,0.,0.));
#3874=DIRECTION('ref_axis',(0.,0.,-1.));
#3875=DIRECTION('center_axis',(-1.,0.,0.));
#3876=DIRECTION('ref_axis',(0.,0.,-1.));
#3877=DIRECTION('',(-1.,0.,0.));
#3878=DIRECTION('center_axis',(0.,0.866025403783771,0.500000000001156));
#3879=DIRECTION('ref_axis',(0.,-0.500000000001156,0.866025403783771));
#3880=DIRECTION('center_axis',(0.,0.866025403783771,0.500000000001156));
#3881=DIRECTION('ref_axis',(0.,0.500000000001156,-0.866025403783771));
#3882=DIRECTION('',(0.,-0.500000000001156,0.866025403783771));
#3883=DIRECTION('',(1.,0.,0.));
#3884=DIRECTION('center_axis',(0.,0.866025403784351,-0.500000000000153));
#3885=DIRECTION('ref_axis',(0.,0.500000000000153,0.86602540378435));
#3886=DIRECTION('center_axis',(0.,0.866025403784351,-0.500000000000153));
#3887=DIRECTION('ref_axis',(0.,-0.500000000000153,-0.866025403784351));
#3888=DIRECTION('',(0.,0.500000000000153,0.86602540378435));
#3889=DIRECTION('',(1.,0.,0.));
#3890=DIRECTION('center_axis',(0.,-1.95529568730675E-13,-1.));
#3891=DIRECTION('ref_axis',(0.,1.,-1.95529568730675E-13));
#3892=DIRECTION('',(0.,-1.,0.));
#3893=DIRECTION('',(0.,1.,-1.95529568730675E-13));
#3894=DIRECTION('center_axis',(1.,0.,0.));
#3895=DIRECTION('ref_axis',(0.,0.,-1.));
#3896=DIRECTION('center_axis',(0.,1.,0.));
#3897=DIRECTION('ref_axis',(1.,0.,0.));
#3898=DIRECTION('center_axis',(0.,1.,0.));
#3899=DIRECTION('ref_axis',(-1.,0.,0.));
#3900=DIRECTION('',(0.,-1.,0.));
#3901=DIRECTION('',(0.,-1.,0.));
#3902=DIRECTION('center_axis',(0.,1.,0.));
#3903=DIRECTION('ref_axis',(1.,0.,0.));
#3904=DIRECTION('center_axis',(0.,1.,0.));
#3905=DIRECTION('ref_axis',(-1.,0.,0.));
#3906=DIRECTION('center_axis',(1.,0.,0.));
#3907=DIRECTION('ref_axis',(0.,-1.,0.));
#3908=DIRECTION('',(1.,0.,0.));
#3909=DIRECTION('center_axis',(1.,0.,0.));
#3910=DIRECTION('ref_axis',(0.,-1.,0.));
#3911=DIRECTION('center_axis',(1.,0.,0.));
#3912=DIRECTION('ref_axis',(0.,-1.,0.));
#3913=DIRECTION('center_axis',(0.,1.,0.));
#3914=DIRECTION('ref_axis',(0.,0.,1.));
#3915=DIRECTION('center_axis',(0.,-1.,0.));
#3916=DIRECTION('ref_axis',(-1.,0.,0.));
#3917=DIRECTION('center_axis',(-1.,0.,1.22464679914735E-16));
#3918=DIRECTION('ref_axis',(-1.22464679914735E-16,0.,-1.));
#3919=DIRECTION('center_axis',(0.,1.,0.));
#3920=DIRECTION('ref_axis',(-1.,0.,0.));
#3921=DIRECTION('center_axis',(0.,1.,0.));
#3922=DIRECTION('ref_axis',(-1.,0.,0.));
#3923=DIRECTION('center_axis',(0.,-1.,0.));
#3924=DIRECTION('ref_axis',(1.,0.,0.));
#3925=DIRECTION('center_axis',(0.,1.,0.));
#3926=DIRECTION('ref_axis',(1.,0.,0.));
#3927=DIRECTION('',(0.,-1.,0.));
#3928=DIRECTION('center_axis',(0.,-1.,0.));
#3929=DIRECTION('ref_axis',(1.,0.,0.));
#3930=DIRECTION('center_axis',(0.,1.,0.));
#3931=DIRECTION('ref_axis',(1.,0.,0.));
#3932=DIRECTION('center_axis',(1.,0.,0.));
#3933=DIRECTION('ref_axis',(0.,-1.,0.));
#3934=DIRECTION('center_axis',(1.,0.,1.83697019872103E-16));
#3935=DIRECTION('ref_axis',(0.,-1.,0.));
#3936=DIRECTION('',(1.,0.,0.));
#3937=DIRECTION('center_axis',(-1.,0.,-1.83697019872103E-16));
#3938=DIRECTION('ref_axis',(0.,-1.,0.));
#3939=DIRECTION('center_axis',(-1.,0.,-1.83697019872103E-16));
#3940=DIRECTION('ref_axis',(-1.83697019872103E-16,0.,1.));
#3941=DIRECTION('center_axis',(1.,0.,1.83697019872103E-16));
#3942=DIRECTION('ref_axis',(-1.83697019872103E-16,0.,1.));
#3943=DIRECTION('center_axis',(-1.,0.,-2.39582007903573E-16));
#3944=DIRECTION('ref_axis',(-2.39582007903573E-16,0.,1.));
#3945=DIRECTION('center_axis',(-1.,0.,-1.83697019872103E-16));
#3946=DIRECTION('ref_axis',(-1.83697019872103E-16,0.,1.));
#3947=DIRECTION('',(1.,0.,2.39582007903573E-16));
#3948=DIRECTION('center_axis',(-1.,0.,-1.83697019872103E-16));
#3949=DIRECTION('ref_axis',(-1.83697019872103E-16,0.,1.));
#3950=DIRECTION('center_axis',(-1.,0.,1.50030138462859E-16));
#3951=DIRECTION('ref_axis',(-1.50030138462859E-16,0.,-1.));
#3952=DIRECTION('center_axis',(-1.,0.,1.83697019872103E-16));
#3953=DIRECTION('ref_axis',(-1.50030138462859E-16,0.,-1.));
#3954=DIRECTION('',(-1.,0.,1.50030138462859E-16));
#3955=DIRECTION('center_axis',(1.,0.,-1.83697019872103E-16));
#3956=DIRECTION('ref_axis',(-1.50030138462859E-16,0.,-1.));
#3957=DIRECTION('center_axis',(1.,0.,0.));
#3958=DIRECTION('ref_axis',(0.,0.,1.));
#3959=DIRECTION('center_axis',(1.,0.,-1.83697019872103E-16));
#3960=DIRECTION('ref_axis',(1.83697019872103E-16,0.,1.));
#3961=DIRECTION('',(1.,0.,0.));
#3962=DIRECTION('center_axis',(-1.,0.,1.83697019872103E-16));
#3963=DIRECTION('ref_axis',(1.83697019872103E-16,0.,1.));
#3964=DIRECTION('center_axis',(-1.,0.,1.83697019872103E-16));
#3965=DIRECTION('ref_axis',(1.83697019872103E-16,0.,1.));
#3966=DIRECTION('center_axis',(-1.,0.,1.83697019872103E-16));
#3967=DIRECTION('ref_axis',(1.83697019872103E-16,0.,1.));
#3968=DIRECTION('center_axis',(1.,0.,0.));
#3969=DIRECTION('ref_axis',(0.,-1.,0.));
#3970=DIRECTION('center_axis',(1.,0.,-1.83697019872103E-16));
#3971=DIRECTION('ref_axis',(0.,-1.,0.));
#3972=DIRECTION('',(-1.,0.,0.));
#3973=DIRECTION('center_axis',(-1.,0.,1.83697019872103E-16));
#3974=DIRECTION('ref_axis',(0.,-1.,0.));
#3975=DIRECTION('center_axis',(-1.,0.,1.83697019872103E-16));
#3976=DIRECTION('ref_axis',(1.83697019872103E-16,0.,1.));
#3977=DIRECTION('center_axis',(1.,0.,-1.83697019872103E-16));
#3978=DIRECTION('ref_axis',(1.83697019872103E-16,0.,1.));
#3979=DIRECTION('center_axis',(-1.,0.,2.39582007903573E-16));
#3980=DIRECTION('ref_axis',(2.39582007903573E-16,0.,1.));
#3981=DIRECTION('center_axis',(-1.,0.,1.83697019872103E-16));
#3982=DIRECTION('ref_axis',(1.83697019872103E-16,0.,1.));
#3983=DIRECTION('',(-1.,0.,2.39582007903573E-16));
#3984=DIRECTION('center_axis',(-1.,0.,1.83697019872103E-16));
#3985=DIRECTION('ref_axis',(1.83697019872103E-16,0.,1.));
#3986=DIRECTION('axis',(0.,0.,1.));
#3987=DIRECTION('refdir',(1.,0.,0.));
#3988=DIRECTION('axis',(0.,0.,1.));
#3989=DIRECTION('refdir',(1.,0.,0.));
#3990=DIRECTION('center_axis',(-1.,0.,0.));
#3991=DIRECTION('ref_axis',(0.,0.,-1.));
#3992=DIRECTION('center_axis',(-1.,0.,0.));
#3993=DIRECTION('ref_axis',(0.,0.,-1.));
#3994=DIRECTION('',(1.,0.,0.));
#3995=DIRECTION('center_axis',(1.,0.,0.));
#3996=DIRECTION('ref_axis',(0.,0.,-1.));
#3997=DIRECTION('',(-1.,0.,0.));
#3998=DIRECTION('center_axis',(-0.359239846289226,0.,-0.933245269389614));
#3999=DIRECTION('ref_axis',(0.933245269389614,0.,-0.359239846289226));
#4000=DIRECTION('center_axis',(-0.670517774251343,0.,-0.741893465676188));
#4001=DIRECTION('ref_axis',(0.741893465676188,0.,-0.670517774251343));
#4002=DIRECTION('center_axis',(0.,0.,1.));
#4003=DIRECTION('ref_axis',(1.,0.,0.));
#4004=DIRECTION('',(0.,-1.,0.));
#4005=DIRECTION('',(0.,-1.,0.));
#4006=DIRECTION('center_axis',(0.,0.,-1.));
#4007=DIRECTION('ref_axis',(0.258819045101942,-0.965925826289224,0.));
#4008=DIRECTION('',(-0.965925826289141,-0.258819045102251,0.));
#4009=DIRECTION('',(-5.74408041791947E-11,1.,0.));
#4010=DIRECTION('',(-0.999999999992607,-3.84515782704026E-6,0.));
#4011=DIRECTION('',(-3.84515782712478E-6,0.999999999992607,0.));
#4012=DIRECTION('',(-1.,-3.17324171913796E-12,0.));
#4013=DIRECTION('',(2.8683892566924E-16,1.,0.));
#4014=DIRECTION('',(-1.,4.2700885562506E-16,0.));
#4015=DIRECTION('',(7.53180394442851E-14,-1.,0.));
#4016=DIRECTION('',(1.,7.01193489241725E-16,0.));
#4017=DIRECTION('',(-2.82727244358748E-10,-1.,0.));
#4018=DIRECTION('',(-1.,1.72321985740627E-10,0.));
#4019=DIRECTION('',(4.42104811082283E-10,-1.,0.));
#4020=DIRECTION('',(0.,-1.,0.));
#4021=DIRECTION('',(1.,0.,0.));
#4022=DIRECTION('center_axis',(-0.577350269189631,0.577350269189613,0.577350269189634));
#4023=DIRECTION('ref_axis',(0.707106781186549,0.,0.707106781186546));
#4024=DIRECTION('',(0.,-0.70710678118656,0.707106781186535));
#4025=DIRECTION('',(0.707106781186543,0.707106781186552,1.25607396694701E-14));
#4026=DIRECTION('',(-0.707106781186549,0.,-0.707106781186546));
#4027=DIRECTION('center_axis',(-0.577350269189628,0.57735026918962,-0.57735026918963));
#4028=DIRECTION('ref_axis',(-0.707106781186549,0.,0.707106781186546));
#4029=DIRECTION('',(0.,0.707106781186554,0.707106781186541));
#4030=DIRECTION('',(0.707106781186549,0.,-0.707106781186546));
#4031=DIRECTION('',(-0.707106781186543,-0.707106781186552,0.));
#4032=DIRECTION('center_axis',(-0.707106781186546,0.,-0.707106781186549));
#4033=DIRECTION('ref_axis',(-0.707106781186549,0.,0.707106781186546));
#4034=DIRECTION('center_axis',(-0.707106781186546,0.,-0.707106781186549));
#4035=DIRECTION('ref_axis',(0.707106781186549,-1.01250666309783E-12,-0.707106781186546));
#4036=DIRECTION('',(0.,1.,0.));
#4037=DIRECTION('',(0.,-1.,0.));
#4038=DIRECTION('center_axis',(-0.707106781186552,0.707106781186543,0.));
#4039=DIRECTION('ref_axis',(0.,0.,1.));
#4040=DIRECTION('',(0.,0.,-1.));
#4041=DIRECTION('',(0.,0.,1.));
#4042=DIRECTION('center_axis',(0.577350269189631,0.577350269189613,0.577350269189634));
#4043=DIRECTION('ref_axis',(0.707106781186549,0.,-0.707106781186546));
#4044=DIRECTION('',(-0.707106781186549,0.,0.707106781186546));
#4045=DIRECTION('',(0.707106781186543,-0.707106781186552,-1.25607396694701E-14));
#4046=DIRECTION('',(0.,0.70710678118656,-0.707106781186535));
#4047=DIRECTION('center_axis',(0.577350269189628,0.57735026918962,-0.57735026918963));
#4048=DIRECTION('ref_axis',(-0.707106781186549,0.,-0.707106781186546));
#4049=DIRECTION('',(-0.707106781186543,0.707106781186552,0.));
#4050=DIRECTION('',(0.707106781186549,0.,0.707106781186546));
#4051=DIRECTION('',(0.,-0.707106781186554,-0.707106781186541));
#4052=DIRECTION('center_axis',(0.707106781186546,0.,-0.707106781186549));
#4053=DIRECTION('ref_axis',(-0.707106781186549,0.,-0.707106781186546));
#4054=DIRECTION('center_axis',(0.707106781186546,0.,-0.707106781186549));
#4055=DIRECTION('ref_axis',(-0.707106781186549,-1.01250666309783E-12,-0.707106781186546));
#4056=DIRECTION('',(0.,1.,0.));
#4057=DIRECTION('',(0.,-1.,0.));
#4058=DIRECTION('center_axis',(0.,0.707106781186541,-0.707106781186554));
#4059=DIRECTION('ref_axis',(-1.,0.,0.));
#4060=DIRECTION('',(1.,0.,0.));
#4061=DIRECTION('',(-1.,0.,0.));
#4062=DIRECTION('center_axis',(0.707106781186552,0.707106781186543,0.));
#4063=DIRECTION('ref_axis',(0.,0.,-1.));
#4064=DIRECTION('',(0.,0.,-1.));
#4065=DIRECTION('',(0.,0.,1.));
#4066=DIRECTION('center_axis',(0.,0.707106781186535,0.70710678118656));
#4067=DIRECTION('ref_axis',(1.,0.,0.));
#4068=DIRECTION('',(1.,0.,0.));
#4069=DIRECTION('',(-1.,0.,0.));
#4070=DIRECTION('center_axis',(0.707106781186546,0.,0.707106781186549));
#4071=DIRECTION('ref_axis',(0.707106781186549,0.,-0.707106781186546));
#4072=DIRECTION('',(-0.577350269189352,0.577350269190176,0.577350269189349));
#4073=DIRECTION('',(0.,1.,0.));
#4074=DIRECTION('',(0.,-1.,0.));
#4075=DIRECTION('center_axis',(-0.707106781186546,0.,0.707106781186549));
#4076=DIRECTION('ref_axis',(0.707106781186549,0.,0.707106781186546));
#4077=DIRECTION('',(-0.707106781186549,-1.0123956173593E-12,-0.707106781186546));
#4078=DIRECTION('',(0.,1.,0.));
#4079=DIRECTION('',(0.,-1.,0.));
#4080=DIRECTION('center_axis',(-1.,0.,0.));
#4081=DIRECTION('ref_axis',(0.,0.,1.));
#4082=DIRECTION('center_axis',(1.,0.,0.));
#4083=DIRECTION('ref_axis',(0.,1.,-1.43190065494607E-12));
#4084=DIRECTION('',(0.,-1.4317436125566E-12,-1.));
#4085=DIRECTION('',(0.,1.,0.));
#4086=DIRECTION('',(0.,0.,1.));
#4087=DIRECTION('center_axis',(-1.,0.,0.));
#4088=DIRECTION('ref_axis',(0.,1.,-1.43147610891308E-12));
#4089=DIRECTION('',(0.,-1.,0.));
#4090=DIRECTION('',(0.,0.,-1.));
#4091=DIRECTION('',(0.,-1.,0.));
#4092=DIRECTION('',(0.,0.,1.));
#4093=DIRECTION('center_axis',(0.,0.,1.));
#4094=DIRECTION('ref_axis',(1.,0.,0.));
#4095=DIRECTION('',(-1.,0.,0.));
#4096=DIRECTION('',(0.707106781186549,-0.707106781186546,0.));
#4097=DIRECTION('center_axis',(0.,0.,-1.));
#4098=DIRECTION('ref_axis',(1.,0.,0.));
#4099=DIRECTION('center_axis',(0.,1.,0.));
#4100=DIRECTION('ref_axis',(0.,0.,1.));
#4101=DIRECTION('center_axis',(0.707106781186521,0.707106781186574,0.));
#4102=DIRECTION('ref_axis',(0.,0.,-1.));
#4103=DIRECTION('',(0.,0.,1.));
#4104=DIRECTION('',(0.577350269189655,-0.577350269189612,0.57735026918961));
#4105=DIRECTION('',(0.,0.,-1.));
#4106=DIRECTION('',(-0.577350269189653,0.577350269189611,0.577350269189613));
#4107=DIRECTION('center_axis',(0.577351009187545,-0.57734878918423,0.577351009194257));
#4108=DIRECTION('ref_axis',(0.707106781190658,0.,-0.707106781182437));
#4109=DIRECTION('',(-2.7189424030954E-6,0.707106781183937,0.707106781183931));
#4110=DIRECTION('',(-0.707105421715532,-0.707108140654949,0.));
#4111=DIRECTION('',(0.707106781189163,-2.98945604132286E-12,-0.707106781183932));
#4112=DIRECTION('center_axis',(0.707108140654949,-0.707105421715532,0.));
#4113=DIRECTION('ref_axis',(0.,0.,-1.));
#4114=DIRECTION('',(0.,0.,1.));
#4115=DIRECTION('',(0.,0.,-1.));
#4116=DIRECTION('',(0.577348789185654,0.577351009188969,0.57735100919141));
#4117=DIRECTION('center_axis',(0.577348049182451,0.577352489188265,-0.577350269189625));
#4118=DIRECTION('ref_axis',(-0.707108140659054,0.,-0.707105421711427));
#4119=DIRECTION('',(2.71893717194989E-6,-0.707106781181318,-0.70710678118655));
#4120=DIRECTION('',(-0.707109500118495,0.707104062244145,0.));
#4121=DIRECTION('',(0.707106781181319,2.71893717469755E-6,0.707106781186549));
#4122=DIRECTION('center_axis',(0.57734804918245,0.577352489188263,0.577350269189628));
#4123=DIRECTION('ref_axis',(0.707108140659057,0.,-0.707105421711424));
#4124=DIRECTION('',(-0.707106781181322,-2.71893717469756E-6,0.707106781186546));
#4125=DIRECTION('',(0.707109500118495,-0.707104062244145,0.));
#4126=DIRECTION('',(-2.71893717273495E-6,0.707106781181321,-0.707106781186546));
#4127=DIRECTION('center_axis',(0.707104062244145,0.707109500118495,0.));
#4128=DIRECTION('ref_axis',(0.,0.,-1.));
#4129=DIRECTION('',(0.,0.,-1.));
#4130=DIRECTION('',(0.,0.,1.));
#4131=DIRECTION('center_axis',(0.183012701892027,-0.683012701892266,0.707106781186553));
#4132=DIRECTION('ref_axis',(0.968100345886439,0.,-0.250562807085483));
#4133=DIRECTION('',(0.965925826289141,0.258819045102251,0.));
#4134=DIRECTION('',(-0.183012701892025,0.683012701892276,0.707106781186543));
#4135=DIRECTION('',(-0.965925826289141,-0.258819045102251,0.));
#4136=DIRECTION('',(0.621514878797812,-0.476905139176613,-0.621514878067996));
#4137=DIRECTION('center_axis',(0.707106781186546,4.06167821519171E-11,0.707106781186549));
#4138=DIRECTION('ref_axis',(0.707106781186549,0.,-0.707106781186546));
#4139=DIRECTION('',(-5.74408041791947E-11,1.,0.));
#4140=DIRECTION('',(5.74408041791947E-11,-1.,0.));
#4141=DIRECTION('',(0.577349529165125,0.57735174920262,-0.577349529198287));
#4142=DIRECTION('center_axis',(-2.7189371742327E-6,0.707106781181319,0.707106781186549));
#4143=DIRECTION('ref_axis',(0.999999999992607,0.,3.84515782701183E-6));
#4144=DIRECTION('',(0.999999999992607,3.84515782704026E-6,0.));
#4145=DIRECTION('',(-0.999999999992607,-3.84515782704026E-6,0.));
#4146=DIRECTION('center_axis',(0.707106781181318,2.71893717429245E-6,0.70710678118655));
#4147=DIRECTION('ref_axis',(0.707106781189163,0.,-0.707106781183932));
#4148=DIRECTION('',(3.84515782712478E-6,-0.999999999992607,0.));
#4149=DIRECTION('',(-3.84515782712478E-6,0.999999999992607,0.));
#4150=DIRECTION('center_axis',(0.707106781181321,2.71893717429246E-6,-0.707106781186546));
#4151=DIRECTION('ref_axis',(-0.70710678118916,0.,-0.707106781183935));
#4152=DIRECTION('',(3.84515782712478E-6,-0.999999999992607,0.));
#4153=DIRECTION('center_axis',(-2.71893717423271E-6,0.707106781181322,-0.707106781186545));
#4154=DIRECTION('ref_axis',(-0.999999999992607,0.,3.84515782701186E-6));
#4155=DIRECTION('',(0.999999999992607,3.84515782704026E-6,0.));
#4156=DIRECTION('',(0.577349529165124,0.577351749202618,0.57734952919829));
#4157=DIRECTION('center_axis',(2.2438207379465E-12,-0.707106781186544,0.707106781186551));
#4158=DIRECTION('ref_axis',(1.,0.,-3.17324171913793E-12));
#4159=DIRECTION('',(1.,3.17324171913796E-12,0.));
#4160=DIRECTION('',(-1.,-3.17324171913796E-12,0.));
#4161=DIRECTION('',(0.577350269190238,-0.577350269188407,-0.577350269190233));
#4162=DIRECTION('center_axis',(0.707106781186549,4.06167821519173E-11,-0.707106781186546));
#4163=DIRECTION('ref_axis',(-0.707106781186546,0.,-0.707106781186549));
#4164=DIRECTION('',(-0.69474659060173,-0.186156787895801,-0.694746590612426));
#4165=DIRECTION('',(5.74408041791947E-11,-1.,0.));
#4166=DIRECTION('center_axis',(0.707106781186546,-2.02825749448983E-16,
0.707106781186549));
#4167=DIRECTION('ref_axis',(0.707106781186549,0.,-0.707106781186546));
#4168=DIRECTION('',(2.8683892566924E-16,1.,0.));
#4169=DIRECTION('',(-2.8683892566924E-16,-1.,0.));
#4170=DIRECTION('',(0.577350269189628,0.577350269189626,-0.577350269189623));
#4171=DIRECTION('center_axis',(3.01940857439187E-16,0.707106781186546,0.707106781186549));
#4172=DIRECTION('ref_axis',(1.,0.,-4.27008855625058E-16));
#4173=DIRECTION('',(-1.,4.2700885562506E-16,0.));
#4174=DIRECTION('',(1.,-4.2700885562506E-16,0.));
#4175=DIRECTION('center_axis',(3.01940857439188E-16,0.707106781186549,-0.707106781186546));
#4176=DIRECTION('ref_axis',(-1.,0.,-4.27008855625062E-16));
#4177=DIRECTION('',(1.,-4.2700885562506E-16,0.));
#4178=DIRECTION('',(0.577350269189627,0.577350269189624,0.577350269189627));
#4179=DIRECTION('center_axis',(0.707106781186549,-2.02825749448984E-16,
-0.707106781186546));
#4180=DIRECTION('ref_axis',(-0.707106781186546,0.,-0.707106781186549));
#4181=DIRECTION('',(-0.707106781186546,-2.2438207379465E-12,-0.707106781186549));
#4182=DIRECTION('',(-2.8683892566924E-16,-1.,0.));
#4183=DIRECTION('center_axis',(0.577350269185497,0.577350269185494,0.577350269197887));
#4184=DIRECTION('ref_axis',(0.707106781194135,0.,-0.70710678117896));
#4185=DIRECTION('',(-0.707106781186548,-1.51608127810506E-11,0.707106781186547));
#4186=DIRECTION('',(0.707106781186549,-0.707106781186546,-6.28036983473511E-15));
#4187=DIRECTION('',(-1.57009245866694E-15,0.707106781194137,-0.707106781178958));
#4188=DIRECTION('center_axis',(0.707106781186546,0.707106781186549,-1.0123956173593E-12));
#4189=DIRECTION('ref_axis',(-1.43174361255661E-12,0.,-1.));
#4190=DIRECTION('',(0.,1.4317436125566E-12,1.));
#4191=DIRECTION('center_axis',(-0.577350269187691,0.577350269184397,0.57735026919679));
#4192=DIRECTION('ref_axis',(0.70710678119212,0.,0.707106781180975));
#4193=DIRECTION('',(0.,-0.707106781194137,0.707106781178958));
#4194=DIRECTION('',(0.707106781184534,0.707106781188561,6.28036983471719E-15));
#4195=DIRECTION('',(-0.707106781186549,1.11413760868201E-11,-0.707106781186546));
#4196=DIRECTION('center_axis',(-0.707106781188561,0.707106781184534,-1.01239561735642E-12));
#4197=DIRECTION('ref_axis',(-1.43174361254845E-12,0.,1.));
#4198=DIRECTION('',(0.,1.4317436125566E-12,1.));
#4199=DIRECTION('',(0.,-1.4317436125566E-12,-1.));
#4200=DIRECTION('',(-0.577350269186596,-0.577350269195681,0.5773502691866));
#4201=DIRECTION('center_axis',(-0.707106781186549,-3.12615309911481E-10,
-0.707106781186546));
#4202=DIRECTION('ref_axis',(-0.707106781186546,0.,0.707106781186549));
#4203=DIRECTION('',(0.707106781186546,3.12611688893773E-10,-0.707106781186549));
#4204=DIRECTION('',(-0.57735026932663,0.577350269170867,0.577350269071381));
#4205=DIRECTION('',(-4.42104811082283E-10,1.,0.));
#4206=DIRECTION('center_axis',(-0.707106781186546,0.,0.707106781186549));
#4207=DIRECTION('ref_axis',(0.707106781186549,0.,0.707106781186546));
#4208=DIRECTION('',(0.707106781186549,0.,0.707106781186546));
#4209=DIRECTION('',(0.,1.,0.));
#4210=DIRECTION('',(0.,-1.,0.));
#4211=DIRECTION('center_axis',(0.707106781186574,-0.707106781186521,0.));
#4212=DIRECTION('ref_axis',(0.,0.,-1.));
#4213=DIRECTION('',(0.,0.,1.));
#4214=DIRECTION('',(-0.577350269189598,-0.577350269189641,-0.577350269189638));
#4215=DIRECTION('',(0.,0.,-1.));
#4216=DIRECTION('',(0.577350269189596,0.577350269189639,-0.577350269189642));
#4217=DIRECTION('center_axis',(-0.577350269068882,0.577350269331617,-0.577350269168378));
#4218=DIRECTION('ref_axis',(-0.707106781247477,0.,0.707106781125619));
#4219=DIRECTION('',(0.707106781186546,-1.21858015903365E-10,-0.707106781186549));
#4220=DIRECTION('',(-0.70710678134744,-0.707106781025655,0.));
#4221=DIRECTION('',(1.99919872764205E-10,0.707106781186544,0.707106781186551));
#4222=DIRECTION('center_axis',(4.95818671166679E-16,-0.707106781186546,
0.707106781186549));
#4223=DIRECTION('ref_axis',(1.,0.,-7.01193489241722E-16));
#4224=DIRECTION('',(-1.,-7.01193489241725E-16,0.));
#4225=DIRECTION('',(-0.57735026929845,-0.577350269135214,-0.577350269135213));
#4226=DIRECTION('',(1.,7.01193489241725E-16,0.));
#4227=DIRECTION('center_axis',(-0.577350269068881,0.577350269331616,0.57735026916838));
#4228=DIRECTION('ref_axis',(0.707106781247478,0.,0.707106781125617));
#4229=DIRECTION('',(-1.99919872764206E-10,-0.707106781186548,0.707106781186548));
#4230=DIRECTION('',(0.70710678134744,0.707106781025655,0.));
#4231=DIRECTION('',(-0.707106781186549,1.21858015903365E-10,-0.707106781186546));
#4232=DIRECTION('center_axis',(-0.707106781025655,0.70710678134744,0.));
#4233=DIRECTION('ref_axis',(0.,0.,1.));
#4234=DIRECTION('',(0.,0.,-1.));
#4235=DIRECTION('',(0.,0.,1.));
#4236=DIRECTION('center_axis',(-0.707106781186546,1.99918351712256E-10,
0.707106781186549));
#4237=DIRECTION('ref_axis',(0.707106781186549,0.,0.707106781186546));
#4238=DIRECTION('',(2.82727244358748E-10,1.,0.));
#4239=DIRECTION('',(-2.82727244358748E-10,-1.,0.));
#4240=DIRECTION('center_axis',(1.21850044664729E-10,0.707106781186548,0.707106781186548));
#4241=DIRECTION('ref_axis',(1.,0.,-1.72321985740627E-10));
#4242=DIRECTION('',(-1.,1.72321985740627E-10,0.));
#4243=DIRECTION('',(1.,-1.72321985740627E-10,0.));
#4244=DIRECTION('',(-0.577350269326631,0.577350269170869,-0.577350269071377));
#4245=DIRECTION('center_axis',(-0.707106781186546,-3.12615309911479E-10,
0.707106781186549));
#4246=DIRECTION('ref_axis',(0.707106781186549,0.,0.707106781186546));
#4247=DIRECTION('',(4.42104811082283E-10,-1.,0.));
#4248=DIRECTION('',(-4.42104811082283E-10,1.,0.));
#4249=DIRECTION('center_axis',(1.21850044664729E-10,0.707106781186551,-0.707106781186544));
#4250=DIRECTION('ref_axis',(-1.,0.,-1.72321985740628E-10));
#4251=DIRECTION('',(1.,-1.72321985740627E-10,0.));
#4252=DIRECTION('center_axis',(-0.707106781186549,1.99918351712257E-10,
-0.707106781186546));
#4253=DIRECTION('ref_axis',(-0.707106781186546,0.,0.707106781186549));
#4254=DIRECTION('',(2.82727244358748E-10,1.,0.));
#4255=DIRECTION('',(-0.577350269298447,-0.577350269135214,0.577350269135216));
#4256=DIRECTION('center_axis',(4.95818671166681E-16,-0.707106781186549,
-0.707106781186546));
#4257=DIRECTION('ref_axis',(-1.,0.,-7.01193489241728E-16));
#4258=DIRECTION('',(-1.,-7.01193489241725E-16,0.));
#4259=DIRECTION('center_axis',(0.,0.707106781178958,0.707106781194137));
#4260=DIRECTION('ref_axis',(1.,0.,0.));
#4261=DIRECTION('',(1.,0.,0.));
#4262=DIRECTION('',(-1.,0.,0.));
#4263=DIRECTION('center_axis',(-0.707106781186549,0.,-0.707106781186546));
#4264=DIRECTION('ref_axis',(-0.707106781186546,0.,0.707106781186549));
#4265=DIRECTION('',(0.,1.,0.));
#4266=DIRECTION('center_axis',(0.707106781186547,0.,0.707106781186548));
#4267=DIRECTION('ref_axis',(0.707106781186548,0.,-0.707106781186547));
#4268=DIRECTION('',(0.707106781187331,0.,-0.707106781185764));
#4269=DIRECTION('',(0.,-1.,0.));
#4270=DIRECTION('center_axis',(0.,0.,-1.));
#4271=DIRECTION('ref_axis',(0.258819045101942,-0.965925826289224,0.));
#4272=DIRECTION('center_axis',(0.,0.,1.));
#4273=DIRECTION('ref_axis',(0.258819045101942,-0.965925826289224,0.));
#4274=DIRECTION('center_axis',(4.2700885562506E-16,1.,0.));
#4275=DIRECTION('ref_axis',(-1.,4.2700885562506E-16,0.));
#4276=DIRECTION('',(0.,0.,1.));
#4277=DIRECTION('center_axis',(1.,-2.8683892566924E-16,0.));
#4278=DIRECTION('ref_axis',(2.8683892566924E-16,1.,0.));
#4279=DIRECTION('',(0.,0.,1.));
#4280=DIRECTION('center_axis',(0.,0.,1.));
#4281=DIRECTION('ref_axis',(1.,0.,0.));
#4282=DIRECTION('',(-7.53180394442851E-14,1.,0.));
#4283=DIRECTION('center_axis',(1.,7.53180394442851E-14,0.));
#4284=DIRECTION('ref_axis',(-7.53180394442851E-14,1.,0.));
#4285=DIRECTION('center_axis',(-1.,-7.53180394442851E-14,0.));
#4286=DIRECTION('ref_axis',(7.53180395892358E-14,-1.,0.));
#4287=DIRECTION('center_axis',(-1.,2.82727244358748E-10,0.));
#4288=DIRECTION('ref_axis',(-2.82727244358748E-10,-1.,0.));
#4289=DIRECTION('',(0.,0.,1.));
#4290=DIRECTION('center_axis',(-1.,-4.42104811082283E-10,0.));
#4291=DIRECTION('ref_axis',(4.42104811082283E-10,-1.,0.));
#4292=DIRECTION('',(0.,0.,1.));
#4293=DIRECTION('',(0.,0.,1.));
#4294=DIRECTION('center_axis',(1.72321985740627E-10,1.,0.));
#4295=DIRECTION('ref_axis',(-1.,1.72321985740627E-10,0.));
#4296=DIRECTION('',(0.,0.,-1.));
#4297=DIRECTION('',(1.,-1.72321985740627E-10,0.));
#4298=DIRECTION('',(0.,0.,1.));
#4299=DIRECTION('',(-1.,1.72321985740627E-10,0.));
#4300=DIRECTION('center_axis',(0.999999999992607,3.84515782712478E-6,0.));
#4301=DIRECTION('ref_axis',(-3.84515782712478E-6,0.999999999992607,0.));
#4302=DIRECTION('center_axis',(-0.999999999992607,-3.84515782712478E-6,
0.));
#4303=DIRECTION('ref_axis',(0.,0.,-1.));
#4304=DIRECTION('center_axis',(0.,1.,-1.4317436125566E-12));
#4305=DIRECTION('ref_axis',(-1.,0.,0.));
#4306=DIRECTION('',(0.,-1.4317436125566E-12,-1.));
#4307=DIRECTION('',(-0.741893465676188,0.,0.670517774251343));
#4308=DIRECTION('',(0.933245269389614,-5.14339355300415E-13,-0.359239846289226));
#4309=DIRECTION('center_axis',(-0.999999999992607,-3.84515782703154E-6,
0.));
#4310=DIRECTION('ref_axis',(0.,0.,-1.));
#4311=DIRECTION('',(-0.999999999992607,-3.84515782703154E-6,0.));
#4312=DIRECTION('center_axis',(-0.999999999992607,-3.84515782712478E-6,
0.));
#4313=DIRECTION('ref_axis',(0.,0.,-1.));
#4314=DIRECTION('center_axis',(0.999999999992607,3.84515782712478E-6,0.));
#4315=DIRECTION('ref_axis',(0.,0.,-1.));
#4316=DIRECTION('center_axis',(-0.999999999992607,-3.8451578268095E-6,0.));
#4317=DIRECTION('ref_axis',(0.,0.,-1.));
#4318=DIRECTION('',(-0.999999999992607,-3.8451578268095E-6,0.));
#4319=DIRECTION('center_axis',(-0.999999999992607,-3.84515782712478E-6,
0.));
#4320=DIRECTION('ref_axis',(0.,0.,-1.));
#4321=DIRECTION('center_axis',(0.999999999992607,3.84515782712478E-6,0.));
#4322=DIRECTION('ref_axis',(0.,0.,-1.));
#4323=DIRECTION('center_axis',(-1.,0.,0.));
#4324=DIRECTION('ref_axis',(0.,0.,-1.));
#4325=DIRECTION('',(0.,0.,1.));
#4326=DIRECTION('',(0.,-1.,0.));
#4327=DIRECTION('',(0.,-1.,0.));
#4328=DIRECTION('center_axis',(0.,0.,1.));
#4329=DIRECTION('ref_axis',(-1.,0.,0.));
#4330=DIRECTION('',(1.,3.17324171913796E-12,0.));
#4331=DIRECTION('',(0.,-1.,0.));
#4332=DIRECTION('center_axis',(1.,0.,0.));
#4333=DIRECTION('ref_axis',(0.,0.,1.));
#4334=DIRECTION('',(0.,0.,-1.));
#4335=DIRECTION('',(0.,-1.,0.));
#4336=DIRECTION('center_axis',(0.,0.,-1.));
#4337=DIRECTION('ref_axis',(1.,0.,0.));
#4338=DIRECTION('',(-1.,-3.17324171913796E-12,0.));
#4339=DIRECTION('center_axis',(0.,0.,-1.));
#4340=DIRECTION('ref_axis',(1.,0.,0.));
#4341=DIRECTION('',(0.,0.,-1.));
#4342=DIRECTION('center_axis',(0.,0.,1.));
#4343=DIRECTION('ref_axis',(1.,0.,0.));
#4344=DIRECTION('center_axis',(0.,0.,-1.));
#4345=DIRECTION('ref_axis',(-1.,0.,0.));
#4346=DIRECTION('',(1.,0.,0.));
#4347=DIRECTION('center_axis',(-1.,0.,0.));
#4348=DIRECTION('ref_axis',(0.,0.,1.));
#4349=DIRECTION('center_axis',(-1.,0.,0.));
#4350=DIRECTION('ref_axis',(0.,1.,-1.43190065494607E-12));
#4351=DIRECTION('',(0.,0.,-1.));
#4352=DIRECTION('',(0.,1.,0.));
#4353=DIRECTION('',(0.,0.,1.));
#4354=DIRECTION('',(0.,-1.,0.));
#4355=DIRECTION('center_axis',(1.,0.,0.));
#4356=DIRECTION('ref_axis',(0.,1.,-1.43147610891308E-12));
#4357=DIRECTION('',(0.,1.,0.));
#4358=DIRECTION('center_axis',(-1.,0.,0.));
#4359=DIRECTION('ref_axis',(0.,1.,-1.43190065494607E-12));
#4360=DIRECTION('',(1.,0.,0.));
#4361=DIRECTION('',(1.,0.,0.));
#4362=DIRECTION('center_axis',(-0.359239846289226,0.,-0.933245269389614));
#4363=DIRECTION('ref_axis',(-0.933245269389614,0.,0.359239846289226));
#4364=DIRECTION('',(0.,-1.,0.));
#4365=DIRECTION('center_axis',(-1.,0.,0.));
#4366=DIRECTION('ref_axis',(0.,-1.,0.));
#4367=DIRECTION('center_axis',(0.,0.,1.));
#4368=DIRECTION('ref_axis',(0.258819045101942,-0.965925826289224,0.));
#4369=DIRECTION('',(0.,0.,1.));
#4370=DIRECTION('center_axis',(0.258819045102251,-0.965925826289141,0.));
#4371=DIRECTION('ref_axis',(0.965925826289141,0.258819045102251,0.));
#4372=DIRECTION('',(0.,0.,1.));
#4373=DIRECTION('center_axis',(1.,5.74408041791947E-11,0.));
#4374=DIRECTION('ref_axis',(-5.74408041791947E-11,1.,0.));
#4375=DIRECTION('',(0.,0.,1.));
#4376=DIRECTION('center_axis',(-3.84515782704026E-6,0.999999999992607,0.));
#4377=DIRECTION('ref_axis',(-0.999999999992607,-3.84515782704026E-6,0.));
#4378=DIRECTION('center_axis',(3.17324171913796E-12,-1.,0.));
#4379=DIRECTION('ref_axis',(1.,3.17324171913796E-12,0.));
#4380=DIRECTION('center_axis',(7.01193489241725E-16,-1.,0.));
#4381=DIRECTION('ref_axis',(1.,7.01193489241725E-16,0.));
#4382=DIRECTION('center_axis',(-0.670517774251343,0.,-0.741893465676188));
#4383=DIRECTION('ref_axis',(0.741893465676188,0.,-0.670517774251343));
#4384=DIRECTION('center_axis',(0.,0.,-1.));
#4385=DIRECTION('ref_axis',(1.,0.,0.));
#4386=DIRECTION('center_axis',(0.,0.,-1.));
#4387=DIRECTION('ref_axis',(1.,0.,0.));
#4388=DIRECTION('',(0.,0.,-1.));
#4389=DIRECTION('center_axis',(0.,1.,0.));
#4390=DIRECTION('ref_axis',(1.,0.,0.));
#4391=DIRECTION('center_axis',(0.,1.,0.));
#4392=DIRECTION('ref_axis',(1.,0.,0.));
#4393=DIRECTION('center_axis',(0.,-1.,0.));
#4394=DIRECTION('ref_axis',(1.,0.,0.));
#4395=DIRECTION('center_axis',(0.,-1.,0.));
#4396=DIRECTION('ref_axis',(1.,0.,0.));
#4397=DIRECTION('center_axis',(0.,1.,0.));
#4398=DIRECTION('ref_axis',(1.,0.,0.));
#4399=DIRECTION('',(0.,-1.,0.));
#4400=DIRECTION('',(0.,-1.,0.));
#4401=DIRECTION('center_axis',(0.,1.,0.));
#4402=DIRECTION('ref_axis',(1.,0.,0.));
#4403=DIRECTION('center_axis',(0.,1.,0.));
#4404=DIRECTION('ref_axis',(1.,0.,0.));
#4405=DIRECTION('center_axis',(0.,-1.,0.));
#4406=DIRECTION('ref_axis',(1.,0.,0.));
#4407=DIRECTION('',(1.,0.,0.));
#4408=DIRECTION('center_axis',(1.,0.,1.82934475648463E-16));
#4409=DIRECTION('ref_axis',(-1.82934475648463E-16,0.,1.));
#4410=DIRECTION('',(1.,0.,1.82934475648463E-16));
#4411=DIRECTION('center_axis',(1.,0.,-1.82934475648463E-16));
#4412=DIRECTION('ref_axis',(1.82934475648463E-16,0.,1.));
#4413=DIRECTION('',(-1.,0.,1.82934475648463E-16));
#4414=DIRECTION('center_axis',(0.,0.,1.));
#4415=DIRECTION('ref_axis',(-1.,0.,0.));
#4416=DIRECTION('center_axis',(0.,0.,1.));
#4417=DIRECTION('ref_axis',(-1.,0.,0.));
#4418=DIRECTION('center_axis',(0.,0.,1.));
#4419=DIRECTION('ref_axis',(-1.,0.,0.));
#4420=DIRECTION('',(0.,0.,1.));
#4421=DIRECTION('center_axis',(-1.,0.,0.));
#4422=DIRECTION('ref_axis',(0.,1.,-1.43147610891308E-12));
#4423=DIRECTION('',(1.,0.,0.));
#4424=DIRECTION('center_axis',(0.,1.,0.));
#4425=DIRECTION('ref_axis',(-1.83697019872103E-16,0.,-1.));
#4426=DIRECTION('center_axis',(0.,0.,1.));
#4427=DIRECTION('ref_axis',(-1.,0.,0.));
#4428=DIRECTION('center_axis',(0.,0.,-1.));
#4429=DIRECTION('ref_axis',(1.,0.,0.));
#4430=DIRECTION('center_axis',(0.,0.,-1.));
#4431=DIRECTION('ref_axis',(1.,0.,0.));
#4432=DIRECTION('',(0.,0.,-1.));
#4433=DIRECTION('center_axis',(0.,0.,1.));
#4434=DIRECTION('ref_axis',(1.,0.,0.));
#4435=DIRECTION('center_axis',(0.,0.,1.));
#4436=DIRECTION('ref_axis',(1.,0.,0.));
#4437=DIRECTION('center_axis',(0.,0.,-1.));
#4438=DIRECTION('ref_axis',(1.,0.,0.));
#4439=DIRECTION('center_axis',(0.,0.,1.));
#4440=DIRECTION('ref_axis',(1.,0.,0.));
#4441=DIRECTION('center_axis',(0.,0.,1.));
#4442=DIRECTION('ref_axis',(1.,0.,0.));
#4443=DIRECTION('',(0.,0.,-1.));
#4444=DIRECTION('center_axis',(0.,0.,1.));
#4445=DIRECTION('ref_axis',(1.,0.,0.));
#4446=DIRECTION('center_axis',(0.,0.,1.));
#4447=DIRECTION('ref_axis',(-1.,0.,0.));
#4448=DIRECTION('center_axis',(0.,0.,1.));
#4449=DIRECTION('ref_axis',(-1.,0.,0.));
#4450=DIRECTION('',(0.,0.,1.));
#4451=DIRECTION('center_axis',(0.,0.,-1.));
#4452=DIRECTION('ref_axis',(-1.,0.,0.));
#4453=DIRECTION('center_axis',(0.,0.,1.));
#4454=DIRECTION('ref_axis',(1.,0.,0.));
#4455=DIRECTION('center_axis',(0.,0.,-1.));
#4456=DIRECTION('ref_axis',(1.,0.,0.));
#4457=DIRECTION('center_axis',(0.,0.,1.));
#4458=DIRECTION('ref_axis',(1.,0.,0.));
#4459=DIRECTION('center_axis',(0.,0.,1.));
#4460=DIRECTION('ref_axis',(1.,0.,0.));
#4461=DIRECTION('',(0.,0.,1.));
#4462=DIRECTION('center_axis',(0.,0.,1.));
#4463=DIRECTION('ref_axis',(1.,0.,0.));
#4464=DIRECTION('',(0.,0.,1.));
#4465=DIRECTION('',(1.,0.,0.));
#4466=DIRECTION('axis',(0.,0.,1.));
#4467=DIRECTION('refdir',(1.,0.,0.));
#4468=DIRECTION('center_axis',(0.,-1.,0.));
#4469=DIRECTION('ref_axis',(-0.760600013034423,0.,-0.649220779220779));
#4470=DIRECTION('center_axis',(0.,-1.,0.));
#4471=DIRECTION('ref_axis',(-0.760600013034423,0.,-0.649220779220779));
#4472=DIRECTION('center_axis',(0.,1.,0.));
#4473=DIRECTION('ref_axis',(-0.760600013034423,0.,-0.649220779220779));
#4474=DIRECTION('center_axis',(0.,1.,0.));
#4475=DIRECTION('ref_axis',(-0.760600013034423,0.,-0.649220779220779));
#4476=DIRECTION('',(0.,-1.,0.));
#4477=DIRECTION('center_axis',(-0.707106781186548,-0.707106781186548,0.));
#4478=DIRECTION('ref_axis',(-0.707106781186548,0.707106781186548,0.));
#4479=DIRECTION('',(0.,1.,0.));
#4480=DIRECTION('center_axis',(0.,1.,0.));
#4481=DIRECTION('ref_axis',(-0.760600013034423,0.,-0.649220779220779));
#4482=DIRECTION('',(0.,1.,0.));
#4483=DIRECTION('center_axis',(0.,1.,0.));
#4484=DIRECTION('ref_axis',(-0.760600013034423,0.,-0.649220779220779));
#4485=DIRECTION('',(0.,-1.,0.));
#4486=DIRECTION('center_axis',(0.,-1.,0.));
#4487=DIRECTION('ref_axis',(-0.760600013034423,0.,-0.649220779220779));
#4488=DIRECTION('',(0.,1.,0.));
#4489=DIRECTION('center_axis',(0.,1.,0.));
#4490=DIRECTION('ref_axis',(-0.760600013034423,0.,-0.649220779220779));
#4491=DIRECTION('',(0.,-1.,0.));
#4492=DIRECTION('center_axis',(1.07235397330002E-16,0.707106781186535,-0.70710678118656));
#4493=DIRECTION('ref_axis',(-1.,0.,-1.51653753270553E-16));
#4494=DIRECTION('',(1.,0.,1.51653753270553E-16));
#4495=DIRECTION('',(-1.,0.,-1.51653753270553E-16));
#4496=DIRECTION('center_axis',(0.,-1.,0.));
#4497=DIRECTION('ref_axis',(0.760600013034423,0.,0.649220779220779));
#4498=DIRECTION('center_axis',(0.,-1.,0.));
#4499=DIRECTION('ref_axis',(0.760600013034423,0.,0.649220779220779));
#4500=DIRECTION('center_axis',(0.,1.,0.));
#4501=DIRECTION('ref_axis',(0.760600013034423,0.,0.649220779220779));
#4502=DIRECTION('center_axis',(0.,0.707106781186541,0.707106781186554));
#4503=DIRECTION('ref_axis',(1.,0.,0.));
#4504=DIRECTION('',(-1.,0.,0.));
#4505=DIRECTION('',(0.577350269189622,-0.577350269189633,0.577350269189622));
#4506=DIRECTION('',(1.,0.,0.));
#4507=DIRECTION('center_axis',(0.,-1.,0.));
#4508=DIRECTION('ref_axis',(-0.760600013034423,0.,-0.649220779220779));
#4509=DIRECTION('center_axis',(0.,-1.,0.));
#4510=DIRECTION('ref_axis',(-0.760600013034423,0.,-0.649220779220779));
#4511=DIRECTION('center_axis',(0.,1.,0.));
#4512=DIRECTION('ref_axis',(0.573576436351046,0.,-0.819152044288992));
#4513=DIRECTION('',(1.,0.,0.));
#4514=DIRECTION('',(0.,0.,1.));
#4515=DIRECTION('',(1.,0.,0.));
#4516=DIRECTION('',(0.707106781186546,0.,0.707106781186549));
#4517=DIRECTION('',(0.,0.,1.));
#4518=DIRECTION('center_axis',(0.,1.,0.));
#4519=DIRECTION('ref_axis',(-0.466685998296411,0.,-0.884423076923077));
#4520=DIRECTION('',(-1.,0.,2.87636786800688E-16));
#4521=DIRECTION('center_axis',(0.,1.,0.));
#4522=DIRECTION('ref_axis',(0.46668599829641,0.,0.884423076923077));
#4523=DIRECTION('',(1.,0.,0.));
#4524=DIRECTION('center_axis',(0.,1.,0.));
#4525=DIRECTION('ref_axis',(-0.466685998296411,0.,-0.884423076923077));
#4526=DIRECTION('',(-1.,0.,6.5339377727444E-15));
#4527=DIRECTION('center_axis',(0.,1.,0.));
#4528=DIRECTION('ref_axis',(-0.466685998296411,0.,-0.884423076923077));
#4529=DIRECTION('center_axis',(0.,-1.,0.));
#4530=DIRECTION('ref_axis',(-0.466685998296411,0.,-0.884423076923077));
#4531=DIRECTION('center_axis',(0.,0.707106781186541,-0.707106781186554));
#4532=DIRECTION('ref_axis',(-1.,0.,0.));
#4533=DIRECTION('',(-1.,0.,0.));
#4534=DIRECTION('center_axis',(0.,1.,0.));
#4535=DIRECTION('ref_axis',(0.466685998296411,0.,0.884423076923077));
#4536=DIRECTION('center_axis',(0.,-1.,0.));
#4537=DIRECTION('ref_axis',(0.466685998296411,0.,0.884423076923077));
#4538=DIRECTION('center_axis',(2.03389922465477E-16,0.707106781186541,0.707106781186554));
#4539=DIRECTION('ref_axis',(1.,0.,-2.87636786800688E-16));
#4540=DIRECTION('',(1.,0.,-2.87636786800688E-16));
#4541=DIRECTION('center_axis',(0.,1.,0.));
#4542=DIRECTION('ref_axis',(-0.466685998296411,0.,-0.884423076923077));
#4543=DIRECTION('center_axis',(0.,-1.,0.));
#4544=DIRECTION('ref_axis',(-0.466685998296411,0.,-0.884423076923077));
#4545=DIRECTION('center_axis',(0.,0.,-1.));
#4546=DIRECTION('ref_axis',(-1.,0.,0.));
#4547=DIRECTION('',(0.,-1.,0.));
#4548=DIRECTION('',(1.,0.,0.));
#4549=DIRECTION('',(0.,-1.,0.));
#4550=DIRECTION('center_axis',(0.,0.,1.));
#4551=DIRECTION('ref_axis',(-1.,0.,0.));
#4552=DIRECTION('center_axis',(0.,1.,0.));
#4553=DIRECTION('ref_axis',(-0.466685998296411,0.,-0.884423076923077));
#4554=DIRECTION('',(0.,1.,0.));
#4555=DIRECTION('center_axis',(0.,1.,0.));
#4556=DIRECTION('ref_axis',(0.46668599829641,0.,0.884423076923077));
#4557=DIRECTION('center_axis',(2.87636786800688E-16,0.,1.));
#4558=DIRECTION('ref_axis',(1.,0.,-2.87636786800688E-16));
#4559=DIRECTION('',(0.,1.,0.));
#4560=DIRECTION('',(-1.,0.,2.87636786800688E-16));
#4561=DIRECTION('center_axis',(-2.87636786800688E-16,0.,-1.));
#4562=DIRECTION('ref_axis',(-1.,0.,0.));
#4563=DIRECTION('center_axis',(0.,1.,0.));
#4564=DIRECTION('ref_axis',(-0.466685998296411,0.,-0.884423076923077));
#4565=DIRECTION('',(0.,1.,0.));
#4566=DIRECTION('center_axis',(0.,1.,0.));
#4567=DIRECTION('ref_axis',(-0.466685998296411,0.,-0.884423076923077));
#4568=DIRECTION('',(0.,1.,0.));
#4569=DIRECTION('center_axis',(0.,-1.,0.));
#4570=DIRECTION('ref_axis',(-0.466685998296411,0.,-0.884423076923077));
#4571=DIRECTION('center_axis',(1.51653753270553E-16,0.,-1.));
#4572=DIRECTION('ref_axis',(-1.,0.,-1.51653753270553E-16));
#4573=DIRECTION('',(0.,1.,0.));
#4574=DIRECTION('',(1.,0.,1.51653753270553E-16));
#4575=DIRECTION('center_axis',(-1.51653753270553E-16,0.,1.));
#4576=DIRECTION('ref_axis',(-1.,0.,0.));
#4577=DIRECTION('center_axis',(-0.707106781186548,0.,0.707106781186548));
#4578=DIRECTION('ref_axis',(0.707106781186548,0.,0.707106781186548));
#4579=DIRECTION('',(0.,-1.,0.));
#4580=DIRECTION('',(0.577350269189622,-0.577350269189633,0.577350269189622));
#4581=DIRECTION('',(0.,1.,0.));
#4582=DIRECTION('center_axis',(0.,0.,1.));
#4583=DIRECTION('ref_axis',(1.,0.,0.));
#4584=DIRECTION('',(1.,0.,0.));
#4585=DIRECTION('',(-1.,0.,0.));
#4586=DIRECTION('',(0.,1.,0.));
#4587=DIRECTION('center_axis',(0.,0.,-1.));
#4588=DIRECTION('ref_axis',(-1.,0.,0.));
#4589=DIRECTION('center_axis',(0.,0.,-1.));
#4590=DIRECTION('ref_axis',(-1.,0.,0.));
#4591=DIRECTION('',(0.,1.,0.));
#4592=DIRECTION('',(-1.,0.,0.));
#4593=DIRECTION('',(0.,-1.,0.));
#4594=DIRECTION('center_axis',(0.,0.,-1.));
#4595=DIRECTION('ref_axis',(1.,0.,0.));
#4596=DIRECTION('center_axis',(0.,0.,-1.));
#4597=DIRECTION('ref_axis',(-1.,0.,0.));
#4598=DIRECTION('',(0.,-1.,0.));
#4599=DIRECTION('',(-1.,0.,0.));
#4600=DIRECTION('',(0.,1.,0.));
#4601=DIRECTION('center_axis',(1.,0.,0.));
#4602=DIRECTION('ref_axis',(0.,0.,-1.));
#4603=DIRECTION('',(0.,-1.,0.));
#4604=DIRECTION('',(0.,0.,-1.));
#4605=DIRECTION('center_axis',(-0.76974341842223,0.,0.638353405094435));
#4606=DIRECTION('ref_axis',(0.638353405094435,0.,0.76974341842223));
#4607=DIRECTION('',(0.,-1.,0.));
#4608=DIRECTION('',(0.538068710858049,-0.538068710858049,0.648817481878467));
#4609=DIRECTION('center_axis',(6.5339377727444E-15,0.,1.));
#4610=DIRECTION('ref_axis',(1.,0.,-6.5339377727444E-15));
#4611=DIRECTION('',(0.,1.,0.));
#4612=DIRECTION('',(-1.,0.,6.5339377727444E-15));
#4613=DIRECTION('',(0.,-1.,0.));
#4614=DIRECTION('',(1.,0.,0.));
#4615=DIRECTION('',(0.,-1.,0.));
#4616=DIRECTION('',(-1.,0.,6.5339377727444E-15));
#4617=DIRECTION('center_axis',(0.602553802853768,0.,0.798078263497048));
#4618=DIRECTION('ref_axis',(0.798078263497048,0.,-0.602553802853768));
#4619=DIRECTION('',(0.,1.,0.));
#4620=DIRECTION('',(0.623778745235921,0.623778745235932,-0.470956637052484));
#4621=DIRECTION('center_axis',(0.,-1.,0.));
#4622=DIRECTION('ref_axis',(0.46668599829641,0.,0.884423076923077));
#4623=DIRECTION('center_axis',(0.,-1.,0.));
#4624=DIRECTION('ref_axis',(0.46668599829641,0.,0.884423076923077));
#4625=DIRECTION('center_axis',(0.,-0.707106781186541,-0.707106781186554));
#4626=DIRECTION('ref_axis',(-1.,0.,0.));
#4627=DIRECTION('',(-1.,0.,0.));
#4628=DIRECTION('center_axis',(0.,-1.,0.));
#4629=DIRECTION('ref_axis',(-0.466685998296411,0.,-0.884423076923077));
#4630=DIRECTION('center_axis',(0.,-1.,0.));
#4631=DIRECTION('ref_axis',(-0.466685998296411,0.,-0.884423076923077));
#4632=DIRECTION('center_axis',(2.03389922465477E-16,-0.707106781186541,
0.707106781186554));
#4633=DIRECTION('ref_axis',(1.,0.,-2.87636786800688E-16));
#4634=DIRECTION('',(1.,0.,-2.87636786800688E-16));
#4635=DIRECTION('center_axis',(0.,1.,0.));
#4636=DIRECTION('ref_axis',(1.,0.,0.));
#4637=DIRECTION('center_axis',(0.,1.,0.));
#4638=DIRECTION('ref_axis',(0.760600013034423,0.,0.64922077922078));
#4639=DIRECTION('',(1.,0.,0.));
#4640=DIRECTION('center_axis',(0.,1.,0.));
#4641=DIRECTION('ref_axis',(-0.760600013034423,0.,-0.649220779220779));
#4642=DIRECTION('',(-1.,0.,-1.51653753270553E-16));
#4643=DIRECTION('center_axis',(0.,1.,0.));
#4644=DIRECTION('ref_axis',(0.760600013034423,0.,0.649220779220779));
#4645=DIRECTION('center_axis',(0.,-1.,0.));
#4646=DIRECTION('ref_axis',(0.760600013034422,0.,0.649220779220779));
#4647=DIRECTION('center_axis',(1.0723539733E-16,-0.707106781186548,-0.707106781186548));
#4648=DIRECTION('ref_axis',(-1.,0.,-1.51653753270553E-16));
#4649=DIRECTION('center_axis',(0.,1.,0.));
#4650=DIRECTION('ref_axis',(-0.760600013034423,0.,-0.649220779220779));
#4651=DIRECTION('center_axis',(0.,-0.707106781186541,0.707106781186554));
#4652=DIRECTION('ref_axis',(1.,0.,0.));
#4653=DIRECTION('center_axis',(0.,1.,0.));
#4654=DIRECTION('ref_axis',(-0.760600013034423,0.,-0.649220779220779));
#4655=DIRECTION('center_axis',(0.,0.707106781186541,0.707106781186554));
#4656=DIRECTION('ref_axis',(1.,0.,0.));
#4657=DIRECTION('',(-1.,0.,0.));
#4658=DIRECTION('center_axis',(0.,-1.,0.));
#4659=DIRECTION('ref_axis',(-0.760600013034423,0.,-0.649220779220779));
#4660=DIRECTION('center_axis',(0.,-1.,0.));
#4661=DIRECTION('ref_axis',(-0.760600013034423,0.,-0.649220779220779));
#4662=DIRECTION('center_axis',(-0.621599153207903,0.,0.783335491811279));
#4663=DIRECTION('ref_axis',(0.783335491811279,0.,0.621599153207903));
#4664=DIRECTION('center_axis',(0.,1.,0.));
#4665=DIRECTION('ref_axis',(-0.466685998296411,0.,-0.884423076923077));
#4666=DIRECTION('center_axis',(0.,1.,0.));
#4667=DIRECTION('ref_axis',(-0.46668599829641,0.,-0.884423076923077));
#4668=DIRECTION('center_axis',(0.57735026918963,0.57735026918962,-0.577350269189628));
#4669=DIRECTION('ref_axis',(-0.707106781186546,0.,-0.707106781186549));
#4670=DIRECTION('',(-0.707106781186541,0.707106781186554,0.));
#4671=DIRECTION('',(0.707106781186546,0.,0.707106781186549));
#4672=DIRECTION('',(0.,-0.707106781186552,-0.707106781186543));
#4673=DIRECTION('center_axis',(0.707106781186549,0.,-0.707106781186546));
#4674=DIRECTION('ref_axis',(-0.707106781186546,0.,-0.707106781186549));
#4675=DIRECTION('center_axis',(-0.510812316623587,0.545900967293927,-0.664125674171086));
#4676=DIRECTION('ref_axis',(-0.792654896806804,0.,0.609670578729362));
#4677=DIRECTION('',(-0.161507425190894,0.697823527694582,0.697823527694572));
#4678=DIRECTION('',(0.792654896806814,0.,-0.609670578729349));
#4679=DIRECTION('center_axis',(-0.609670578729349,0.,-0.792654896806814));
#4680=DIRECTION('ref_axis',(-0.792654896806814,0.,0.609670578729349));
#4681=DIRECTION('center_axis',(0.707106781186554,0.707106781186541,0.));
#4682=DIRECTION('ref_axis',(0.,0.,-1.));
#4683=DIRECTION('',(0.,0.,1.));
#4684=DIRECTION('center_axis',(-0.577350269189629,0.577350269189619,0.577350269189629));
#4685=DIRECTION('ref_axis',(0.707106781186548,0.,0.707106781186548));
#4686=DIRECTION('',(0.,-0.707106781186551,0.707106781186544));
#4687=DIRECTION('',(0.707106781186541,0.707106781186554,0.));
#4688=DIRECTION('',(-0.707106781186548,0.,-0.707106781186548));
#4689=DIRECTION('center_axis',(-0.707106781186554,0.707106781186541,0.));
#4690=DIRECTION('ref_axis',(0.,0.,1.));
#4691=DIRECTION('',(0.,0.,1.));
#4692=DIRECTION('',(0.,0.,-1.));
#4693=DIRECTION('center_axis',(0.577350269189628,0.577350269189628,0.577350269189622));
#4694=DIRECTION('ref_axis',(0.707106781186544,0.,-0.707106781186551));
#4695=DIRECTION('',(-0.707106781186548,0.,0.707106781186548));
#4696=DIRECTION('',(0.707106781186547,-0.707106781186547,0.));
#4697=DIRECTION('',(-1.25607396694701E-14,0.707106781186551,-0.707106781186544));
#4698=DIRECTION('center_axis',(0.707106781186548,0.707106781186548,0.));
#4699=DIRECTION('ref_axis',(0.,0.,-1.));
#4700=DIRECTION('',(0.,0.,1.));
#4701=DIRECTION('',(0.,0.,-1.));
#4702=DIRECTION('center_axis',(0.,0.707106781186544,0.707106781186551));
#4703=DIRECTION('ref_axis',(1.,0.,0.));
#4704=DIRECTION('',(1.,0.,0.));
#4705=DIRECTION('',(-1.,0.,0.));
#4706=DIRECTION('center_axis',(-0.577350269189626,-0.577350269189626,0.577350269189626));
#4707=DIRECTION('ref_axis',(0.707106781186547,0.,0.707106781186547));
#4708=DIRECTION('',(0.707106781186548,0.,0.707106781186548));
#4709=DIRECTION('',(-0.707106781186547,0.707106781186547,0.));
#4710=DIRECTION('',(1.25607396694701E-14,-0.707106781186554,-0.707106781186541));
#4711=DIRECTION('center_axis',(-0.707106781186548,-0.707106781186548,0.));
#4712=DIRECTION('ref_axis',(0.,0.,1.));
#4713=DIRECTION('',(0.,0.,1.));
#4714=DIRECTION('',(0.,0.,-1.));
#4715=DIRECTION('center_axis',(0.577350269189629,-0.577350269189619,0.577350269189629));
#4716=DIRECTION('ref_axis',(0.707106781186548,0.,-0.707106781186548));
#4717=DIRECTION('',(0.,0.707106781186554,0.707106781186541));
#4718=DIRECTION('',(-0.707106781186541,-0.707106781186554,0.));
#4719=DIRECTION('',(0.707106781186548,0.,-0.707106781186548));
#4720=DIRECTION('center_axis',(0.707106781186554,-0.707106781186541,0.));
#4721=DIRECTION('ref_axis',(0.,0.,-1.));
#4722=DIRECTION('',(0.,0.,-1.));
#4723=DIRECTION('',(0.,0.,-1.));
#4724=DIRECTION('center_axis',(0.707106781186548,0.,0.707106781186548));
#4725=DIRECTION('ref_axis',(0.707106781186548,0.,-0.707106781186548));
#4726=DIRECTION('',(0.,-1.,0.));
#4727=DIRECTION('',(0.,1.,0.));
#4728=DIRECTION('center_axis',(0.,-0.707106781186541,0.707106781186554));
#4729=DIRECTION('ref_axis',(1.,0.,0.));
#4730=DIRECTION('',(-1.,0.,0.));
#4731=DIRECTION('',(1.,0.,0.));
#4732=DIRECTION('center_axis',(-0.707106781186548,0.,0.707106781186548));
#4733=DIRECTION('ref_axis',(0.707106781186548,0.,0.707106781186548));
#4734=DIRECTION('',(0.,1.,0.));
#4735=DIRECTION('',(0.,-1.,0.));
#4736=DIRECTION('center_axis',(0.,-1.,0.));
#4737=DIRECTION('ref_axis',(-0.760600013034423,0.,-0.649220779220779));
#4738=DIRECTION('center_axis',(0.,-1.,0.));
#4739=DIRECTION('ref_axis',(-0.760600013034423,0.,-0.649220779220779));
#4740=DIRECTION('center_axis',(0.,0.707106781186543,-0.707106781186552));
#4741=DIRECTION('ref_axis',(-1.,0.,0.));
#4742=DIRECTION('',(1.,0.,0.));
#4743=DIRECTION('center_axis',(1.,0.,0.));
#4744=DIRECTION('ref_axis',(0.,1.,0.));
#4745=DIRECTION('center_axis',(0.,1.,0.));
#4746=DIRECTION('ref_axis',(-1.,0.,0.));
#4747=DIRECTION('',(0.,0.,1.));
#4748=DIRECTION('',(-1.,0.,0.));
#4749=DIRECTION('',(0.,0.,-1.));
#4750=DIRECTION('center_axis',(0.,0.,1.));
#4751=DIRECTION('ref_axis',(1.,0.,0.));
#4752=DIRECTION('center_axis',(0.,0.,-1.));
#4753=DIRECTION('ref_axis',(1.,0.,0.));
#4754=DIRECTION('center_axis',(1.,0.,0.));
#4755=DIRECTION('ref_axis',(0.,0.,1.));
#4756=DIRECTION('',(0.,0.,-1.));
#4757=DIRECTION('',(0.,-1.,0.));
#4758=DIRECTION('center_axis',(-1.,0.,0.));
#4759=DIRECTION('ref_axis',(0.,0.,-1.));
#4760=DIRECTION('',(0.,-1.,0.));
#4761=DIRECTION('',(0.,0.,1.));
#4762=DIRECTION('center_axis',(0.,0.,1.));
#4763=DIRECTION('ref_axis',(-1.,0.,0.));
#4764=DIRECTION('',(1.,0.,0.));
#4765=DIRECTION('center_axis',(0.,-1.,0.));
#4766=DIRECTION('ref_axis',(1.,0.,0.));
#4767=DIRECTION('center_axis',(0.,0.,-1.));
#4768=DIRECTION('ref_axis',(1.,0.,0.));
#4769=DIRECTION('',(0.,0.,-1.));
#4770=DIRECTION('center_axis',(0.,0.,-1.));
#4771=DIRECTION('ref_axis',(1.,0.,0.));
#4772=DIRECTION('center_axis',(0.,0.,1.));
#4773=DIRECTION('ref_axis',(1.,0.,0.));
#4774=DIRECTION('center_axis',(-1.,0.,0.));
#4775=DIRECTION('ref_axis',(0.,-1.,0.));
#4776=DIRECTION('center_axis',(0.,0.,-1.));
#4777=DIRECTION('ref_axis',(1.,0.,0.));
#4778=DIRECTION('',(0.,0.,-1.));
#4779=DIRECTION('center_axis',(0.,0.,-1.));
#4780=DIRECTION('ref_axis',(1.,0.,0.));
#4781=DIRECTION('center_axis',(0.,0.,1.));
#4782=DIRECTION('ref_axis',(1.,0.,0.));
#4783=DIRECTION('center_axis',(1.,0.,0.));
#4784=DIRECTION('ref_axis',(0.,-1.,0.));
#4785=DIRECTION('',(0.,0.,-1.));
#4786=DIRECTION('center_axis',(0.,-1.,0.));
#4787=DIRECTION('ref_axis',(-1.,0.,0.));
#4788=DIRECTION('center_axis',(0.,0.,1.));
#4789=DIRECTION('ref_axis',(-1.,0.,0.));
#4790=DIRECTION('',(0.,0.,-1.));
#4791=DIRECTION('center_axis',(0.,0.,1.));
#4792=DIRECTION('ref_axis',(-1.,0.,0.));
#4793=DIRECTION('',(0.,0.,1.));
#4794=DIRECTION('',(0.,0.,1.));
#4795=DIRECTION('',(1.,0.,0.));
#4796=DIRECTION('',(0.,0.,1.));
#4797=DIRECTION('',(1.,0.,0.));
#4798=DIRECTION('',(0.,0.,1.));
#4799=DIRECTION('',(1.,0.,0.));
#4800=CARTESIAN_POINT('',(0.,0.,0.));
#4801=CARTESIAN_POINT('',(0.,0.,0.));
#4802=CARTESIAN_POINT('Origin',(18.567,51.8,2.0909605319814E-15));
#4803=CARTESIAN_POINT('',(16.1697573757308,51.8,1.61290000000001));
#4804=CARTESIAN_POINT('Ctrl Pts',(16.1697573757308,51.8,1.61290000000001));
#4805=CARTESIAN_POINT('Ctrl Pts',(16.1697573757308,52.0026629122977,1.61290000000001));
#4806=CARTESIAN_POINT('Ctrl Pts',(16.1739601088504,52.2187426041085,1.5723704285806));
#4807=CARTESIAN_POINT('Ctrl Pts',(16.1891210347229,52.6160880504811,1.40772669978381));
#4808=CARTESIAN_POINT('Ctrl Pts',(16.1998582390537,52.7973652255017,1.2836198292499));
#4809=CARTESIAN_POINT('Ctrl Pts',(16.2199984081202,53.0836193564941,0.997365698257476));
#4810=CARTESIAN_POINT('Ctrl Pts',(16.230712489374,53.2077265958493,0.816088315903706));
#4811=CARTESIAN_POINT('Ctrl Pts',(16.2458204791838,53.3723706001867,0.418742175369523));
#4812=CARTESIAN_POINT('Ctrl Pts',(16.25,53.4129,0.202662242893149));
#4813=CARTESIAN_POINT('Ctrl Pts',(16.25,53.4129,-0.202662242893144));
#4814=CARTESIAN_POINT('Ctrl Pts',(16.2458204791838,53.3723706001867,-0.418742175369515));
#4815=CARTESIAN_POINT('Ctrl Pts',(16.230712489374,53.2077265958494,-0.816088315903699));
#4816=CARTESIAN_POINT('Ctrl Pts',(16.2199984081202,53.0836193564941,-0.997365698257472));
#4817=CARTESIAN_POINT('Ctrl Pts',(16.1998582390537,52.7973652255017,-1.2836198292499));
#4818=CARTESIAN_POINT('Ctrl Pts',(16.1891210347229,52.6160880504811,-1.40772669978381));
#4819=CARTESIAN_POINT('Ctrl Pts',(16.1739601088504,52.2187426041085,-1.5723704285806));
#4820=CARTESIAN_POINT('Ctrl Pts',(16.1697573757308,52.0026629122977,-1.6129));
#4821=CARTESIAN_POINT('Ctrl Pts',(16.1697573757308,51.5973370877023,-1.6129));
#4822=CARTESIAN_POINT('Ctrl Pts',(16.1739601088504,51.3812573958915,-1.5723704285806));
#4823=CARTESIAN_POINT('Ctrl Pts',(16.1891210347229,50.9839119495189,-1.40772669978381));
#4824=CARTESIAN_POINT('Ctrl Pts',(16.1998582390537,50.8026347744983,-1.2836198292499));
#4825=CARTESIAN_POINT('Ctrl Pts',(16.2199984081202,50.5163806435059,-0.997365698257471));
#4826=CARTESIAN_POINT('Ctrl Pts',(16.230712489374,50.3922734041506,-0.816088315903699));
#4827=CARTESIAN_POINT('Ctrl Pts',(16.2458204791838,50.2276293998133,-0.418742175369515));
#4828=CARTESIAN_POINT('Ctrl Pts',(16.25,50.1871,-0.202662242893144));
#4829=CARTESIAN_POINT('Ctrl Pts',(16.25,50.1871,0.202662242893147));
#4830=CARTESIAN_POINT('Ctrl Pts',(16.2458204791838,50.2276293998133,0.418742175369518));
#4831=CARTESIAN_POINT('Ctrl Pts',(16.230712489374,50.3922734041506,0.816088315903702));
#4832=CARTESIAN_POINT('Ctrl Pts',(16.2199984081202,50.5163806435059,0.997365698257474));
#4833=CARTESIAN_POINT('Ctrl Pts',(16.1998582390537,50.8026347744983,1.2836198292499));
#4834=CARTESIAN_POINT('Ctrl Pts',(16.1891210347229,50.9839119495189,1.40772669978381));
#4835=CARTESIAN_POINT('Ctrl Pts',(16.1739601088504,51.3812573958915,1.5723704285806));
#4836=CARTESIAN_POINT('Ctrl Pts',(16.1697573757308,51.5973370877023,1.61290000000001));
#4837=CARTESIAN_POINT('Ctrl Pts',(16.1697573757308,51.8,1.61290000000001));
#4838=CARTESIAN_POINT('',(14.867,51.8,1.61290000000001));
#4839=CARTESIAN_POINT('',(18.567,51.8,1.61290000000001));
#4840=CARTESIAN_POINT('Origin',(14.867,51.8,2.64607204429398E-15));
#4841=CARTESIAN_POINT('Origin',(14.867,51.8,2.69552406747303E-15));
#4842=CARTESIAN_POINT('Origin',(14.75,18.0267293695944,0.));
#4843=CARTESIAN_POINT('',(14.75,18.0267293695944,2.125));
#4844=CARTESIAN_POINT('Origin',(14.75,18.0267293695944,0.));
#4845=CARTESIAN_POINT('Origin',(16.25,19.6577438800527,2.82500000000467));
#4846=CARTESIAN_POINT('',(16.0025583892076,16.3957148591285,2.82500000000031));
#4847=CARTESIAN_POINT('',(16.0025583892068,19.6577438800527,2.82500000000467));
#4848=CARTESIAN_POINT('',(16.0025583892115,0.,2.82499999997843));
#4849=CARTESIAN_POINT('',(17.918,16.3957148591285,2.82500000000031));
#4850=CARTESIAN_POINT('',(16.25,16.3957148591285,2.82500000000031));
#4851=CARTESIAN_POINT('',(17.918,19.6577438800527,2.82500000000467));
#4852=CARTESIAN_POINT('',(17.918,19.6577438800527,2.82500000000467));
#4853=CARTESIAN_POINT('',(16.25,19.6577438800527,2.82500000000467));
#4854=CARTESIAN_POINT('Origin',(16.25,16.3957148591285,2.82500000000031));
#4855=CARTESIAN_POINT('',(16.25,14.7647003486701,-4.35331892062463E-12));
#4856=CARTESIAN_POINT('Origin',(0.,14.7647003486726,0.));
#4857=CARTESIAN_POINT('',(17.918,14.7647003486701,-4.35318447955524E-12));
#4858=CARTESIAN_POINT('',(16.25,14.7647003486701,-4.35331892062463E-12));
#4859=CARTESIAN_POINT('',(17.918,16.3957148591285,2.82500000000031));
#4860=CARTESIAN_POINT('Origin',(16.25,14.7647003486701,-4.35331892062463E-12));
#4861=CARTESIAN_POINT('',(16.0025583892077,16.395714859136,-2.82499999999968));
#4862=CARTESIAN_POINT('Origin',(0.,14.7647003486676,0.));
#4863=CARTESIAN_POINT('',(17.918,16.395714859136,-2.82499999999968));
#4864=CARTESIAN_POINT('',(16.25,16.395714859136,-2.82499999999968));
#4865=CARTESIAN_POINT('',(17.918,14.7647003486701,-4.35331892062463E-12));
#4866=CARTESIAN_POINT('Origin',(16.25,18.0267293695944,0.));
#4867=CARTESIAN_POINT('',(17.918,18.0267293695944,2.125));
#4868=CARTESIAN_POINT('Origin',(17.918,18.0267293695944,0.));
#4869=CARTESIAN_POINT('',(16.25,18.0267293695944,2.125));
#4870=CARTESIAN_POINT('Origin',(16.25,21.2887583905186,4.35493357684286E-12));
#4871=CARTESIAN_POINT('',(16.25,21.2887583905186,4.35493357684286E-12));
#4872=CARTESIAN_POINT('Origin',(0.,21.2887583905212,0.));
#4873=CARTESIAN_POINT('',(17.918,21.2887583905186,4.35484981409218E-12));
#4874=CARTESIAN_POINT('',(17.918,21.2887583905186,4.35493357684286E-12));
#4875=CARTESIAN_POINT('',(16.25,21.2887583905186,4.35493357684286E-12));
#4876=CARTESIAN_POINT('Origin',(16.25,19.6577438800546,-2.82500000000032));
#4877=CARTESIAN_POINT('',(16.0025583892076,19.6577438800546,-2.82500000000032));
#4878=CARTESIAN_POINT('Origin',(0.,21.2887583905161,0.));
#4879=CARTESIAN_POINT('',(17.918,19.6577438800546,-2.82500000000032));
#4880=CARTESIAN_POINT('',(17.918,19.6577438800546,-2.82500000000032));
#4881=CARTESIAN_POINT('',(16.25,19.6577438800546,-2.82500000000032));
#4882=CARTESIAN_POINT('Origin',(16.25,16.395714859136,-2.82499999999968));
#4883=CARTESIAN_POINT('',(16.0025583892083,0.,-2.82499999999648));
#4884=CARTESIAN_POINT('',(17.918,16.395714859136,-2.82499999999968));
#4885=CARTESIAN_POINT('Origin',(17.918,18.0267293695944,2.17326157070374E-12));
#4886=CARTESIAN_POINT('Origin',(0.,0.,0.));
#4887=CARTESIAN_POINT('',(-16.25,102.1,1.99005104861445E-15));
#4888=CARTESIAN_POINT('',(-1.99005104861445E-15,102.1,-16.25));
#4889=CARTESIAN_POINT('Origin',(0.,102.1,0.));
#4890=CARTESIAN_POINT('',(-16.25,53.39385,2.21800557487087E-15));
#4891=CARTESIAN_POINT('',(-16.25,0.,1.99005104861445E-15));
#4892=CARTESIAN_POINT('',(-16.25,50.20615,1.79299832325656E-15));
#4893=CARTESIAN_POINT('Ctrl Pts',(-16.25,53.39385,2.48065457064683E-15));
#4894=CARTESIAN_POINT('Ctrl Pts',(-16.25,53.39385,0.200265270091224));
#4895=CARTESIAN_POINT('Ctrl Pts',(-16.245918723719,53.3538005937585,0.413791639682873));
#4896=CARTESIAN_POINT('Ctrl Pts',(-16.2311658287624,53.191102175269,0.806445620432635));
#4897=CARTESIAN_POINT('Ctrl Pts',(-16.2207036093324,53.0684602702847,0.98558401610367));
#4898=CARTESIAN_POINT('Ctrl Pts',(-16.2010372808034,52.7855835707061,1.26846071568229));
#4899=CARTESIAN_POINT('Ctrl Pts',(-16.1905530143026,52.60644537046,1.39110227329654));
#4900=CARTESIAN_POINT('Ctrl Pts',(-16.1757496484461,52.2137920435937,1.55380043194581));
#4901=CARTESIAN_POINT('Ctrl Pts',(-16.1716462420342,52.0002659007392,1.59385));
#4902=CARTESIAN_POINT('Ctrl Pts',(-16.1716462420342,51.5997340992608,1.59385));
#4903=CARTESIAN_POINT('Ctrl Pts',(-16.1757496484461,51.3862079564063,1.55380043194581));
#4904=CARTESIAN_POINT('Ctrl Pts',(-16.1905530143026,50.99355462954,1.39110227329654));
#4905=CARTESIAN_POINT('Ctrl Pts',(-16.2010372808034,50.8144164292939,1.26846071568229));
#4906=CARTESIAN_POINT('Ctrl Pts',(-16.2207036093324,50.5315397297153,0.98558401610367));
#4907=CARTESIAN_POINT('Ctrl Pts',(-16.2311658287624,50.408897824731,0.806445620432635));
#4908=CARTESIAN_POINT('Ctrl Pts',(-16.245918723719,50.2461994062415,0.413791639682873));
#4909=CARTESIAN_POINT('Ctrl Pts',(-16.25,50.20615,0.200265270091224));
#4910=CARTESIAN_POINT('Ctrl Pts',(-16.25,50.20615,2.35922392732846E-15));
#4911=CARTESIAN_POINT('',(-16.25,0.,1.99005104861445E-15));
#4912=CARTESIAN_POINT('',(-16.25,0.,1.99005104861445E-15));
#4913=CARTESIAN_POINT('Origin',(0.,0.,0.));
#4914=CARTESIAN_POINT('',(-16.1716462420342,51.8,-1.59385));
#4915=CARTESIAN_POINT('Ctrl Pts',(-16.25,50.20615,1.59594559789866E-15));
#4916=CARTESIAN_POINT('Ctrl Pts',(-16.25,50.20615,-0.20026527009122));
#4917=CARTESIAN_POINT('Ctrl Pts',(-16.245918723719,50.2461994062415,-0.413791639682868));
#4918=CARTESIAN_POINT('Ctrl Pts',(-16.2311658287624,50.408897824731,-0.80644562043263));
#4919=CARTESIAN_POINT('Ctrl Pts',(-16.2207036093324,50.5315397297153,-0.985584016103665));
#4920=CARTESIAN_POINT('Ctrl Pts',(-16.2010372808034,50.8144164292939,-1.26846071568229));
#4921=CARTESIAN_POINT('Ctrl Pts',(-16.1905530143026,50.99355462954,-1.39110227329654));
#4922=CARTESIAN_POINT('Ctrl Pts',(-16.1757496484461,51.3862079564063,-1.55380043194581));
#4923=CARTESIAN_POINT('Ctrl Pts',(-16.1716462420342,51.5997340992608,-1.59385));
#4924=CARTESIAN_POINT('Ctrl Pts',(-16.1716462420342,51.8,-1.59385));
#4925=CARTESIAN_POINT('Ctrl Pts',(-16.1716462420342,51.8,-1.59385));
#4926=CARTESIAN_POINT('Ctrl Pts',(-16.1716462420342,52.0002659007392,-1.59385));
#4927=CARTESIAN_POINT('Ctrl Pts',(-16.1757496484461,52.2137920435937,-1.55380043194581));
#4928=CARTESIAN_POINT('Ctrl Pts',(-16.1905530143026,52.60644537046,-1.39110227329654));
#4929=CARTESIAN_POINT('Ctrl Pts',(-16.2010372808034,52.7855835707061,-1.26846071568229));
#4930=CARTESIAN_POINT('Ctrl Pts',(-16.2207036093324,53.0684602702847,-0.985584016103666));
#4931=CARTESIAN_POINT('Ctrl Pts',(-16.2311658287624,53.191102175269,-0.806445620432631));
#4932=CARTESIAN_POINT('Ctrl Pts',(-16.245918723719,53.3538005937585,-0.413791639682876));
#4933=CARTESIAN_POINT('Ctrl Pts',(-16.25,53.39385,-0.200265270091219));
#4934=CARTESIAN_POINT('Ctrl Pts',(-16.25,53.39385,2.22044604925031E-15));
#4935=CARTESIAN_POINT('Origin',(0.,102.1,0.));
#4936=CARTESIAN_POINT('Origin',(-16.717,51.8,2.0909605319814E-15));
#4937=CARTESIAN_POINT('',(-14.867,53.39385,2.2861508620635E-15));
#4938=CARTESIAN_POINT('',(-16.717,53.39385,2.2861508620635E-15));
#4939=CARTESIAN_POINT('Origin',(-14.867,51.8,2.0909605319814E-15));
#4940=CARTESIAN_POINT('Origin',(-14.867,51.8,2.0909605319814E-15));
#4941=CARTESIAN_POINT('Origin',(0.,102.1,0.));
#4942=CARTESIAN_POINT('',(-1.80635402874235E-15,103.6,-14.75));
#4943=CARTESIAN_POINT('Origin',(0.,103.6,0.));
#4944=CARTESIAN_POINT('Origin',(-1.80635402874235E-15,102.1,-14.75));
#4945=CARTESIAN_POINT('Origin',(0.,103.6,0.));
#4946=CARTESIAN_POINT('Origin',(0.,101.6,0.));
#4947=CARTESIAN_POINT('',(-14.5,101.6,1.77573785876366E-15));
#4948=CARTESIAN_POINT('Origin',(0.,101.6,0.));
#4949=CARTESIAN_POINT('Origin',(0.,0.,0.));
#4950=CARTESIAN_POINT('',(-14.5,0.,1.77573785876366E-15));
#4951=CARTESIAN_POINT('',(-14.5,0.,1.77573785876366E-15));
#4952=CARTESIAN_POINT('Origin',(0.,0.,0.));
#4953=CARTESIAN_POINT('Origin',(0.,0.,0.));
#4954=CARTESIAN_POINT('Origin',(-16.717,51.8,2.0909605319814E-15));
#4955=CARTESIAN_POINT('',(-18.567,53.39385,2.2861508620635E-15));
#4956=CARTESIAN_POINT('Origin',(-18.567,51.8,2.0909605319814E-15));
#4957=CARTESIAN_POINT('',(-15.25,53.39385,1.8957702018993E-15));
#4958=CARTESIAN_POINT('',(-16.717,53.39385,2.2861508620635E-15));
#4959=CARTESIAN_POINT('Origin',(-15.25,51.8,2.0909605319814E-15));
#4960=CARTESIAN_POINT('Origin',(-15.25,51.8,-7.64630523671359E-16));
#4961=CARTESIAN_POINT('',(-15.25,51.8,-3.));
#4962=CARTESIAN_POINT('Origin',(-15.25,51.8,-7.64630523671359E-16));
#4963=CARTESIAN_POINT('Origin',(-16.25,51.8,-7.64630523671359E-16));
#4964=CARTESIAN_POINT('',(-18.567,51.8,-3.));
#4965=CARTESIAN_POINT('Origin',(-18.567,51.8,-1.31974203598394E-15));
#4966=CARTESIAN_POINT('',(-16.25,51.8,-3.));
#4967=CARTESIAN_POINT('Origin',(-18.567,51.8,-1.31974203598394E-15));
#4968=CARTESIAN_POINT('Origin',(18.567,51.8,2.0909605319814E-15));
#4969=CARTESIAN_POINT('',(16.25,51.8,1.61290000000001));
#4970=CARTESIAN_POINT('Origin',(16.25,51.8,2.43858036279984E-15));
#4971=CARTESIAN_POINT('',(15.25,51.8,1.61290000000001));
#4972=CARTESIAN_POINT('',(18.567,51.8,1.61290000000001));
#4973=CARTESIAN_POINT('Origin',(15.25,51.8,2.5886105012627E-15));
#4974=CARTESIAN_POINT('Origin',(16.25,51.8,-7.64630523671359E-16));
#4975=CARTESIAN_POINT('',(15.25,51.8,-3.));
#4976=CARTESIAN_POINT('Origin',(15.25,51.8,-7.64630523671359E-16));
#4977=CARTESIAN_POINT('',(16.25,51.8,-3.));
#4978=CARTESIAN_POINT('',(16.25,51.8,-3.));
#4979=CARTESIAN_POINT('Origin',(16.25,51.8,-7.64630523671359E-16));
#4980=CARTESIAN_POINT('Origin',(15.25,51.8,-7.64630523671359E-16));
#4981=CARTESIAN_POINT('Origin',(16.25,51.8,-7.64630523671359E-16));
#4982=CARTESIAN_POINT('Origin',(16.717,51.8,2.0909605319814E-15));
#4983=CARTESIAN_POINT('',(18.567,53.39385,2.2861508620635E-15));
#4984=CARTESIAN_POINT('Origin',(18.567,51.8,2.0909605319814E-15));
#4985=CARTESIAN_POINT('',(15.25,53.39385,1.8957702018993E-15));
#4986=CARTESIAN_POINT('',(16.717,53.39385,2.2861508620635E-15));
#4987=CARTESIAN_POINT('Origin',(15.25,51.8,2.0909605319814E-15));
#4988=CARTESIAN_POINT('Origin',(15.25,51.8,-7.64630523671359E-16));
#4989=CARTESIAN_POINT('',(15.25,51.8,-3.));
#4990=CARTESIAN_POINT('Origin',(15.25,51.8,-7.64630523671359E-16));
#4991=CARTESIAN_POINT('Origin',(16.25,51.8,-7.64630523671359E-16));
#4992=CARTESIAN_POINT('',(18.567,51.8,-3.));
#4993=CARTESIAN_POINT('Origin',(18.567,51.8,-1.31974203598394E-15));
#4994=CARTESIAN_POINT('',(16.25,51.8,-3.));
#4995=CARTESIAN_POINT('Origin',(18.567,51.8,-1.31974203598394E-15));
#4996=CARTESIAN_POINT('',(0.,0.,0.));
#4997=CARTESIAN_POINT('',(0.,0.,0.));
#4998=CARTESIAN_POINT('Origin',(0.,57.7480236138302,24.7450000000799));
#4999=CARTESIAN_POINT('',(-4.,58.9727684852398,24.9949999999914));
#5000=CARTESIAN_POINT('',(-4.,58.9878553436101,24.5858859471776));
#5001=CARTESIAN_POINT('Origin',(-4.,57.7480236138302,24.7450000000799));
#5002=CARTESIAN_POINT('',(4.,58.9878553436101,24.5858859471776));
#5003=CARTESIAN_POINT('',(0.,58.9878553436101,24.5858859471776));
#5004=CARTESIAN_POINT('',(4.,57.7480236138302,25.9950000000799));
#5005=CARTESIAN_POINT('Origin',(4.,57.7480236138302,24.7450000000799));
#5006=CARTESIAN_POINT('',(-6.20644861960622,57.7480236138302,25.9950000000799));
#5007=CARTESIAN_POINT('',(0.,57.7480236138302,25.9950000000799));
#5008=CARTESIAN_POINT('',(-4.2903658073624,58.8881617789799,25.2574304484034));
#5009=CARTESIAN_POINT('Origin',(-2.95915687625708,57.7480236138302,24.7450000000799));
#5010=CARTESIAN_POINT('Origin',(-3.72338784522082,57.7480236138302,24.7450000000799));
#5011=CARTESIAN_POINT('Origin',(-6.66612154900189,34.585850084741,25.9950000000799));
#5012=CARTESIAN_POINT('',(-6.20644861960621,61.7950000000072,25.9950000000799));
#5013=CARTESIAN_POINT('',(-6.20644861960621,41.3881375635468,25.9950000000799));
#5014=CARTESIAN_POINT('',(4.00000000000111,57.1775796207761,25.9950000000799));
#5015=CARTESIAN_POINT('',(4.,59.0140000000072,25.9950000000799));
#5016=CARTESIAN_POINT('',(3.62940952252161,56.6946167075918,25.9950000000799));
#5017=CARTESIAN_POINT('Origin',(3.49999999996001,57.1775796207761,25.9950000000799));
#5018=CARTESIAN_POINT('',(-4.22194488096463,54.5908526356895,25.9950000000799));
#5019=CARTESIAN_POINT('',(3.62940952252161,56.6946167075918,25.9950000000799));
#5020=CARTESIAN_POINT('',(-4.221944880062,38.8766982459176,25.9950000000799));
#5021=CARTESIAN_POINT('',(-4.22194487995312,36.9812751266765,25.9950000000799));
#5022=CARTESIAN_POINT('',(1.16775882456638,38.876718970179,25.9950000000799));
#5023=CARTESIAN_POINT('',(-2.49918961169573,38.8767048701835,25.9950000000799));
#5024=CARTESIAN_POINT('',(1.16777373116067,35.0000005215929,25.9950000000799));
#5025=CARTESIAN_POINT('',(1.16777452734335,34.7929394031632,25.9950000000799));
#5026=CARTESIAN_POINT('',(-14.4322430981349,35.0000005215433,25.9950000000799));
#5027=CARTESIAN_POINT('',(1.66777373116436,35.0000005215944,25.9950000000799));
#5028=CARTESIAN_POINT('',(-14.4322430981349,11.2767293695944,25.9950000000799));
#5029=CARTESIAN_POINT('',(-14.4322430981349,23.1812897271677,25.9950000000799));
#5030=CARTESIAN_POINT('',(1.66775690186518,11.2767293695944,25.9950000000799));
#5031=CARTESIAN_POINT('',(-2.49918232356838,11.2767293695944,25.9950000000799));
#5032=CARTESIAN_POINT('',(1.66775690186544,7.8767001694749,25.9950000000799));
#5033=CARTESIAN_POINT('',(1.66775690186514,11.7767293695944,25.9950000000799));
#5034=CARTESIAN_POINT('',(-16.8322430978635,7.87670016947489,25.9950000000799));
#5035=CARTESIAN_POINT('',(-11.9991823235034,7.8767001694749,25.9950000000799));
#5036=CARTESIAN_POINT('',(-16.832243089099,38.876700173371,25.9950000000799));
#5037=CARTESIAN_POINT('',(-16.8322430896349,36.9812751304656,25.9950000000799));
#5038=CARTESIAN_POINT('',(-9.03224308873657,38.8767001720269,25.9950000000799));
#5039=CARTESIAN_POINT('',(-8.09918231865313,38.8767001718661,25.9950000000799));
#5040=CARTESIAN_POINT('',(-9.03224309763948,59.0142518924343,25.9950000000799));
#5041=CARTESIAN_POINT('',(-9.03224309223952,46.8000509880646,25.9950000000799));
#5042=CARTESIAN_POINT('',(-9.03224309763948,61.7950000000072,25.9950000000799));
#5043=CARTESIAN_POINT('',(-9.03224309763948,48.1904250423741,25.9950000000799));
#5044=CARTESIAN_POINT('',(4.,61.7950000000072,25.9950000000799));
#5045=CARTESIAN_POINT('Origin',(-4.,87.0449999999642,25.7449999999914));
#5046=CARTESIAN_POINT('',(-3.75,87.2949999999642,25.7449999999914));
#5047=CARTESIAN_POINT('',(-3.75,87.0449999999642,25.9949999999914));
#5048=CARTESIAN_POINT('',(-3.75,87.2949999999642,25.7449999999914));
#5049=CARTESIAN_POINT('',(-4.,87.0449999999642,25.7449999999914));
#5050=CARTESIAN_POINT('',(-4.,87.0449999999642,25.7449999999914));
#5051=CARTESIAN_POINT('',(-3.75,87.0449999999642,25.9949999999914));
#5052=CARTESIAN_POINT('Origin',(-4.,87.0449999999642,23.245));
#5053=CARTESIAN_POINT('',(-3.75,87.0449999999642,22.995));
#5054=CARTESIAN_POINT('',(-3.75,87.2949999999642,23.245));
#5055=CARTESIAN_POINT('',(-3.75,87.0449999999642,22.995));
#5056=CARTESIAN_POINT('',(-4.,87.0449999999642,23.245));
#5057=CARTESIAN_POINT('',(-4.,87.0449999999642,23.245));
#5058=CARTESIAN_POINT('',(-3.75,87.2949999999642,23.245));
#5059=CARTESIAN_POINT('Origin',(-3.875,60.2962499999821,23.12));
#5060=CARTESIAN_POINT('',(-3.75,61.4515506721607,22.995));
#5061=CARTESIAN_POINT('',(-4.,61.5338926568257,23.245));
#5062=CARTESIAN_POINT('Origin',(-5.75000000000003,55.8,24.995));
#5063=CARTESIAN_POINT('',(-4.,60.2962499999821,23.245));
#5064=CARTESIAN_POINT('',(-3.75,60.2962499999821,22.995));
#5065=CARTESIAN_POINT('Origin',(-3.875,87.1699999999642,22.9962499999967));
#5066=CARTESIAN_POINT('',(-3.75,87.2949999999642,22.9962499999967));
#5067=CARTESIAN_POINT('',(-4.,87.0449999999642,22.9962499999967));
#5068=CARTESIAN_POINT('Origin',(3.75,87.2949999999642,25.7449999999914));
#5069=CARTESIAN_POINT('',(4.,87.0449999999642,25.7449999999914));
#5070=CARTESIAN_POINT('',(3.75,87.0449999999642,25.9949999999914));
#5071=CARTESIAN_POINT('',(4.,87.0449999999642,25.7449999999914));
#5072=CARTESIAN_POINT('',(3.75,87.2949999999642,25.7449999999914));
#5073=CARTESIAN_POINT('',(3.75,87.2949999999642,25.7449999999914));
#5074=CARTESIAN_POINT('',(3.75,87.0449999999642,25.9949999999914));
#5075=CARTESIAN_POINT('Origin',(3.75,87.0449999999642,22.995));
#5076=CARTESIAN_POINT('',(4.,87.0449999999642,23.245));
#5077=CARTESIAN_POINT('',(3.75,87.2949999999642,23.245));
#5078=CARTESIAN_POINT('',(4.,87.0449999999642,23.245));
#5079=CARTESIAN_POINT('',(3.75,87.0449999999642,22.995));
#5080=CARTESIAN_POINT('',(3.75,87.0449999999642,22.995));
#5081=CARTESIAN_POINT('',(3.75,87.2949999999642,23.245));
#5082=CARTESIAN_POINT('Origin',(3.875,60.2962499999821,23.12));
#5083=CARTESIAN_POINT('',(4.,61.5338926568257,23.245));
#5084=CARTESIAN_POINT('',(3.75,61.4515506721607,22.995));
#5085=CARTESIAN_POINT('Origin',(5.75000000000003,55.8,24.995));
#5086=CARTESIAN_POINT('',(3.75,60.2962499999821,22.995));
#5087=CARTESIAN_POINT('',(4.,60.2962499999821,23.245));
#5088=CARTESIAN_POINT('Origin',(2.,87.1699999999642,23.12));
#5089=CARTESIAN_POINT('',(2.,87.2949999999642,23.245));
#5090=CARTESIAN_POINT('',(2.,87.0449999999642,22.995));
#5091=CARTESIAN_POINT('Origin',(3.875,87.1699999999642,22.9962499999967));
#5092=CARTESIAN_POINT('',(4.,87.0449999999642,22.9962499999967));
#5093=CARTESIAN_POINT('',(3.75,87.2949999999642,22.9962499999967));
#5094=CARTESIAN_POINT('Origin',(-2.,87.1699999999642,25.8699999999914));
#5095=CARTESIAN_POINT('',(-2.,87.0449999999642,25.9949999999914));
#5096=CARTESIAN_POINT('',(-2.,87.2949999999642,25.7449999999914));
#5097=CARTESIAN_POINT('Origin',(3.875,60.2962499999821,25.8699999999914));
#5098=CARTESIAN_POINT('',(3.75,61.5450000000014,25.9949999999914));
#5099=CARTESIAN_POINT('',(4.,61.2950000000011,25.7449999999914));
#5100=CARTESIAN_POINT('',(4.41625000000326,60.8787499999972,25.3287499999882));
#5101=CARTESIAN_POINT('',(4.,60.2962499999821,25.7449999999914));
#5102=CARTESIAN_POINT('',(3.75,60.2962499999821,25.9949999999914));
#5103=CARTESIAN_POINT('Origin',(-3.875,60.2962499999821,25.8699999999914));
#5104=CARTESIAN_POINT('',(-4.,61.7950000000011,25.7449999999914));
#5105=CARTESIAN_POINT('',(-3.75,61.7950000000014,25.9949999999914));
#5106=CARTESIAN_POINT('',(-2.12500000000053,61.7950000000038,27.6199999999909));
#5107=CARTESIAN_POINT('',(-3.75,60.2962499999821,25.9949999999914));
#5108=CARTESIAN_POINT('',(-4.,60.2962499999821,25.7449999999914));
#5109=CARTESIAN_POINT('Origin',(4.,58.7975,21.9974999999977));
#5110=CARTESIAN_POINT('',(4.,55.8,19.));
#5111=CARTESIAN_POINT('Origin',(4.,55.8,24.995));
#5112=CARTESIAN_POINT('',(4.,61.2950000000179,37.4950000000799));
#5113=CARTESIAN_POINT('',(4.,61.2949999999979,23.4962499999931));
#5114=CARTESIAN_POINT('',(4.00000000000111,57.1775796207761,37.4950000000799));
#5115=CARTESIAN_POINT('',(4.,46.6916750423705,37.4950000000799));
#5116=CARTESIAN_POINT('',(4.00000000000111,57.1775796207761,29.9950000000799));
#5117=CARTESIAN_POINT('',(4.,55.8,21.781));
#5118=CARTESIAN_POINT('Origin',(4.,55.8,24.995));
#5119=CARTESIAN_POINT('',(4.,47.8,21.781));
#5120=CARTESIAN_POINT('',(4.,55.8,21.781));
#5121=CARTESIAN_POINT('',(4.,47.8,20.6155281280883));
#5122=CARTESIAN_POINT('',(4.,47.8,20.9068960960662));
#5123=CARTESIAN_POINT('',(4.,55.8,20.6155281280883));
#5124=CARTESIAN_POINT('',(4.,51.8,20.6155281280883));
#5125=CARTESIAN_POINT('',(4.,55.8,10.9987499999989));
#5126=CARTESIAN_POINT('Origin',(-4.,61.7949999999642,25.9949999999914));
#5127=CARTESIAN_POINT('',(3.5,61.7950000000014,25.9949999999914));
#5128=CARTESIAN_POINT('',(0.,61.7950000000014,25.9949999999914));
#5129=CARTESIAN_POINT('',(1.75000000001019,63.5449999999912,25.9949999999914));
#5130=CARTESIAN_POINT('',(-0.9,81.9267293695945,25.9949999999914));
#5131=CARTESIAN_POINT('Origin',(0.,81.9267293695945,25.9949999999914));
#5132=CARTESIAN_POINT('Origin',(0.,87.2949999999642,23.9949999999957));
#5133=CARTESIAN_POINT('Origin',(1.41775690186516,11.5267293695944,29.9950000000799));
#5134=CARTESIAN_POINT('',(1.16775690186514,11.7767293695944,26.4950000000799));
#5135=CARTESIAN_POINT('',(1.16775690186514,11.7767293695944,37.4950000000799));
#5136=CARTESIAN_POINT('',(1.16775690186514,11.7767293695944,29.9950000000799));
#5137=CARTESIAN_POINT('',(1.66775690186518,11.2767293695944,37.9950000000799));
#5138=CARTESIAN_POINT('',(1.16775690186514,11.7767293695944,37.4950000000799));
#5139=CARTESIAN_POINT('',(1.66775690186518,11.2767293695944,29.9950000000799));
#5140=CARTESIAN_POINT('',(1.66775690186518,11.2767293695944,25.9950000000799));
#5141=CARTESIAN_POINT('Origin',(1.66777180858545,35.5000005215907,37.4950000000799));
#5142=CARTESIAN_POINT('',(1.16777373116437,35.0000005215929,37.4950000000799));
#5143=CARTESIAN_POINT('',(1.16777180858175,35.5000005215929,37.9950000000799));
#5144=CARTESIAN_POINT('',(1.16777373116437,35.0000005215929,37.4950000000799));
#5145=CARTESIAN_POINT('',(1.66777180858545,35.5000005215907,37.4950000000799));
#5146=CARTESIAN_POINT('',(1.66777180858545,35.5000005215907,37.4950000000799));
#5147=CARTESIAN_POINT('',(1.16777180858175,35.5000005215929,37.9950000000799));
#5148=CARTESIAN_POINT('Origin',(1.41777276987491,35.2500005215918,29.9950000000799));
#5149=CARTESIAN_POINT('',(1.66777180858545,35.5000005215907,26.4950000000799));
#5150=CARTESIAN_POINT('',(1.66777180858545,35.5000005215907,29.9950000000799));
#5151=CARTESIAN_POINT('',(1.16777373116437,35.0000005215929,29.9950000000799));
#5152=CARTESIAN_POINT('',(1.16777373116437,35.0000005215929,25.9950000000799));
#5153=CARTESIAN_POINT('Origin',(1.66775882456269,38.8767208927579,26.4950000000799));
#5154=CARTESIAN_POINT('',(1.16775690198747,39.3767189701753,26.4950000000799));
#5155=CARTESIAN_POINT('',(1.16775690198747,39.3767189701753,26.4950000000799));
#5156=CARTESIAN_POINT('',(1.66775882456269,38.8767208927579,26.4950000000799));
#5157=CARTESIAN_POINT('',(1.66775882456269,38.8767208927579,26.4950000000799));
#5158=CARTESIAN_POINT('',(1.16775882456638,38.876718970179,25.9950000000799));
#5159=CARTESIAN_POINT('Origin',(1.16775690198747,39.3767189701753,37.4950000000799));
#5160=CARTESIAN_POINT('',(1.66775882456269,38.8767208927579,37.4950000000799));
#5161=CARTESIAN_POINT('',(1.16775882456638,38.876718970179,37.9950000000799));
#5162=CARTESIAN_POINT('',(1.66775882456269,38.8767208927579,37.4950000000799));
#5163=CARTESIAN_POINT('',(1.16775690198747,39.3767189701753,37.4950000000799));
#5164=CARTESIAN_POINT('',(1.16775690198747,39.3767189701753,37.4950000000799));
#5165=CARTESIAN_POINT('',(1.16775882456638,38.876718970179,37.9950000000799));
#5166=CARTESIAN_POINT('Origin',(1.41775786327508,39.1267199314666,29.9950000000799));
#5167=CARTESIAN_POINT('',(1.66775882456269,38.8767208927579,29.9950000000799));
#5168=CARTESIAN_POINT('',(1.16775690198747,39.3767189701753,29.9950000000799));
#5169=CARTESIAN_POINT('Origin',(-7.67749889930148,53.9237587721775,37.7450000000799));
#5170=CARTESIAN_POINT('',(-3.72194488040724,54.7248272320542,37.4950000000799));
#5171=CARTESIAN_POINT('',(3.62940952252161,56.6946167075918,37.4950000000799));
#5172=CARTESIAN_POINT('',(-7.61279413802592,53.6822773156052,37.4950000000799));
#5173=CARTESIAN_POINT('',(3.49999999997049,57.1775796207364,37.9950000000799));
#5174=CARTESIAN_POINT('',(3.62940952252161,56.6946167075918,37.4950000000799));
#5175=CARTESIAN_POINT('',(-4.22194488099436,55.1084907258865,37.9950000000799));
#5176=CARTESIAN_POINT('',(-7.74220366057705,54.1652402287498,37.9950000000799));
#5177=CARTESIAN_POINT('',(-4.22194488099436,55.1084907258865,37.9950000000799));
#5178=CARTESIAN_POINT('Origin',(-3.97194487995312,36.9812751266908,37.7450000000799));
#5179=CARTESIAN_POINT('',(-3.72194488009072,39.3767001685002,37.4950000000799));
#5180=CARTESIAN_POINT('',(-3.72194487995312,36.9812751267052,37.4950000000799));
#5181=CARTESIAN_POINT('',(-4.221944880062,38.8766982459176,37.9950000000799));
#5182=CARTESIAN_POINT('',(-4.22194487995312,36.9812751266765,37.9950000000799));
#5183=CARTESIAN_POINT('',(-4.221944880062,38.8766982459176,37.9950000000799));
#5184=CARTESIAN_POINT('Origin',(-2.49919057298519,39.1267048701817,37.7450000000799));
#5185=CARTESIAN_POINT('',(-2.49918961169573,38.8767048701835,37.9950000000799));
#5186=CARTESIAN_POINT('',(-2.49919153427464,39.3767048701798,37.4950000000799));
#5187=CARTESIAN_POINT('Origin',(1.4177745273415,34.7929403644527,37.7450000000799));
#5188=CARTESIAN_POINT('',(1.16777452734335,34.7929394031632,37.9950000000799));
#5189=CARTESIAN_POINT('',(1.66777452733965,34.7929413257421,37.4950000000799));
#5190=CARTESIAN_POINT('Origin',(1.4177745273415,34.7929403644527,26.2450000000799));
#5191=CARTESIAN_POINT('',(1.66777452733965,34.7929413257421,26.4950000000799));
#5192=CARTESIAN_POINT('Origin',(-2.49919057298519,39.1267048701817,26.2450000000799));
#5193=CARTESIAN_POINT('',(-3.72194488009072,39.3767001685002,26.4950000000799));
#5194=CARTESIAN_POINT('',(-2.49919153427464,39.3767048701798,26.4950000000799));
#5195=CARTESIAN_POINT('',(-4.221944880062,38.8766982459176,25.9950000000799));
#5196=CARTESIAN_POINT('Origin',(-10.2991823235698,35.2500005215565,37.7450000000799));
#5197=CARTESIAN_POINT('',(-13.9322430981349,35.0000005215449,37.4950000000799));
#5198=CARTESIAN_POINT('',(-10.299182323569,35.0000005215565,37.4950000000799));
#5199=CARTESIAN_POINT('',(-14.4322430981349,35.5000005215434,37.9950000000799));
#5200=CARTESIAN_POINT('',(-10.2991823235706,35.5000005215565,37.9950000000799));
#5201=CARTESIAN_POINT('',(-14.4322430981349,35.5000005215434,37.9950000000799));
#5202=CARTESIAN_POINT('Origin',(-3.97194487995312,36.9812751266908,26.2450000000799));
#5203=CARTESIAN_POINT('',(-3.72194488040724,54.7248272320542,26.4950000000799));
#5204=CARTESIAN_POINT('',(-4.14533835309803,54.6113792929663,26.0716065279477));
#5205=CARTESIAN_POINT('',(-3.72194487995312,36.9812751267052,26.4950000000799));
#5206=CARTESIAN_POINT('Origin',(-14.1822430981349,23.1812897271677,37.7450000000799));
#5207=CARTESIAN_POINT('',(-13.9322430981349,11.7767293695944,37.4950000000799));
#5208=CARTESIAN_POINT('',(-13.9322430981349,23.1812897271677,37.4950000000799));
#5209=CARTESIAN_POINT('',(-14.4322430981349,11.2767293695944,37.9950000000799));
#5210=CARTESIAN_POINT('',(-14.4322430981349,23.1812897271677,37.9950000000799));
#5211=CARTESIAN_POINT('',(-14.4322430981349,11.2767293695944,37.9950000000799));
#5212=CARTESIAN_POINT('Origin',(-2.49918232356838,11.5267293695944,37.7450000000799));
#5213=CARTESIAN_POINT('',(-2.49918232356838,11.7767293695944,37.4950000000799));
#5214=CARTESIAN_POINT('',(-2.49918232356838,11.2767293695944,37.9950000000799));
#5215=CARTESIAN_POINT('Origin',(-2.49918232356838,11.5267293695944,26.2450000000799));
#5216=CARTESIAN_POINT('',(-13.9322430981349,11.7767293695944,26.4950000000799));
#5217=CARTESIAN_POINT('',(-2.49918232356838,11.7767293695944,26.4950000000799));
#5218=CARTESIAN_POINT('',(-14.4322430981349,11.2767293695944,25.9950000000799));
#5219=CARTESIAN_POINT('Origin',(-14.1822430981349,23.1812897271677,26.2450000000799));
#5220=CARTESIAN_POINT('',(-13.9322430981349,35.0000005215449,26.4950000000799));
#5221=CARTESIAN_POINT('',(-13.1822430981442,35.0000005215473,27.2450000000705));
#5222=CARTESIAN_POINT('',(-13.9322430981349,23.1812897271677,26.4950000000799));
#5223=CARTESIAN_POINT('Origin',(3.5,61.7950000000179,37.4950000000799));
#5224=CARTESIAN_POINT('',(3.5,61.2950000000072,37.9950000000799));
#5225=CARTESIAN_POINT('',(4.,61.2950000000179,37.4950000000799));
#5226=CARTESIAN_POINT('',(3.5,61.7950000000179,37.4950000000799));
#5227=CARTESIAN_POINT('',(3.5,61.7950000000179,37.4950000000799));
#5228=CARTESIAN_POINT('',(3.5,61.2950000000072,37.9950000000799));
#5229=CARTESIAN_POINT('Origin',(3.75,61.5449999999979,23.4962499999928));
#5230=CARTESIAN_POINT('',(3.5,61.7949999999978,23.4962499999924));
#5231=CARTESIAN_POINT('Origin',(-9.53224309763948,61.2950000000151,37.4950000000799));
#5232=CARTESIAN_POINT('',(-9.03224309763948,61.7950000000179,37.4950000000799));
#5233=CARTESIAN_POINT('',(-9.03224309763948,61.2950000000072,37.9950000000799));
#5234=CARTESIAN_POINT('',(-9.03224309763948,61.7950000000179,37.4950000000799));
#5235=CARTESIAN_POINT('',(-9.53224309763948,61.2950000000151,37.4950000000799));
#5236=CARTESIAN_POINT('',(-9.53224309763948,61.2950000000151,37.4950000000799));
#5237=CARTESIAN_POINT('',(-9.03224309763948,61.2950000000072,37.9950000000799));
#5238=CARTESIAN_POINT('Origin',(-9.28224309763948,61.5450000000022,27.495000000036));
#5239=CARTESIAN_POINT('',(-9.53224309763948,61.2949999999993,26.4950000000799));
#5240=CARTESIAN_POINT('',(-9.53224309763948,61.2950000000007,27.4950000000364));
#5241=CARTESIAN_POINT('',(-9.03224309763948,61.7950000000036,27.4950000000357));
#5242=CARTESIAN_POINT('',(-9.03224309763948,61.7950000000072,25.9950000000799));
#5243=CARTESIAN_POINT('Origin',(-9.28224309223952,46.8000509879541,26.2450000000799));
#5244=CARTESIAN_POINT('',(-9.53224309763948,59.0142518922133,26.4950000000799));
#5245=CARTESIAN_POINT('',(-9.53224309763948,59.0142518922133,26.4950000000799));
#5246=CARTESIAN_POINT('',(-9.53224308895762,39.3767001721131,26.4950000000799));
#5247=CARTESIAN_POINT('',(-9.03224308873657,38.8767001720269,25.9950000000799));
#5248=CARTESIAN_POINT('',(-9.53224309223952,46.8000509878436,26.4950000000799));
#5249=CARTESIAN_POINT('Origin',(-9.28224309763948,48.1904250423741,37.7450000000799));
#5250=CARTESIAN_POINT('',(-9.53224309763948,59.0142518922133,37.4950000000799));
#5251=CARTESIAN_POINT('',(-9.03224309763948,59.0142518922133,37.9950000000799));
#5252=CARTESIAN_POINT('',(-9.53224309763948,59.0142518922133,37.4950000000799));
#5253=CARTESIAN_POINT('',(-9.03224309763948,48.1904250423741,37.9950000000799));
#5254=CARTESIAN_POINT('',(-9.53224309763948,48.1904250423741,37.4950000000799));
#5255=CARTESIAN_POINT('Origin',(1.41775690186545,7.6267001694749,29.9950000000799));
#5256=CARTESIAN_POINT('',(1.66775690186544,7.8767001694749,37.9950000000799));
#5257=CARTESIAN_POINT('',(1.66775690186544,7.8767001694749,29.9950000000799));
#5258=CARTESIAN_POINT('',(1.16775690186547,7.3767001694749,37.4950000000799));
#5259=CARTESIAN_POINT('',(1.66775690186544,7.8767001694749,37.9950000000799));
#5260=CARTESIAN_POINT('',(1.16775690186547,7.3767001694749,26.4950000000799));
#5261=CARTESIAN_POINT('',(1.16775690186547,7.3767001694749,29.9950000000799));
#5262=CARTESIAN_POINT('',(1.16775690186547,7.3767001694749,26.4950000000799));
#5263=CARTESIAN_POINT('Origin',(-16.8322430889576,39.376700173371,26.4950000000799));
#5264=CARTESIAN_POINT('',(-17.332243089099,38.8767001734572,26.4950000000799));
#5265=CARTESIAN_POINT('',(-17.332243089099,38.8767001734572,26.4950000000799));
#5266=CARTESIAN_POINT('',(-16.8322430889576,39.376700173371,26.4950000000799));
#5267=CARTESIAN_POINT('',(-16.8322430889576,39.376700173371,26.4950000000799));
#5268=CARTESIAN_POINT('',(-16.832243089099,38.876700173371,25.9950000000799));
#5269=CARTESIAN_POINT('Origin',(-11.9991823235034,7.6267001694749,37.7450000000799));
#5270=CARTESIAN_POINT('',(-16.8322430978635,7.87670016947489,37.9950000000799));
#5271=CARTESIAN_POINT('',(-11.9991823235034,7.8767001694749,37.9950000000799));
#5272=CARTESIAN_POINT('',(-17.3322430980049,7.37670016947489,37.4950000000799));
#5273=CARTESIAN_POINT('',(-16.8322430978635,7.87670016947489,37.9950000000799));
#5274=CARTESIAN_POINT('',(-11.9991823235034,7.37670016947489,37.4950000000799));
#5275=CARTESIAN_POINT('Origin',(-17.332243089099,38.8767001734572,37.4950000000799));
#5276=CARTESIAN_POINT('',(-16.8322430889576,39.376700173371,37.4950000000799));
#5277=CARTESIAN_POINT('',(-16.832243089099,38.876700173371,37.9950000000799));
#5278=CARTESIAN_POINT('',(-16.8322430889576,39.376700173371,37.4950000000799));
#5279=CARTESIAN_POINT('',(-17.332243089099,38.8767001734572,37.4950000000799));
#5280=CARTESIAN_POINT('',(-17.332243089099,38.8767001734572,37.4950000000799));
#5281=CARTESIAN_POINT('',(-16.832243089099,38.876700173371,37.9950000000799));
#5282=CARTESIAN_POINT('Origin',(-17.0822430890283,39.1267001734141,29.9950000000799));
#5283=CARTESIAN_POINT('',(-16.8322430889576,39.376700173371,29.9950000000799));
#5284=CARTESIAN_POINT('',(-17.332243089099,38.8767001734572,29.9950000000799));
#5285=CARTESIAN_POINT('Origin',(-17.0822430896349,36.9812751305362,37.7450000000799));
#5286=CARTESIAN_POINT('',(-16.8322430896349,36.9812751304656,37.9950000000799));
#5287=CARTESIAN_POINT('',(-17.3322430896349,36.9812751306069,37.4950000000799));
#5288=CARTESIAN_POINT('Origin',(-8.09918231861005,39.1267001718661,37.7450000000799));
#5289=CARTESIAN_POINT('',(-9.53224308895762,39.3767001721131,37.4950000000799));
#5290=CARTESIAN_POINT('',(-8.09918231856697,39.3767001718661,37.4950000000799));
#5291=CARTESIAN_POINT('',(-9.03224308873657,38.8767001720269,37.9950000000799));
#5292=CARTESIAN_POINT('',(-8.09918231865313,38.8767001718661,37.9950000000799));
#5293=CARTESIAN_POINT('',(-9.03224308873657,38.8767001720269,37.9950000000799));
#5294=CARTESIAN_POINT('Origin',(-9.28224309223952,46.8000509879541,37.7450000000799));
#5295=CARTESIAN_POINT('',(-9.53224309223952,46.8000509878436,37.4950000000799));
#5296=CARTESIAN_POINT('',(-9.03224309223952,46.8000509880646,37.9950000000799));
#5297=CARTESIAN_POINT('Origin',(-8.09918231861005,39.1267001718661,26.2450000000799));
#5298=CARTESIAN_POINT('',(-8.09918231856697,39.3767001718661,26.4950000000799));
#5299=CARTESIAN_POINT('Origin',(-17.0822430896349,36.9812751305362,26.2450000000799));
#5300=CARTESIAN_POINT('',(-17.3322430980049,7.37670016947489,26.4950000000799));
#5301=CARTESIAN_POINT('',(-17.3322430896349,36.9812751306069,26.4950000000799));
#5302=CARTESIAN_POINT('',(-16.8322430978635,7.87670016947489,25.9950000000799));
#5303=CARTESIAN_POINT('Origin',(-11.9991823235034,7.6267001694749,26.2450000000799));
#5304=CARTESIAN_POINT('',(-11.9991823235034,7.37670016947489,26.4950000000799));
#5305=CARTESIAN_POINT('Origin',(-1.33306077450095,61.5450000000125,37.7450000000799));
#5306=CARTESIAN_POINT('',(-1.33306077450095,61.2950000000072,37.9950000000799));
#5307=CARTESIAN_POINT('',(-1.33306077450095,61.7950000000179,37.4950000000799));
#5308=CARTESIAN_POINT('Origin',(-9.28224309763948,48.1904250423741,26.2450000000799));
#5309=CARTESIAN_POINT('',(-9.53224309763948,48.1904250423741,26.4950000000799));
#5310=CARTESIAN_POINT('Origin',(3.75,46.6916750423705,37.7450000000799));
#5311=CARTESIAN_POINT('',(3.5,57.1775796207761,37.9950000000799));
#5312=CARTESIAN_POINT('',(3.5,46.6916750423705,37.9950000000799));
#5313=CARTESIAN_POINT('Origin',(3.49999999996001,57.1775796207761,37.4950000000799));
#5314=CARTESIAN_POINT('Origin',(3.49999999996001,57.1775796207761,37.4950000000799));
#5315=CARTESIAN_POINT('Origin',(1.66775690186514,11.7767293695944,29.9950000000799));
#5316=CARTESIAN_POINT('',(-13.9322430981349,11.7767293695944,29.9950000000799));
#5317=CARTESIAN_POINT('Origin',(-13.9322430981349,11.7767293695944,29.9950000000799));
#5318=CARTESIAN_POINT('',(-13.9322430981349,35.0000005215449,29.9950000000799));
#5319=CARTESIAN_POINT('Origin',(-6.66612154900189,34.585850084741,37.9950000000799));
#5320=CARTESIAN_POINT('',(1.66775690186514,11.7767293695944,37.9950000000799));
#5321=CARTESIAN_POINT('Origin',(1.66775690186547,7.3767001694749,29.9950000000799));
#5322=CARTESIAN_POINT('',(1.66776093928096,9.47672936959296,33.0450000000799));
#5323=CARTESIAN_POINT('Origin',(1.66775690186532,9.47672936957743,31.9950000000799));
#5324=CARTESIAN_POINT('Origin',(-17.3322430889576,39.3767001734572,29.9950000000799));
#5325=CARTESIAN_POINT('',(-17.3322430980049,7.37670016947489,29.9950000000799));
#5326=CARTESIAN_POINT('Origin',(-9.53224309763948,59.0142518922133,29.9950000000799));
#5327=CARTESIAN_POINT('',(-9.53224308895762,39.3767001721131,29.9950000000799));
#5328=CARTESIAN_POINT('',(-9.53224309763948,59.0142518922133,29.9950000000799));
#5329=CARTESIAN_POINT('Origin',(-9.53224308895762,39.3767001721131,29.9950000000799));
#5330=CARTESIAN_POINT('',(-12.9322430981349,39.3767001704705,35.9950000000799));
#5331=CARTESIAN_POINT('',(-12.9322430981349,39.3767001704705,27.9950000000799));
#5332=CARTESIAN_POINT('',(-12.9322430981349,39.376700172699,32.9950000000799));
#5333=CARTESIAN_POINT('',(-9.93224309813486,39.3767001704705,27.9950000000799));
#5334=CARTESIAN_POINT('',(-11.2322430935462,39.376700172406,27.9950000000799));
#5335=CARTESIAN_POINT('',(-9.93224309813486,39.3767001704705,35.9950000000799));
#5336=CARTESIAN_POINT('',(-9.93224309813486,39.376700172182,28.9950000000799));
#5337=CARTESIAN_POINT('',(-9.73224309354624,39.3767001721476,35.9950000000799));
#5338=CARTESIAN_POINT('Origin',(1.66777373116436,35.0000005215944,29.9950000000799));
#5339=CARTESIAN_POINT('',(1.66776488730136,37.3000005215774,33.0450000000799));
#5340=CARTESIAN_POINT('Origin',(1.66776488730136,37.3000005215774,31.9950000000799));
#5341=CARTESIAN_POINT('Origin',(4.,61.795,24.9949999999914));
#5342=CARTESIAN_POINT('',(-4.,61.795,24.9949999999914));
#5343=CARTESIAN_POINT('',(-4.,61.795,24.9950000000097));
#5344=CARTESIAN_POINT('',(-4.2903658073624,61.7949999999642,25.2574304484034));
#5345=CARTESIAN_POINT('',(-4.,61.7949999999642,24.9949999999914));
#5346=CARTESIAN_POINT('',(-1.11516193340138,61.7949999999986,24.0351796757156));
#5347=CARTESIAN_POINT('Origin',(1.66787187217021,9.47672937001951,31.9950000000799));
#5348=CARTESIAN_POINT('',(-3.33212812779283,9.47671014423038,33.0450000000799));
#5349=CARTESIAN_POINT('',(1.66787187217021,9.47672937001951,33.0450000000799));
#5350=CARTESIAN_POINT('Origin',(-3.33212812779283,9.47671014423038,31.9950000000799));
#5351=CARTESIAN_POINT('Origin',(-3.33212812779283,9.47671014423038,31.9950000000799));
#5352=CARTESIAN_POINT('Origin',(1.66776488730136,37.3000005215774,31.9950000000799));
#5353=CARTESIAN_POINT('',(-3.33223511266168,37.2999812957883,33.0450000000799));
#5354=CARTESIAN_POINT('',(1.66776488730136,37.3000005215774,33.0450000000799));
#5355=CARTESIAN_POINT('Origin',(-3.33223511266168,37.2999812957883,31.9950000000799));
#5356=CARTESIAN_POINT('Origin',(-3.33223511266168,37.2999812957883,31.9950000000799));
#5357=CARTESIAN_POINT('Origin',(-12.9322430981349,39.3767001704705,35.9950000000799));
#5358=CARTESIAN_POINT('',(-12.9322430981349,35.0000005215481,27.9950000000799));
#5359=CARTESIAN_POINT('',(-12.9322430981349,35.0000005215481,35.9950000000799));
#5360=CARTESIAN_POINT('',(-12.9322430981349,35.0000005215481,32.9950000000799));
#5361=CARTESIAN_POINT('',(-12.9322430981349,39.3767001704705,27.9950000000799));
#5362=CARTESIAN_POINT('',(-12.9322430981349,39.3767001704705,35.9950000000799));
#5363=CARTESIAN_POINT('Origin',(-9.93224309813486,39.3767001704705,35.9950000000799));
#5364=CARTESIAN_POINT('',(-9.93224309813486,35.0000005215576,35.9950000000799));
#5365=CARTESIAN_POINT('',(-11.9322430981279,35.0000005215513,35.9950000000799));
#5366=CARTESIAN_POINT('',(-9.93224309813486,39.3767001704705,35.9950000000799));
#5367=CARTESIAN_POINT('Origin',(-9.93224309813486,39.3767001704705,27.9950000000799));
#5368=CARTESIAN_POINT('',(-9.93224309813486,35.0000005215576,27.9950000000799));
#5369=CARTESIAN_POINT('',(-9.93224309813486,35.0000005215576,28.9950000000799));
#5370=CARTESIAN_POINT('',(-9.93224309813486,39.3767001704705,27.9950000000799));
#5371=CARTESIAN_POINT('Origin',(-12.9322430981349,39.3767001704705,27.9950000000799));
#5372=CARTESIAN_POINT('',(-13.4322430981279,35.0000005215465,27.9950000000799));
#5373=CARTESIAN_POINT('Origin',(0.,81.9267293695945,24.9949999999914));
#5374=CARTESIAN_POINT('',(-0.9,81.9267293695945,22.995));
#5375=CARTESIAN_POINT('',(-0.9,81.9267293695945,24.9949999999914));
#5376=CARTESIAN_POINT('Origin',(0.,81.9267293695945,22.995));
#5377=CARTESIAN_POINT('Origin',(4.,61.7949999999642,22.995));
#5378=CARTESIAN_POINT('',(0.,61.4515506721607,22.995));
#5379=CARTESIAN_POINT('Origin',(-4.,58.7975,21.9974999999977));
#5380=CARTESIAN_POINT('',(-4.,55.8,19.));
#5381=CARTESIAN_POINT('Origin',(-4.,55.8,24.995));
#5382=CARTESIAN_POINT('',(-4.,55.8,20.6155281280883));
#5383=CARTESIAN_POINT('',(-4.,55.8,10.9987499999989));
#5384=CARTESIAN_POINT('',(-4.,47.8,20.6155281280883));
#5385=CARTESIAN_POINT('',(-4.,51.8,20.6155281280883));
#5386=CARTESIAN_POINT('',(-4.,47.8,21.781));
#5387=CARTESIAN_POINT('',(-4.,47.8,21.4896320320221));
#5388=CARTESIAN_POINT('',(-4.,55.8,21.781));
#5389=CARTESIAN_POINT('',(-4.,55.8,21.781));
#5390=CARTESIAN_POINT('Origin',(-4.,55.8,24.995));
#5391=CARTESIAN_POINT('',(-4.,60.2962499999821,24.9949999999914));
#5392=CARTESIAN_POINT('Origin',(0.,55.8,24.995));
#5393=CARTESIAN_POINT('',(0.,55.8,19.));
#5394=CARTESIAN_POINT('',(0.,55.8,19.));
#5395=CARTESIAN_POINT('',(0.,55.8,19.));
#5396=CARTESIAN_POINT('Origin',(-5.24840721348431,48.1904250423526,25.6262152242417));
#5397=CARTESIAN_POINT('',(-4.2903658073624,48.1904250423526,25.2574304484034));
#5398=CARTESIAN_POINT('Origin',(-9.53224309763948,61.7950000000072,29.9950000000799));
#5399=CARTESIAN_POINT('Origin',(3.49999999996001,57.1775796207761,29.9950000000799));
#5400=CARTESIAN_POINT('',(3.62940952252161,56.6946167075918,29.9950000000799));
#5401=CARTESIAN_POINT('Origin',(-3.72194488040724,54.7248272320542,29.9950000000799));
#5402=CARTESIAN_POINT('',(-3.72194488040724,54.7248272320542,29.9950000000799));
#5403=CARTESIAN_POINT('Origin',(-3.72194488009072,39.3767001685002,29.9950000000799));
#5404=CARTESIAN_POINT('',(-3.72194488009072,39.3767001685002,29.9950000000799));
#5405=CARTESIAN_POINT('Origin',(1.66775690198377,39.3767208927542,29.9950000000799));
#5406=CARTESIAN_POINT('Origin',(-13.9322430981349,35.0000005215449,29.9950000000799));
#5407=CARTESIAN_POINT('Origin',(-17.3322430980049,7.37670016947489,29.9950000000799));
#5408=CARTESIAN_POINT('Origin',(-9.53224309763948,61.7949999999642,29.9950000000799));
#5409=CARTESIAN_POINT('Origin',(1.16945154975581E-16,51.8,21.781));
#5410=CARTESIAN_POINT('',(-1.6129,51.8,21.781));
#5411=CARTESIAN_POINT('Origin',(1.16945154975581E-16,51.8,21.781));
#5412=CARTESIAN_POINT('',(-1.6129,51.8,18.9314171046438));
#5413=CARTESIAN_POINT('',(-1.6129,51.8,21.781));
#5414=CARTESIAN_POINT('Ctrl Pts',(-1.6129,51.8,18.9314171046438));
#5415=CARTESIAN_POINT('Ctrl Pts',(-1.6129,51.5973758447069,18.9314171046438));
#5416=CARTESIAN_POINT('Ctrl Pts',(-1.57238553926592,51.381312663786,18.9350051923678));
#5417=CARTESIAN_POINT('Ctrl Pts',(-1.40775291343678,50.9839564170568,18.9479563444857));
#5418=CARTESIAN_POINT('Ctrl Pts',(-1.28364008962619,50.8026550348746,18.9571314666548));
#5419=CARTESIAN_POINT('Ctrl Pts',(-0.997345217484464,50.5163601627329,18.9743476243159));
#5420=CARTESIAN_POINT('Ctrl Pts',(-0.816043723919738,50.3922471430184,18.983508301428));
#5421=CARTESIAN_POINT('Ctrl Pts',(-0.418687107570946,50.2276143679569,18.9964263980125));
#5422=CARTESIAN_POINT('Ctrl Pts',(-0.202623798080983,50.1871,19.));
#5423=CARTESIAN_POINT('Ctrl Pts',(0.202623798080984,50.1871,19.));
#5424=CARTESIAN_POINT('Ctrl Pts',(0.418687107570946,50.2276143679569,18.9964263980125));
#5425=CARTESIAN_POINT('Ctrl Pts',(0.816043723919738,50.3922471430184,18.983508301428));
#5426=CARTESIAN_POINT('Ctrl Pts',(0.997345217484464,50.5163601627329,18.9743476243159));
#5427=CARTESIAN_POINT('Ctrl Pts',(1.28364008962619,50.8026550348746,18.9571314666548));
#5428=CARTESIAN_POINT('Ctrl Pts',(1.40775291343678,50.9839564170568,18.9479563444857));
#5429=CARTESIAN_POINT('Ctrl Pts',(1.57238553926592,51.381312663786,18.9350051923678));
#5430=CARTESIAN_POINT('Ctrl Pts',(1.6129,51.5973758447069,18.9314171046438));
#5431=CARTESIAN_POINT('Ctrl Pts',(1.6129,52.0026241552931,18.9314171046438));
#5432=CARTESIAN_POINT('Ctrl Pts',(1.57238553926592,52.218687336214,18.9350051923678));
#5433=CARTESIAN_POINT('Ctrl Pts',(1.40775291343678,52.6160435829432,18.9479563444857));
#5434=CARTESIAN_POINT('Ctrl Pts',(1.28364008962619,52.7973449651254,18.9571314666548));
#5435=CARTESIAN_POINT('Ctrl Pts',(0.997345217484464,53.0836398372671,18.9743476243159));
#5436=CARTESIAN_POINT('Ctrl Pts',(0.816043723919738,53.2077528569816,18.983508301428));
#5437=CARTESIAN_POINT('Ctrl Pts',(0.418687107570946,53.3723856320431,18.9964263980125));
#5438=CARTESIAN_POINT('Ctrl Pts',(0.202623798080984,53.4129,19.));
#5439=CARTESIAN_POINT('Ctrl Pts',(-0.202623798080983,53.4129,19.));
#5440=CARTESIAN_POINT('Ctrl Pts',(-0.418687107570946,53.3723856320431,18.9964263980125));
#5441=CARTESIAN_POINT('Ctrl Pts',(-0.816043723919737,53.2077528569816,18.983508301428));
#5442=CARTESIAN_POINT('Ctrl Pts',(-0.997345217484464,53.0836398372671,18.9743476243159));
#5443=CARTESIAN_POINT('Ctrl Pts',(-1.28364008962619,52.7973449651254,18.9571314666548));
#5444=CARTESIAN_POINT('Ctrl Pts',(-1.40775291343678,52.6160435829432,18.9479563444857));
#5445=CARTESIAN_POINT('Ctrl Pts',(-1.57238553926592,52.218687336214,18.9350051923678));
#5446=CARTESIAN_POINT('Ctrl Pts',(-1.6129,52.0026241552931,18.9314171046438));
#5447=CARTESIAN_POINT('Ctrl Pts',(-1.6129,51.8,18.9314171046438));
#5448=CARTESIAN_POINT('Origin',(0.,55.8,0.));
#5449=CARTESIAN_POINT('Origin',(0.,55.8,0.));
#5450=CARTESIAN_POINT('',(-19.,55.8,2.32682891837997E-15));
#5451=CARTESIAN_POINT('Origin',(0.,55.8,0.));
#5452=CARTESIAN_POINT('Origin',(0.,55.8,0.));
#5453=CARTESIAN_POINT('Origin',(0.,51.8,0.));
#5454=CARTESIAN_POINT('',(-19.,53.4002,2.22159577953584E-15));
#5455=CARTESIAN_POINT('',(-19.,51.8,2.32682891837997E-15));
#5456=CARTESIAN_POINT('',(-18.9324948160563,51.8,-1.6002));
#5457=CARTESIAN_POINT('Ctrl Pts',(-19.,53.4002,2.1163626406917E-15));
#5458=CARTESIAN_POINT('Ctrl Pts',(-19.,53.4002,-0.201026706412576));
#5459=CARTESIAN_POINT('Ctrl Pts',(-18.9964824951727,53.3600052795786,-0.415388025965231));
#5460=CARTESIAN_POINT('Ctrl Pts',(-18.9837671671859,53.1966693009409,-0.809616294398579));
#5461=CARTESIAN_POINT('Ctrl Pts',(-18.9747502974771,53.0735333038505,-0.989491238658958));
#5462=CARTESIAN_POINT('Ctrl Pts',(-18.957804570633,52.7894909961043,-1.27353354640515));
#5463=CARTESIAN_POINT('Ctrl Pts',(-18.9487737063452,52.6096161589361,-1.39666935526028));
#5464=CARTESIAN_POINT('Ctrl Pts',(-18.9360263542517,52.2153882457094,-1.56000519033975));
#5465=CARTESIAN_POINT('Ctrl Pts',(-18.9324948160563,52.0010270497418,-1.6002));
#5466=CARTESIAN_POINT('Ctrl Pts',(-18.9324948160563,51.8,-1.6002));
#5467=CARTESIAN_POINT('',(-19.,50.1998,1.68383150198303E-15));
#5468=CARTESIAN_POINT('Ctrl Pts',(-18.9324948160563,51.8,-1.6002));
#5469=CARTESIAN_POINT('Ctrl Pts',(-18.9324948160563,51.5989729502582,-1.6002));
#5470=CARTESIAN_POINT('Ctrl Pts',(-18.9360263542517,51.3846117542906,-1.56000519033975));
#5471=CARTESIAN_POINT('Ctrl Pts',(-18.9487737063452,50.9903838410639,-1.39666935526028));
#5472=CARTESIAN_POINT('Ctrl Pts',(-18.957804570633,50.8105090038957,-1.27353354640515));
#5473=CARTESIAN_POINT('Ctrl Pts',(-18.9747502974771,50.5264666961495,-0.989491238658958));
#5474=CARTESIAN_POINT('Ctrl Pts',(-18.9837671671859,50.4033306990591,-0.809616294398579));
#5475=CARTESIAN_POINT('Ctrl Pts',(-18.9964824951727,50.2399947204214,-0.415388025965231));
#5476=CARTESIAN_POINT('Ctrl Pts',(-19.,50.1998,-0.201026706412575));
#5477=CARTESIAN_POINT('Ctrl Pts',(-19.,50.1998,2.77555756156289E-15));
#5478=CARTESIAN_POINT('',(-19.,47.8,2.32682891837997E-15));
#5479=CARTESIAN_POINT('',(-19.,51.8,2.32682891837997E-15));
#5480=CARTESIAN_POINT('Origin',(0.,47.8,0.));
#5481=CARTESIAN_POINT('Ctrl Pts',(-19.,50.1998,1.07552855510562E-15));
#5482=CARTESIAN_POINT('Ctrl Pts',(-19.,50.1998,0.201026706412579));
#5483=CARTESIAN_POINT('Ctrl Pts',(-18.9964824951727,50.2399947204214,0.415388025965235));
#5484=CARTESIAN_POINT('Ctrl Pts',(-18.9837671671859,50.4033306990591,0.809616294398583));
#5485=CARTESIAN_POINT('Ctrl Pts',(-18.9747502974771,50.5264666961495,0.989491238658963));
#5486=CARTESIAN_POINT('Ctrl Pts',(-18.957804570633,50.8105090038957,1.27353354640515));
#5487=CARTESIAN_POINT('Ctrl Pts',(-18.9487737063452,50.9903838410639,1.39666935526029));
#5488=CARTESIAN_POINT('Ctrl Pts',(-18.9360263542517,51.3846117542906,1.56000519033976));
#5489=CARTESIAN_POINT('Ctrl Pts',(-18.9324948160563,51.5989729502582,1.6002));
#5490=CARTESIAN_POINT('Ctrl Pts',(-18.9324948160563,52.0010270497418,1.6002));
#5491=CARTESIAN_POINT('Ctrl Pts',(-18.9360263542517,52.2153882457094,1.56000519033976));
#5492=CARTESIAN_POINT('Ctrl Pts',(-18.9487737063452,52.6096161589361,1.39666935526029));
#5493=CARTESIAN_POINT('Ctrl Pts',(-18.957804570633,52.7894909961043,1.27353354640515));
#5494=CARTESIAN_POINT('Ctrl Pts',(-18.9747502974771,53.0735333038505,0.989491238658963));
#5495=CARTESIAN_POINT('Ctrl Pts',(-18.9837671671859,53.1966693009409,0.809616294398585));
#5496=CARTESIAN_POINT('Ctrl Pts',(-18.9964824951727,53.3600052795786,0.415388025965237));
#5497=CARTESIAN_POINT('Ctrl Pts',(-19.,53.4002,0.20102670641258));
#5498=CARTESIAN_POINT('Ctrl Pts',(-19.,53.4002,2.28983498828939E-15));
#5499=CARTESIAN_POINT('',(18.9324948160563,51.8,-1.6002));
#5500=CARTESIAN_POINT('Ctrl Pts',(18.9324948160563,51.8,-1.6002));
#5501=CARTESIAN_POINT('Ctrl Pts',(18.9324948160563,52.0010270497418,-1.6002));
#5502=CARTESIAN_POINT('Ctrl Pts',(18.9360263542517,52.2153882457094,-1.56000519033975));
#5503=CARTESIAN_POINT('Ctrl Pts',(18.9487737063452,52.6096161589361,-1.39666935526028));
#5504=CARTESIAN_POINT('Ctrl Pts',(18.957804570633,52.7894909961043,-1.27353354640515));
#5505=CARTESIAN_POINT('Ctrl Pts',(18.9747502974771,53.0735333038505,-0.989491238658958));
#5506=CARTESIAN_POINT('Ctrl Pts',(18.9837671671859,53.1966693009409,-0.809616294398579));
#5507=CARTESIAN_POINT('Ctrl Pts',(18.9964824951727,53.3600052795786,-0.415388025965231));
#5508=CARTESIAN_POINT('Ctrl Pts',(19.,53.4002,-0.201026706412576));
#5509=CARTESIAN_POINT('Ctrl Pts',(19.,53.4002,0.20102670641258));
#5510=CARTESIAN_POINT('Ctrl Pts',(18.9964824951727,53.3600052795786,0.415388025965235));
#5511=CARTESIAN_POINT('Ctrl Pts',(18.9837671671859,53.1966693009409,0.809616294398583));
#5512=CARTESIAN_POINT('Ctrl Pts',(18.9747502974771,53.0735333038505,0.989491238658963));
#5513=CARTESIAN_POINT('Ctrl Pts',(18.957804570633,52.7894909961043,1.27353354640515));
#5514=CARTESIAN_POINT('Ctrl Pts',(18.9487737063452,52.6096161589361,1.39666935526029));
#5515=CARTESIAN_POINT('Ctrl Pts',(18.9360263542517,52.2153882457094,1.56000519033976));
#5516=CARTESIAN_POINT('Ctrl Pts',(18.9324948160563,52.0010270497418,1.6002));
#5517=CARTESIAN_POINT('Ctrl Pts',(18.9324948160563,51.5989729502582,1.6002));
#5518=CARTESIAN_POINT('Ctrl Pts',(18.9360263542517,51.3846117542906,1.56000519033976));
#5519=CARTESIAN_POINT('Ctrl Pts',(18.9487737063452,50.9903838410639,1.39666935526029));
#5520=CARTESIAN_POINT('Ctrl Pts',(18.957804570633,50.8105090038957,1.27353354640515));
#5521=CARTESIAN_POINT('Ctrl Pts',(18.9747502974771,50.5264666961495,0.989491238658963));
#5522=CARTESIAN_POINT('Ctrl Pts',(18.9837671671859,50.4033306990591,0.809616294398585));
#5523=CARTESIAN_POINT('Ctrl Pts',(18.9964824951727,50.2399947204214,0.415388025965237));
#5524=CARTESIAN_POINT('Ctrl Pts',(19.,50.1998,0.20102670641258));
#5525=CARTESIAN_POINT('Ctrl Pts',(19.,50.1998,-0.201026706412576));
#5526=CARTESIAN_POINT('Ctrl Pts',(18.9964824951727,50.2399947204214,-0.415388025965231));
#5527=CARTESIAN_POINT('Ctrl Pts',(18.9837671671859,50.4033306990591,-0.809616294398579));
#5528=CARTESIAN_POINT('Ctrl Pts',(18.9747502974771,50.5264666961495,-0.989491238658958));
#5529=CARTESIAN_POINT('Ctrl Pts',(18.957804570633,50.8105090038957,-1.27353354640515));
#5530=CARTESIAN_POINT('Ctrl Pts',(18.9487737063452,50.9903838410639,-1.39666935526028));
#5531=CARTESIAN_POINT('Ctrl Pts',(18.9360263542517,51.3846117542906,-1.56000519033975));
#5532=CARTESIAN_POINT('Ctrl Pts',(18.9324948160563,51.5989729502582,-1.6002));
#5533=CARTESIAN_POINT('Ctrl Pts',(18.9324948160563,51.8,-1.6002));
#5534=CARTESIAN_POINT('Origin',(0.,47.8,0.));
#5535=CARTESIAN_POINT('Origin',(0.,47.8,0.));
#5536=CARTESIAN_POINT('',(2.,47.8,21.781));
#5537=CARTESIAN_POINT('Origin',(-21.,51.8,1.64402568263257E-15));
#5538=CARTESIAN_POINT('',(-21.,53.4002,-3.85763741731415E-15));
#5539=CARTESIAN_POINT('',(-21.,50.1998,-3.85763741731415E-15));
#5540=CARTESIAN_POINT('Ctrl Pts',(-21.,53.4002,1.45716771982052E-15));
#5541=CARTESIAN_POINT('Ctrl Pts',(-21.,53.4002,0.201008172725419));
#5542=CARTESIAN_POINT('Ctrl Pts',(-20.9968179231501,53.3600125253384,0.415361481785156));
#5543=CARTESIAN_POINT('Ctrl Pts',(-20.9853149679264,53.1966819539749,0.809594809679215));
#5544=CARTESIAN_POINT('Ctrl Pts',(-20.9771580084756,53.073543163977,0.989481378532386));
#5545=CARTESIAN_POINT('Ctrl Pts',(-20.9618300478091,52.7894812161821,1.27354332632731));
#5546=CARTESIAN_POINT('Ctrl Pts',(-20.9536627307682,52.6095947193428,1.39668199088709));
#5547=CARTESIAN_POINT('Ctrl Pts',(-20.9421360788334,52.2153616287016,1.56001246498517));
#5548=CARTESIAN_POINT('Ctrl Pts',(-20.9389436209184,52.0010084024904,1.6002));
#5549=CARTESIAN_POINT('Ctrl Pts',(-20.9389436209184,51.5989915975096,1.6002));
#5550=CARTESIAN_POINT('Ctrl Pts',(-20.9421360788334,51.3846383712984,1.56001246498517));
#5551=CARTESIAN_POINT('Ctrl Pts',(-20.9536627307682,50.9904052806572,1.39668199088709));
#5552=CARTESIAN_POINT('Ctrl Pts',(-20.9618300478091,50.8105187838179,1.27354332632731));
#5553=CARTESIAN_POINT('Ctrl Pts',(-20.9771580084756,50.5264568360229,0.989481378532386));
#5554=CARTESIAN_POINT('Ctrl Pts',(-20.9853149679264,50.4033180460251,0.809594809679216));
#5555=CARTESIAN_POINT('Ctrl Pts',(-20.9968179231501,50.2399874746616,0.415361481785156));
#5556=CARTESIAN_POINT('Ctrl Pts',(-21.,50.1998,0.20100817272542));
#5557=CARTESIAN_POINT('Ctrl Pts',(-21.,50.1998,1.92554305833426E-15));
#5558=CARTESIAN_POINT('',(-20.9389436209184,51.8,-1.6002));
#5559=CARTESIAN_POINT('Ctrl Pts',(-20.9389436209184,51.8,-1.6002));
#5560=CARTESIAN_POINT('Ctrl Pts',(-20.9389436209184,52.0010084024904,-1.6002));
#5561=CARTESIAN_POINT('Ctrl Pts',(-20.9421360788334,52.2153616287016,-1.56001246498517));
#5562=CARTESIAN_POINT('Ctrl Pts',(-20.9536627307682,52.6095947193428,-1.39668199088709));
#5563=CARTESIAN_POINT('Ctrl Pts',(-20.9618300478091,52.7894812161821,-1.27354332632731));
#5564=CARTESIAN_POINT('Ctrl Pts',(-20.9771580084756,53.073543163977,-0.989481378532384));
#5565=CARTESIAN_POINT('Ctrl Pts',(-20.9853149679264,53.1966819539749,-0.809594809679213));
#5566=CARTESIAN_POINT('Ctrl Pts',(-20.9968179231501,53.3600125253384,-0.415361481785154));
#5567=CARTESIAN_POINT('Ctrl Pts',(-21.,53.4002,-0.201008172725416));
#5568=CARTESIAN_POINT('Ctrl Pts',(-21.,53.4002,2.04697370165263E-15));
#5569=CARTESIAN_POINT('',(-21.,51.8,-1.6002));
#5570=CARTESIAN_POINT('Ctrl Pts',(-21.,50.1998,2.58473797920544E-15));
#5571=CARTESIAN_POINT('Ctrl Pts',(-21.,50.1998,-0.201008172725415));
#5572=CARTESIAN_POINT('Ctrl Pts',(-20.9968179231501,50.2399874746616,-0.415361481785152));
#5573=CARTESIAN_POINT('Ctrl Pts',(-20.9853149679264,50.4033180460251,-0.809594809679212));
#5574=CARTESIAN_POINT('Ctrl Pts',(-20.9771580084756,50.5264568360229,-0.989481378532382));
#5575=CARTESIAN_POINT('Ctrl Pts',(-20.9618300478091,50.8105187838179,-1.27354332632731));
#5576=CARTESIAN_POINT('Ctrl Pts',(-20.9536627307682,50.9904052806572,-1.39668199088709));
#5577=CARTESIAN_POINT('Ctrl Pts',(-20.9421360788334,51.3846383712984,-1.56001246498517));
#5578=CARTESIAN_POINT('Ctrl Pts',(-20.9389436209184,51.5989915975096,-1.6002));
#5579=CARTESIAN_POINT('Ctrl Pts',(-20.9389436209184,51.8,-1.6002));
#5580=CARTESIAN_POINT('Origin',(21.,51.8,1.64402568263257E-15));
#5581=CARTESIAN_POINT('',(21.,50.1998,-3.85763741731415E-15));
#5582=CARTESIAN_POINT('',(21.,53.4002,-3.85763741731415E-15));
#5583=CARTESIAN_POINT('Ctrl Pts',(21.,50.1998,1.6306400674182E-15));
#5584=CARTESIAN_POINT('Ctrl Pts',(21.,50.1998,0.20100817272542));
#5585=CARTESIAN_POINT('Ctrl Pts',(20.9968179231501,50.2399874746616,0.415361481785156));
#5586=CARTESIAN_POINT('Ctrl Pts',(20.9853149679264,50.4033180460251,0.809594809679215));
#5587=CARTESIAN_POINT('Ctrl Pts',(20.9771580084756,50.5264568360229,0.989481378532386));
#5588=CARTESIAN_POINT('Ctrl Pts',(20.9618300478091,50.8105187838179,1.27354332632731));
#5589=CARTESIAN_POINT('Ctrl Pts',(20.9536627307682,50.9904052806572,1.39668199088709));
#5590=CARTESIAN_POINT('Ctrl Pts',(20.9421360788334,51.3846383712984,1.56001246498517));
#5591=CARTESIAN_POINT('Ctrl Pts',(20.9389436209184,51.5989915975096,1.6002));
#5592=CARTESIAN_POINT('Ctrl Pts',(20.9389436209184,52.0010084024904,1.6002));
#5593=CARTESIAN_POINT('Ctrl Pts',(20.9421360788334,52.2153616287016,1.56001246498517));
#5594=CARTESIAN_POINT('Ctrl Pts',(20.9536627307682,52.6095947193428,1.39668199088709));
#5595=CARTESIAN_POINT('Ctrl Pts',(20.9618300478091,52.7894812161821,1.27354332632731));
#5596=CARTESIAN_POINT('Ctrl Pts',(20.9771580084756,53.073543163977,0.989481378532386));
#5597=CARTESIAN_POINT('Ctrl Pts',(20.9853149679264,53.1966819539749,0.809594809679216));
#5598=CARTESIAN_POINT('Ctrl Pts',(20.9968179231501,53.3600125253384,0.415361481785156));
#5599=CARTESIAN_POINT('Ctrl Pts',(21.,53.4002,0.201008172725419));
#5600=CARTESIAN_POINT('Ctrl Pts',(21.,53.4002,1.42247325030098E-15));
#5601=CARTESIAN_POINT('',(20.9389436209184,51.8,-1.6002));
#5602=CARTESIAN_POINT('Ctrl Pts',(20.9389436209184,51.8,-1.6002));
#5603=CARTESIAN_POINT('Ctrl Pts',(20.9389436209184,51.5989915975096,-1.6002));
#5604=CARTESIAN_POINT('Ctrl Pts',(20.9421360788334,51.3846383712984,-1.56001246498517));
#5605=CARTESIAN_POINT('Ctrl Pts',(20.9536627307682,50.9904052806572,-1.39668199088709));
#5606=CARTESIAN_POINT('Ctrl Pts',(20.9618300478091,50.8105187838179,-1.27354332632731));
#5607=CARTESIAN_POINT('Ctrl Pts',(20.9771580084756,50.5264568360229,-0.989481378532384));
#5608=CARTESIAN_POINT('Ctrl Pts',(20.9853149679264,50.4033180460251,-0.809594809679213));
#5609=CARTESIAN_POINT('Ctrl Pts',(20.9968179231501,50.2399874746616,-0.415361481785154));
#5610=CARTESIAN_POINT('Ctrl Pts',(21.,50.1998,-0.201008172725416));
#5611=CARTESIAN_POINT('Ctrl Pts',(21.,50.1998,1.97758476261356E-15));
#5612=CARTESIAN_POINT('',(21.,51.8,-1.6002));
#5613=CARTESIAN_POINT('Ctrl Pts',(21.,53.4002,2.74086309204336E-15));
#5614=CARTESIAN_POINT('Ctrl Pts',(21.,53.4002,-0.201008172725415));
#5615=CARTESIAN_POINT('Ctrl Pts',(20.9968179231501,53.3600125253384,-0.415361481785152));
#5616=CARTESIAN_POINT('Ctrl Pts',(20.9853149679264,53.1966819539749,-0.809594809679212));
#5617=CARTESIAN_POINT('Ctrl Pts',(20.9771580084756,53.073543163977,-0.989481378532382));
#5618=CARTESIAN_POINT('Ctrl Pts',(20.9618300478091,52.7894812161821,-1.27354332632731));
#5619=CARTESIAN_POINT('Ctrl Pts',(20.9536627307682,52.6095947193428,-1.39668199088709));
#5620=CARTESIAN_POINT('Ctrl Pts',(20.9421360788334,52.2153616287016,-1.56001246498517));
#5621=CARTESIAN_POINT('Ctrl Pts',(20.9389436209184,52.0010084024904,-1.6002));
#5622=CARTESIAN_POINT('Ctrl Pts',(20.9389436209184,51.8,-1.6002));
#5623=CARTESIAN_POINT('Origin',(1.16945154975581E-16,51.8,-19.1624));
#5624=CARTESIAN_POINT('',(1.5875,51.8,-19.1624));
#5625=CARTESIAN_POINT('Origin',(1.16945154975581E-16,51.8,-19.1624));
#5626=CARTESIAN_POINT('Origin',(1.16945154975581E-16,51.8,-20.8624));
#5627=CARTESIAN_POINT('',(1.5875,51.8,-20.9399103090247));
#5628=CARTESIAN_POINT('Ctrl Pts',(1.5875,51.8,-20.9399103090247));
#5629=CARTESIAN_POINT('Ctrl Pts',(1.5875,51.9994117792304,-20.9399103090247));
#5630=CARTESIAN_POINT('Ctrl Pts',(1.547631928142,52.2120632252444,-20.9430521016928));
#5631=CARTESIAN_POINT('Ctrl Pts',(1.38559810714744,52.6031678474639,-20.9543960492397));
#5632=CARTESIAN_POINT('Ctrl Pts',(1.26343653186206,52.7816274984052,-20.9624339976258));
#5633=CARTESIAN_POINT('Ctrl Pts',(0.981627654401831,53.0634363758655,-20.9775193499824));
#5634=CARTESIAN_POINT('Ctrl Pts',(0.803167934237754,53.1855980716321,-20.9855472661979));
#5635=CARTESIAN_POINT('Ctrl Pts',(0.412063084092849,53.347631986186,-20.9968682618787));
#5636=CARTESIAN_POINT('Ctrl Pts',(0.199411558459952,53.3875,-21.));
#5637=CARTESIAN_POINT('Ctrl Pts',(-0.199411558459952,53.3875,-21.));
#5638=CARTESIAN_POINT('Ctrl Pts',(-0.41206308409284,53.347631986186,-20.9968682618787));
#5639=CARTESIAN_POINT('Ctrl Pts',(-0.803167934237746,53.185598071632,-20.9855472661979));
#5640=CARTESIAN_POINT('Ctrl Pts',(-0.981627654401831,53.0634363758655,-20.9775193499824));
#5641=CARTESIAN_POINT('Ctrl Pts',(-1.26343653186206,52.7816274984052,-20.9624339976258));
#5642=CARTESIAN_POINT('Ctrl Pts',(-1.38559810714744,52.6031678474639,-20.9543960492397));
#5643=CARTESIAN_POINT('Ctrl Pts',(-1.547631928142,52.2120632252444,-20.9430521016928));
#5644=CARTESIAN_POINT('Ctrl Pts',(-1.5875,51.9994117792304,-20.9399103090247));
#5645=CARTESIAN_POINT('Ctrl Pts',(-1.5875,51.6005882207696,-20.9399103090247));
#5646=CARTESIAN_POINT('Ctrl Pts',(-1.547631928142,51.3879367747556,-20.9430521016928));
#5647=CARTESIAN_POINT('Ctrl Pts',(-1.38559810714744,50.9968321525361,-20.9543960492397));
#5648=CARTESIAN_POINT('Ctrl Pts',(-1.26343653186206,50.8183725015948,-20.9624339976258));
#5649=CARTESIAN_POINT('Ctrl Pts',(-0.981627654401832,50.5365636241345,-20.9775193499824));
#5650=CARTESIAN_POINT('Ctrl Pts',(-0.803167934237747,50.414401928368,-20.9855472661979));
#5651=CARTESIAN_POINT('Ctrl Pts',(-0.41206308409284,50.252368013814,-20.9968682618787));
#5652=CARTESIAN_POINT('Ctrl Pts',(-0.199411558459952,50.2125,-21.));
#5653=CARTESIAN_POINT('Ctrl Pts',(0.199411558459952,50.2125,-21.));
#5654=CARTESIAN_POINT('Ctrl Pts',(0.412063084092839,50.252368013814,-20.9968682618787));
#5655=CARTESIAN_POINT('Ctrl Pts',(0.803167934237746,50.414401928368,-20.9855472661979));
#5656=CARTESIAN_POINT('Ctrl Pts',(0.981627654401831,50.5365636241345,-20.9775193499824));
#5657=CARTESIAN_POINT('Ctrl Pts',(1.26343653186206,50.8183725015948,-20.9624339976258));
#5658=CARTESIAN_POINT('Ctrl Pts',(1.38559810714744,50.9968321525361,-20.9543960492397));
#5659=CARTESIAN_POINT('Ctrl Pts',(1.547631928142,51.3879367747556,-20.9430521016928));
#5660=CARTESIAN_POINT('Ctrl Pts',(1.5875,51.6005882207696,-20.9399103090247));
#5661=CARTESIAN_POINT('Ctrl Pts',(1.5875,51.8,-20.9399103090247));
#5662=CARTESIAN_POINT('',(1.5875,51.8,-20.8624));
#5663=CARTESIAN_POINT('Origin',(0.,55.8,24.995));
#5664=CARTESIAN_POINT('',(0.,55.8,21.781));
#5665=CARTESIAN_POINT('Origin',(0.,51.8,0.));
#5666=CARTESIAN_POINT('Origin',(4.,55.8,21.781));
#5667=CARTESIAN_POINT('Origin',(1.16945154975581E-16,51.8,20.8624));
#5668=CARTESIAN_POINT('',(-1.5875,51.8,22.5624));
#5669=CARTESIAN_POINT('Origin',(1.16945154975581E-16,51.8,22.5624));
#5670=CARTESIAN_POINT('',(-1.5875,51.8,20.5));
#5671=CARTESIAN_POINT('',(-1.5875,51.8,20.8624));
#5672=CARTESIAN_POINT('Origin',(1.16945154975581E-16,51.8,20.5));
#5673=CARTESIAN_POINT('Origin',(0.,51.8,20.5));
#5674=CARTESIAN_POINT('',(-3.,51.8,20.5));
#5675=CARTESIAN_POINT('Origin',(0.,51.8,20.5));
#5676=CARTESIAN_POINT('Origin',(0.,51.8,21.));
#5677=CARTESIAN_POINT('',(-3.,51.8,22.5624));
#5678=CARTESIAN_POINT('Origin',(0.,51.8,22.5624));
#5679=CARTESIAN_POINT('',(-3.,51.8,21.));
#5680=CARTESIAN_POINT('Origin',(0.,51.8,22.5624));
#5681=CARTESIAN_POINT('Origin',(1.16945154975581E-16,51.8,-20.8624));
#5682=CARTESIAN_POINT('',(1.5875,51.8,-22.5624));
#5683=CARTESIAN_POINT('Origin',(1.16945154975581E-16,51.8,-22.5624));
#5684=CARTESIAN_POINT('',(1.5875,51.8,-20.5));
#5685=CARTESIAN_POINT('',(1.5875,51.8,-20.8624));
#5686=CARTESIAN_POINT('Origin',(1.16945154975581E-16,51.8,-20.5));
#5687=CARTESIAN_POINT('Origin',(0.,51.8,-20.5));
#5688=CARTESIAN_POINT('',(-3.,51.8,-20.5));
#5689=CARTESIAN_POINT('Origin',(0.,51.8,-20.5));
#5690=CARTESIAN_POINT('Origin',(0.,51.8,-21.));
#5691=CARTESIAN_POINT('',(-3.,51.8,-22.5624));
#5692=CARTESIAN_POINT('Origin',(0.,51.8,-22.5624));
#5693=CARTESIAN_POINT('',(-3.,51.8,-21.));
#5694=CARTESIAN_POINT('Origin',(0.,51.8,-22.5624));
#5695=CARTESIAN_POINT('',(0.,0.,0.));
#5696=CARTESIAN_POINT('',(0.,0.,0.));
#5697=CARTESIAN_POINT('Origin',(0.,55.675,0.));
#5698=CARTESIAN_POINT('',(-37.2142909982292,55.7932312590192,8.87000000000002));
#5699=CARTESIAN_POINT('',(-37.2073326106562,55.8,8.87000000000002));
#5700=CARTESIAN_POINT('Ctrl Pts',(-37.2142909982292,55.7932312590192,8.87000000000002));
#5701=CARTESIAN_POINT('Ctrl Pts',(-37.2108114966321,55.7966159459446,8.87000000000002));
#5702=CARTESIAN_POINT('Ctrl Pts',(-37.2073326106562,55.8,8.87000000000002));
#5703=CARTESIAN_POINT('',(-37.6040223912283,55.8,-7.00000000000002));
#5704=CARTESIAN_POINT('Origin',(0.,55.8,0.));
#5705=CARTESIAN_POINT('',(-37.6082883923719,55.795806036412,-7.00000000000002));
#5706=CARTESIAN_POINT('Ctrl Pts',(-37.6082883923719,55.795806036412,-7.00000000000002));
#5707=CARTESIAN_POINT('Ctrl Pts',(-37.6061552748689,55.7979031371457,-7.00000000000002));
#5708=CARTESIAN_POINT('Ctrl Pts',(-37.6040223912283,55.8,-7.00000000000002));
#5709=CARTESIAN_POINT('',(-37.8120359272697,55.55,-7.24568416609944));
#5710=CARTESIAN_POINT('Ctrl Pts',(-37.8120359272694,55.5500000000003,-7.24568416609912));
#5711=CARTESIAN_POINT('Ctrl Pts',(-37.7098359081111,55.6735666546943,-7.1224486801098));
#5712=CARTESIAN_POINT('Ctrl Pts',(-37.6082883923719,55.795806036412,-6.99999999999999));
#5713=CARTESIAN_POINT('',(-37.5210982445948,55.55,8.62653966080622));
#5714=CARTESIAN_POINT('Origin',(0.,55.55,0.));
#5715=CARTESIAN_POINT('Ctrl Pts',(-37.5210982445948,55.55,8.62653966080622));
#5716=CARTESIAN_POINT('Ctrl Pts',(-37.3672085072178,55.672614913502,8.74865557594209));
#5717=CARTESIAN_POINT('Ctrl Pts',(-37.2142909982292,55.7932312590192,8.87000000000002));
#5718=CARTESIAN_POINT('Origin',(0.,51.8,0.));
#5719=CARTESIAN_POINT('',(-37.8120359272697,78.8537475348979,-7.24568416609945));
#5720=CARTESIAN_POINT('',(-37.8120359272697,51.8,-7.24568416609945));
#5721=CARTESIAN_POINT('',(-37.8582883923719,78.9,-7.00000000000002));
#5722=CARTESIAN_POINT('Origin',(0.,41.0417116076282,0.));
#5723=CARTESIAN_POINT('',(-37.8582883923719,82.15,-7.00000000000002));
#5724=CARTESIAN_POINT('',(-37.8582883923719,55.8,-7.00000000000002));
#5725=CARTESIAN_POINT('',(-37.2427737827585,82.15,-9.75837081516559));
#5726=CARTESIAN_POINT('Origin',(0.,82.15,0.));
#5727=CARTESIAN_POINT('',(-37.2427737827585,55.55,-9.75837081516561));
#5728=CARTESIAN_POINT('',(-37.2427737827585,51.8,-9.75837081516561));
#5729=CARTESIAN_POINT('',(-29.2831005018253,55.55,-24.995));
#5730=CARTESIAN_POINT('Origin',(0.,55.55,0.));
#5731=CARTESIAN_POINT('',(-29.2831005018253,48.05,-24.995));
#5732=CARTESIAN_POINT('',(-29.2831005018253,51.8,-24.995));
#5733=CARTESIAN_POINT('',(-29.2831005018253,48.05,24.995));
#5734=CARTESIAN_POINT('Origin',(0.,48.05,0.));
#5735=CARTESIAN_POINT('',(-29.2831005018253,50.55,24.995));
#5736=CARTESIAN_POINT('',(-29.2831005018253,51.8,24.995));
#5737=CARTESIAN_POINT('',(-37.5210982445948,50.55,8.62653966080622));
#5738=CARTESIAN_POINT('Origin',(0.,50.55,0.));
#5739=CARTESIAN_POINT('',(-37.5210982445948,51.8,8.62653966080622));
#5740=CARTESIAN_POINT('Origin',(13.9272170881751,55.675,-24.87));
#5741=CARTESIAN_POINT('',(-29.1675757477374,55.8,-24.745));
#5742=CARTESIAN_POINT('',(29.1675757477374,55.8,-24.745));
#5743=CARTESIAN_POINT('',(13.9272170881751,55.8,-24.745));
#5744=CARTESIAN_POINT('',(29.2831005018253,55.55,-24.995));
#5745=CARTESIAN_POINT('Ctrl Pts',(29.1675757477374,55.8,-24.745));
#5746=CARTESIAN_POINT('Ctrl Pts',(29.2061527358088,55.7166829158318,-24.8283170841682));
#5747=CARTESIAN_POINT('Ctrl Pts',(29.2446610486283,55.6333488612515,-24.9116511387485));
#5748=CARTESIAN_POINT('Ctrl Pts',(29.2831005018253,55.55,-24.995));
#5749=CARTESIAN_POINT('',(13.9272170881751,55.55,-24.995));
#5750=CARTESIAN_POINT('Ctrl Pts',(-29.2831005018253,55.55,-24.995));
#5751=CARTESIAN_POINT('Ctrl Pts',(-29.2446610486257,55.6333488612571,-24.9116511387429));
#5752=CARTESIAN_POINT('Ctrl Pts',(-29.2061527358075,55.7166829158346,-24.8283170841654));
#5753=CARTESIAN_POINT('Ctrl Pts',(-29.1675757477374,55.8,-24.745));
#5754=CARTESIAN_POINT('Origin',(0.,55.675,0.));
#5755=CARTESIAN_POINT('',(29.1675757477374,55.8,24.745));
#5756=CARTESIAN_POINT('Origin',(0.,55.8,0.));
#5757=CARTESIAN_POINT('',(29.2831005018253,55.55,24.995));
#5758=CARTESIAN_POINT('Ctrl Pts',(29.1675757477374,55.8,24.745));
#5759=CARTESIAN_POINT('Ctrl Pts',(29.2061527358081,55.7166829158333,24.8283170841667));
#5760=CARTESIAN_POINT('Ctrl Pts',(29.2446610486269,55.6333488612547,24.9116511387453));
#5761=CARTESIAN_POINT('Ctrl Pts',(29.2831005018253,55.55,24.995));
#5762=CARTESIAN_POINT('Origin',(0.,55.55,0.));
#5763=CARTESIAN_POINT('Origin',(-15.3558834136501,55.675,24.87));
#5764=CARTESIAN_POINT('',(-24.872282509903,55.8,24.745));
#5765=CARTESIAN_POINT('',(-15.3558834136501,55.8,24.745));
#5766=CARTESIAN_POINT('',(-24.622282509903,55.55,24.995));
#5767=CARTESIAN_POINT('',(-22.8695493271942,53.7972668172912,26.7477331827088));
#5768=CARTESIAN_POINT('',(-15.3558834136501,55.55,24.995));
#5769=CARTESIAN_POINT('Origin',(0.,55.675,0.));
#5770=CARTESIAN_POINT('',(-36.9286228900426,55.7913645230913,-10.));
#5771=CARTESIAN_POINT('Ctrl Pts',(-36.9286228900425,55.7913645230914,-10.0000000000001));
#5772=CARTESIAN_POINT('Ctrl Pts',(-37.0852044188104,55.6717054392342,-9.87956530433767));
#5773=CARTESIAN_POINT('Ctrl Pts',(-37.2427737827572,55.550000000001,-9.75837081516663));
#5774=CARTESIAN_POINT('',(-36.9196763257751,55.8,-10.));
#5775=CARTESIAN_POINT('Ctrl Pts',(-36.9196763257751,55.8,-10.));
#5776=CARTESIAN_POINT('Ctrl Pts',(-36.9241491030126,55.7956827846304,-10.));
#5777=CARTESIAN_POINT('Ctrl Pts',(-36.9286228900426,55.7913645230913,-10.));
#5778=CARTESIAN_POINT('Origin',(0.,55.8,0.));
#5779=CARTESIAN_POINT('Origin',(-1.42866632547503,55.8,30.7871994835009));
#5780=CARTESIAN_POINT('',(-24.872282509903,55.8,8.87000000000002));
#5781=CARTESIAN_POINT('',(-18.5893114450213,55.8,8.87000000000002));
#5782=CARTESIAN_POINT('',(-24.872282509903,55.8,12.4975));
#5783=CARTESIAN_POINT('',(-24.9286228900426,55.8,-10.));
#5784=CARTESIAN_POINT('',(-12.3393114450213,55.8,-10.));
#5785=CARTESIAN_POINT('',(-24.6786228900426,55.8,-9.75000000000003));
#5786=CARTESIAN_POINT('',(-16.133967167532,55.8,-1.20534427748936));
#5787=CARTESIAN_POINT('',(-24.6786228900426,55.8,-8.945841058898));
#5788=CARTESIAN_POINT('',(-24.6786228900426,55.8,-4.09162474608391));
#5789=CARTESIAN_POINT('',(-12.1955924415339,55.8,-23.245));
#5790=CARTESIAN_POINT('Origin',(0.,55.8,0.));
#5791=CARTESIAN_POINT('',(12.195592441534,55.8,-23.245));
#5792=CARTESIAN_POINT('',(-6.78125114059086,55.8,-23.245));
#5793=CARTESIAN_POINT('',(12.195592441534,55.8,23.245));
#5794=CARTESIAN_POINT('Origin',(0.,55.8,0.));
#5795=CARTESIAN_POINT('',(-12.1955924415339,55.8,23.245));
#5796=CARTESIAN_POINT('',(5.35258481511582,55.8,23.245));
#5797=CARTESIAN_POINT('',(-25.2994565159016,55.8,-7.0000000000001));
#5798=CARTESIAN_POINT('Origin',(0.,55.8,0.));
#5799=CARTESIAN_POINT('',(-18.929144196186,55.8,-7.00000000000014));
#5800=CARTESIAN_POINT('Origin',(0.,55.675,0.));
#5801=CARTESIAN_POINT('',(-12.1338359557067,55.55,22.995));
#5802=CARTESIAN_POINT('',(-24.9715035937647,55.55,-7.24044254632258));
#5803=CARTESIAN_POINT('Origin',(0.,55.55,0.));
#5804=CARTESIAN_POINT('',(-25.2899680510978,55.7908552456956,-7.0000000000001));
#5805=CARTESIAN_POINT('Ctrl Pts',(-25.2899680510978,55.7908552456956,-7.00000000000011));
#5806=CARTESIAN_POINT('Ctrl Pts',(-25.1300016859491,55.6689036027286,-7.12077555054162));
#5807=CARTESIAN_POINT('Ctrl Pts',(-24.9715035937595,55.5499999999961,-7.24044254632651));
#5808=CARTESIAN_POINT('Ctrl Pts',(-25.2994565159,55.7999999999984,-7.0000000000001));
#5809=CARTESIAN_POINT('Ctrl Pts',(-25.2947114569762,55.7954267652591,-7.0000000000001));
#5810=CARTESIAN_POINT('Ctrl Pts',(-25.2899680510961,55.7908552456939,-7.0000000000001));
#5811=CARTESIAN_POINT('Ctrl Pts',(-12.1955924415339,55.8,23.245));
#5812=CARTESIAN_POINT('Ctrl Pts',(-12.1750576835574,55.7166610518579,23.1616610518579));
#5813=CARTESIAN_POINT('Ctrl Pts',(-12.1544721257542,55.6333264233314,23.0783264233314));
#5814=CARTESIAN_POINT('Ctrl Pts',(-12.1338359557067,55.55,22.995));
#5815=CARTESIAN_POINT('Origin',(5.35258481511582,55.675,23.12));
#5816=CARTESIAN_POINT('',(12.1338359557067,55.55,22.995));
#5817=CARTESIAN_POINT('Ctrl Pts',(12.195592441534,55.8,23.245));
#5818=CARTESIAN_POINT('Ctrl Pts',(12.1750576835527,55.7166610518386,23.1616610518386));
#5819=CARTESIAN_POINT('Ctrl Pts',(12.1544721257518,55.6333264233219,23.0783264233219));
#5820=CARTESIAN_POINT('Ctrl Pts',(12.1338359557067,55.55,22.995));
#5821=CARTESIAN_POINT('',(5.35258481511582,55.55,22.995));
#5822=CARTESIAN_POINT('Origin',(0.,55.675,0.));
#5823=CARTESIAN_POINT('',(12.1338359557067,55.55,-22.995));
#5824=CARTESIAN_POINT('Origin',(0.,55.55,0.));
#5825=CARTESIAN_POINT('Ctrl Pts',(12.195592441534,55.8,-23.245));
#5826=CARTESIAN_POINT('Ctrl Pts',(12.1750576835481,55.7166610518199,-23.1616610518199));
#5827=CARTESIAN_POINT('Ctrl Pts',(12.1544721257495,55.6333264233126,-23.0783264233126));
#5828=CARTESIAN_POINT('Ctrl Pts',(12.1338359557067,55.55,-22.995));
#5829=CARTESIAN_POINT('Origin',(-6.78125114059086,55.675,-23.12));
#5830=CARTESIAN_POINT('',(-12.1338359557067,55.55,-22.995));
#5831=CARTESIAN_POINT('',(-6.78125114059086,55.55,-22.995));
#5832=CARTESIAN_POINT('Ctrl Pts',(-12.195592441534,55.8,-23.245));
#5833=CARTESIAN_POINT('Ctrl Pts',(-12.175057683557,55.7166610518562,-23.1616610518562));
#5834=CARTESIAN_POINT('Ctrl Pts',(-12.154472125754,55.6333264233305,-23.0783264233305));
#5835=CARTESIAN_POINT('Ctrl Pts',(-12.1338359557067,55.55,-22.995));
#5836=CARTESIAN_POINT('Origin',(0.,55.675,0.));
#5837=CARTESIAN_POINT('',(-24.6786228900426,55.55,-8.18324949216785));
#5838=CARTESIAN_POINT('Ctrl Pts',(-24.6786228900426,55.55,-8.18324949216787));
#5839=CARTESIAN_POINT('Ctrl Pts',(-24.6786228900426,55.6694349674863,-8.56272089379343));
#5840=CARTESIAN_POINT('Ctrl Pts',(-24.6786228900426,55.8,-8.94584105889796));
#5841=CARTESIAN_POINT('Origin',(0.,55.55,0.));
#5842=CARTESIAN_POINT('Origin',(12.1338359557067,51.8,22.995));
#5843=CARTESIAN_POINT('',(12.1338359557067,48.05,22.995));
#5844=CARTESIAN_POINT('',(12.1338359557067,51.8,22.995));
#5845=CARTESIAN_POINT('',(-12.1338359557067,48.05,22.995));
#5846=CARTESIAN_POINT('',(6.06691797785333,48.05,22.995));
#5847=CARTESIAN_POINT('',(-12.1338359557067,51.8,22.995));
#5848=CARTESIAN_POINT('',(1.59384999999999,51.8,22.995));
#5849=CARTESIAN_POINT('Origin',(-6.66133814775094E-15,51.8,22.995));
#5850=CARTESIAN_POINT('Origin',(0.,51.8,0.));
#5851=CARTESIAN_POINT('',(12.1338359557067,48.05,-22.995));
#5852=CARTESIAN_POINT('',(12.1338359557067,51.8,-22.995));
#5853=CARTESIAN_POINT('Origin',(0.,48.05,0.));
#5854=CARTESIAN_POINT('Origin',(-12.1338359557067,51.8,-22.995));
#5855=CARTESIAN_POINT('',(-12.1338359557067,48.05,-22.995));
#5856=CARTESIAN_POINT('',(-12.1338359557067,51.8,-22.995));
#5857=CARTESIAN_POINT('',(-6.06691797785334,48.05,-22.995));
#5858=CARTESIAN_POINT('',(1.59384999999999,51.8,-22.995));
#5859=CARTESIAN_POINT('Origin',(-6.66133814775094E-15,51.8,-22.995));
#5860=CARTESIAN_POINT('Origin',(0.,51.8,0.));
#5861=CARTESIAN_POINT('',(-24.9715035937647,82.15,-7.24044254632258));
#5862=CARTESIAN_POINT('',(-24.9715035937647,51.8,-7.24044254632258));
#5863=CARTESIAN_POINT('Origin',(0.,48.05,0.));
#5864=CARTESIAN_POINT('',(-24.6786228900426,82.15,-8.18324949216782));
#5865=CARTESIAN_POINT('',(-24.6786228900426,55.8,-8.18324949216782));
#5866=CARTESIAN_POINT('Origin',(0.,82.15,0.));
#5867=CARTESIAN_POINT('Origin',(29.2831005018253,51.8,-24.995));
#5868=CARTESIAN_POINT('',(29.2831005018253,48.05,-24.995));
#5869=CARTESIAN_POINT('',(29.2831005018253,51.8,-24.995));
#5870=CARTESIAN_POINT('',(14.6415502509126,48.05,-24.995));
#5871=CARTESIAN_POINT('',(1.59384999999999,51.8,-24.995));
#5872=CARTESIAN_POINT('Origin',(-6.66133814775094E-15,51.8,-24.995));
#5873=CARTESIAN_POINT('Origin',(-24.747282509903,53.8,24.87));
#5874=CARTESIAN_POINT('',(-24.872282509903,50.8,24.745));
#5875=CARTESIAN_POINT('',(-24.872282509903,53.8,24.745));
#5876=CARTESIAN_POINT('',(-24.622282509903,50.55,24.995));
#5877=CARTESIAN_POINT('',(-24.872282509903,50.8,24.745));
#5878=CARTESIAN_POINT('',(-24.622282509903,53.8,24.995));
#5879=CARTESIAN_POINT('Origin',(-29.2831005018253,51.8,24.995));
#5880=CARTESIAN_POINT('',(-27.0776915058641,50.55,24.995));
#5881=CARTESIAN_POINT('',(29.2831005018253,48.05,24.995));
#5882=CARTESIAN_POINT('',(-14.6415502509126,48.05,24.995));
#5883=CARTESIAN_POINT('',(29.2831005018253,51.8,24.995));
#5884=CARTESIAN_POINT('',(1.59384999999999,51.8,24.995));
#5885=CARTESIAN_POINT('Origin',(-6.66133814775094E-15,51.8,24.995));
#5886=CARTESIAN_POINT('Origin',(-31.0254526999728,53.3,8.87000000000002));
#5887=CARTESIAN_POINT('',(-37.2142909982292,50.7932312590192,8.87000000000002));
#5888=CARTESIAN_POINT('',(-37.2142909982292,51.8,8.87000000000002));
#5889=CARTESIAN_POINT('',(-37.2073326106562,50.8,8.87000000000002));
#5890=CARTESIAN_POINT('Ctrl Pts',(-37.207332610655,50.8000000000011,8.87000000000002));
#5891=CARTESIAN_POINT('Ctrl Pts',(-37.2108114966288,50.7966159459478,8.87000000000002));
#5892=CARTESIAN_POINT('Ctrl Pts',(-37.2142909982281,50.7932312590203,8.87000000000002));
#5893=CARTESIAN_POINT('',(-24.872282509903,50.8,8.87000000000002));
#5894=CARTESIAN_POINT('',(-37.1786228900426,50.8,8.87000000000002));
#5895=CARTESIAN_POINT('',(-24.872282509903,55.8,8.87000000000002));
#5896=CARTESIAN_POINT('',(-32.0754526999728,53.5,8.87000000000002));
#5897=CARTESIAN_POINT('Origin',(-31.0254526999728,53.5,8.87000000000002));
#5898=CARTESIAN_POINT('Origin',(-24.6786228900426,55.8,-10.));
#5899=CARTESIAN_POINT('',(-36.9286228900426,82.15,-10.));
#5900=CARTESIAN_POINT('',(-36.9286228900426,51.8,-10.));
#5901=CARTESIAN_POINT('',(-24.9286228900426,82.15,-10.));
#5902=CARTESIAN_POINT('',(-27.9735392656249,82.15,-10.));
#5903=CARTESIAN_POINT('',(-24.9286228900426,55.8,-10.));
#5904=CARTESIAN_POINT('Origin',(-24.6786228900426,55.8,-8.18324949216782));
#5905=CARTESIAN_POINT('',(-24.6786228900426,82.15,-9.75000000000003));
#5906=CARTESIAN_POINT('',(-24.6786228900426,55.8,-9.75000000000003));
#5907=CARTESIAN_POINT('',(-24.6786228900426,82.15,-8.34162474608392));
#5908=CARTESIAN_POINT('Origin',(-37.7101621598208,51.8,-7.12284208304974));
#5909=CARTESIAN_POINT('',(-37.6082883923718,78.65,-7.00000000000002));
#5910=CARTESIAN_POINT('',(-37.6082883923719,53.8,-7.00000000000002));
#5911=CARTESIAN_POINT('',(-33.7938895644333,74.8356011720615,-2.40049701370546));
#5912=CARTESIAN_POINT('Origin',(-37.8582883923719,55.8,-7.00000000000002));
#5913=CARTESIAN_POINT('',(-25.2899680510978,78.65,-7.0000000000001));
#5914=CARTESIAN_POINT('',(-25.2899680510978,53.8,-7.0000000000001));
#5915=CARTESIAN_POINT('',(-27.4492883923719,78.65,-7.00000005765528));
#5916=CARTESIAN_POINT('',(-37.8582883923719,78.65,-7.00000000000002));
#5917=CARTESIAN_POINT('',(-27.4492883923719,82.4,-7.00000005765528));
#5918=CARTESIAN_POINT('',(-27.4492883923719,82.4,-7.00000005765528));
#5919=CARTESIAN_POINT('',(-35.4492883923719,82.4,-7.00000005765528));
#5920=CARTESIAN_POINT('',(-33.3588720167896,82.4,-7.00000005765528));
#5921=CARTESIAN_POINT('',(-35.4492883923719,78.65,-7.00000005765528));
#5922=CARTESIAN_POINT('',(-35.4492883923719,82.4,-7.00000005765528));
#5923=CARTESIAN_POINT('',(-37.8582883923719,78.65,-7.00000000000002));
#5924=CARTESIAN_POINT('Origin',(-25.1307358224312,51.8,-7.12022127316134));
#5925=CARTESIAN_POINT('',(-25.0399680510978,82.2014519325309,-7.18875147664526));
#5926=CARTESIAN_POINT('Ctrl Pts',(-24.9715035937647,82.15,-7.24044254632258));
#5927=CARTESIAN_POINT('Ctrl Pts',(-25.0057019844833,82.175655273246,-7.21462255933446));
#5928=CARTESIAN_POINT('Ctrl Pts',(-25.0399680510978,82.2014519325309,-7.18875147664526));
#5929=CARTESIAN_POINT('',(-25.0399680510978,78.9,-7.18875147664526));
#5930=CARTESIAN_POINT('',(-25.0399680510978,65.225,-7.18875147664526));
#5931=CARTESIAN_POINT('',(-30.4163595367296,73.523608514368,-3.12954414890418));
#5932=CARTESIAN_POINT('Origin',(0.,47.925,0.));
#5933=CARTESIAN_POINT('',(12.1955924415339,47.8,-23.245));
#5934=CARTESIAN_POINT('',(12.195592441534,47.8,23.245));
#5935=CARTESIAN_POINT('Origin',(0.,47.8,0.));
#5936=CARTESIAN_POINT('Ctrl Pts',(12.195592441534,47.8,23.245));
#5937=CARTESIAN_POINT('Ctrl Pts',(12.175057683555,47.8833389481521,23.1616610518479));
#5938=CARTESIAN_POINT('Ctrl Pts',(12.154472125753,47.9666735766736,23.0783264233263));
#5939=CARTESIAN_POINT('Ctrl Pts',(12.1338359557067,48.05,22.995));
#5940=CARTESIAN_POINT('Ctrl Pts',(12.1955924415339,47.8,-23.245));
#5941=CARTESIAN_POINT('Ctrl Pts',(12.1750576835578,47.8833389481407,-23.1616610518592));
#5942=CARTESIAN_POINT('Ctrl Pts',(12.1544721257544,47.966673576668,-23.078326423332));
#5943=CARTESIAN_POINT('Ctrl Pts',(12.1338359557067,48.05,-22.995));
#5944=CARTESIAN_POINT('Origin',(6.06691797785333,47.925,23.12));
#5945=CARTESIAN_POINT('',(-12.1955924415339,47.8,23.245));
#5946=CARTESIAN_POINT('',(6.06691797785333,47.8,23.245));
#5947=CARTESIAN_POINT('Ctrl Pts',(-12.1955924415339,47.8,23.245));
#5948=CARTESIAN_POINT('Ctrl Pts',(-12.1750576835572,47.883338948143,23.161661051857));
#5949=CARTESIAN_POINT('Ctrl Pts',(-12.1544721257541,47.9666735766691,23.0783264233309));
#5950=CARTESIAN_POINT('Ctrl Pts',(-12.1338359557067,48.05,22.995));
#5951=CARTESIAN_POINT('Origin',(0.,47.925,0.));
#5952=CARTESIAN_POINT('',(-12.195592441534,47.8,-23.245));
#5953=CARTESIAN_POINT('Origin',(0.,47.8,0.));
#5954=CARTESIAN_POINT('Ctrl Pts',(-12.195592441534,47.8,-23.245));
#5955=CARTESIAN_POINT('Ctrl Pts',(-12.1750576835553,47.8833389481507,-23.1616610518493));
#5956=CARTESIAN_POINT('Ctrl Pts',(-12.1544721257531,47.9666735766729,-23.0783264233271));
#5957=CARTESIAN_POINT('Ctrl Pts',(-12.1338359557067,48.05,-22.995));
#5958=CARTESIAN_POINT('Origin',(-6.06691797785334,47.925,-23.12));
#5959=CARTESIAN_POINT('',(-6.06691797785334,47.8,-23.245));
#5960=CARTESIAN_POINT('Origin',(0.,47.8,8.88178419700125E-15));
#5961=CARTESIAN_POINT('',(29.1675757477374,47.8,24.745));
#5962=CARTESIAN_POINT('',(29.1675757477374,47.8,-24.745));
#5963=CARTESIAN_POINT('Origin',(0.,47.8,0.));
#5964=CARTESIAN_POINT('',(-29.1675757477374,47.8,24.745));
#5965=CARTESIAN_POINT('',(-14.6415502509126,47.8,24.745));
#5966=CARTESIAN_POINT('',(-29.1675757477374,47.8,-24.745));
#5967=CARTESIAN_POINT('Origin',(0.,47.8,0.));
#5968=CARTESIAN_POINT('',(14.6415502509126,47.8,-24.745));
#5969=CARTESIAN_POINT('Origin',(0.,47.925,0.));
#5970=CARTESIAN_POINT('Ctrl Pts',(29.1675757477374,47.8,-24.745));
#5971=CARTESIAN_POINT('Ctrl Pts',(29.2061527358057,47.8833170841615,-24.8283170841615));
#5972=CARTESIAN_POINT('Ctrl Pts',(29.2446610486221,47.9666511387349,-24.9116511387349));
#5973=CARTESIAN_POINT('Ctrl Pts',(29.2831005018253,48.05,-24.995));
#5974=CARTESIAN_POINT('Origin',(0.,48.05,0.));
#5975=CARTESIAN_POINT('Ctrl Pts',(29.1675757477374,47.8,24.745));
#5976=CARTESIAN_POINT('Ctrl Pts',(29.206152735808,47.8833170841664,24.8283170841665));
#5977=CARTESIAN_POINT('Ctrl Pts',(29.2446610486267,47.9666511387449,24.911651138745));
#5978=CARTESIAN_POINT('Ctrl Pts',(29.2831005018253,48.05,24.995));
#5979=CARTESIAN_POINT('Origin',(14.6415502509126,47.925,-24.87));
#5980=CARTESIAN_POINT('Ctrl Pts',(-29.1675757477374,47.8,-24.745));
#5981=CARTESIAN_POINT('Ctrl Pts',(-29.2061527358071,47.8833170841646,-24.8283170841646));
#5982=CARTESIAN_POINT('Ctrl Pts',(-29.244661048625,47.9666511387412,-24.9116511387413));
#5983=CARTESIAN_POINT('Ctrl Pts',(-29.2831005018253,48.05,-24.995));
#5984=CARTESIAN_POINT('Origin',(0.,47.925,0.));
#5985=CARTESIAN_POINT('Ctrl Pts',(-29.1675757477374,47.8,24.745));
#5986=CARTESIAN_POINT('Ctrl Pts',(-29.2061527358089,47.8833170841685,24.8283170841685));
#5987=CARTESIAN_POINT('Ctrl Pts',(-29.2446610486286,47.966651138749,24.911651138749));
#5988=CARTESIAN_POINT('Ctrl Pts',(-29.2831005018253,48.05,24.995));
#5989=CARTESIAN_POINT('Origin',(-14.6415502509126,47.925,24.87));
#5990=CARTESIAN_POINT('Origin',(0.,51.8,0.));
#5991=CARTESIAN_POINT('Origin',(-27.0776915058641,50.675,24.87));
#5992=CARTESIAN_POINT('',(-29.1675757477374,50.8,24.745));
#5993=CARTESIAN_POINT('',(-27.0776915058641,50.8,24.745));
#5994=CARTESIAN_POINT('Ctrl Pts',(-29.1675757477374,50.8,24.745));
#5995=CARTESIAN_POINT('Ctrl Pts',(-29.2061527358076,50.7166829158342,24.8283170841658));
#5996=CARTESIAN_POINT('Ctrl Pts',(-29.244661048626,50.6333488612565,24.9116511387435));
#5997=CARTESIAN_POINT('Ctrl Pts',(-29.2831005018253,50.55,24.995));
#5998=CARTESIAN_POINT('Origin',(0.,50.675,0.));
#5999=CARTESIAN_POINT('Origin',(0.,50.8,0.));
#6000=CARTESIAN_POINT('Ctrl Pts',(-37.2142909982292,50.7932312590192,8.87000000000002));
#6001=CARTESIAN_POINT('Ctrl Pts',(-37.3167024195275,50.712452468821,8.78873360338796));
#6002=CARTESIAN_POINT('Ctrl Pts',(-37.418974216196,50.6313694865039,8.70757800291954));
#6003=CARTESIAN_POINT('Ctrl Pts',(-37.5210982445948,50.55,8.62653966080622));
#6004=CARTESIAN_POINT('Origin',(-37.367694621412,51.8,8.74826983040312));
#6005=CARTESIAN_POINT('Origin',(0.,82.275,0.));
#6006=CARTESIAN_POINT('',(-25.0399680510978,82.15,-7.00000000000002));
#6007=CARTESIAN_POINT('Ctrl Pts',(-25.0399680510978,82.2014519325309,-7.18875147664526));
#6008=CARTESIAN_POINT('Ctrl Pts',(-25.0399680510978,82.1753837364274,-7.09428244958734));
#6009=CARTESIAN_POINT('Ctrl Pts',(-25.0399680510978,82.15,-7.00000000000002));
#6010=CARTESIAN_POINT('',(-24.9286228900426,82.4,-8.22351876060633));
#6011=CARTESIAN_POINT('Ctrl Pts',(-24.9286228900426,82.4,-8.22351876060633));
#6012=CARTESIAN_POINT('Ctrl Pts',(-24.8452875556634,82.3166646656208,-8.21012821496462));
#6013=CARTESIAN_POINT('Ctrl Pts',(-24.7619529862736,82.233330096231,-8.19670508604108));
#6014=CARTESIAN_POINT('Ctrl Pts',(-24.6786228900426,82.15,-8.18324949216782));
#6015=CARTESIAN_POINT('',(-25.2899680510978,82.4,-7.03420329351192));
#6016=CARTESIAN_POINT('Origin',(0.,82.4,0.));
#6017=CARTESIAN_POINT('Ctrl Pts',(-25.2899680510978,82.4,-7.03420329351193));
#6018=CARTESIAN_POINT('Ctrl Pts',(-25.206633446475,82.3166653953772,-7.02282974066611));
#6019=CARTESIAN_POINT('Ctrl Pts',(-25.1232988894628,82.233330838365,-7.0114286095942));
#6020=CARTESIAN_POINT('Ctrl Pts',(-25.0399680510978,82.15,-7.00000000000003));
#6021=CARTESIAN_POINT('Origin',(-24.9286228900426,82.15,-10.));
#6022=CARTESIAN_POINT('',(-24.9286228900426,82.4,-9.75000000000003));
#6023=CARTESIAN_POINT('',(-24.6786228900426,82.15,-9.75000000000003));
#6024=CARTESIAN_POINT('',(-24.9286228900426,82.15,-10.));
#6025=CARTESIAN_POINT('',(-24.9286228900426,82.4,-9.75000000000003));
#6026=CARTESIAN_POINT('Origin',(-24.8036228900426,55.8,-9.87500000000003));
#6027=CARTESIAN_POINT('Origin',(-36.9286228900426,82.15,-10.));
#6028=CARTESIAN_POINT('',(-36.9864840178139,82.4,-9.75000000000003));
#6029=CARTESIAN_POINT('',(-36.9286228900426,82.15,-10.));
#6030=CARTESIAN_POINT('',(-37.2427737827585,82.15,-9.75837081516559));
#6031=CARTESIAN_POINT('Ctrl Pts',(-37.2427737827585,82.15,-9.75837081516561));
#6032=CARTESIAN_POINT('Ctrl Pts',(-37.1141157685579,82.2755273404673,-9.75414661723731));
#6033=CARTESIAN_POINT('Ctrl Pts',(-36.9864840178138,82.4,-9.75000000000004));
#6034=CARTESIAN_POINT('Origin',(-37.0856983364006,51.8,-9.87918540758281));
#6035=CARTESIAN_POINT('Origin',(-24.8036228900426,82.275,-8.34162474608392));
#6036=CARTESIAN_POINT('',(-24.9286228900426,82.4,-8.34162474608392));
#6037=CARTESIAN_POINT('Origin',(-37.8582883923718,82.15,8.74999999999994));
#6038=CARTESIAN_POINT('',(-37.6082883923718,82.4,8.74999999999994));
#6039=CARTESIAN_POINT('',(-37.6082883923718,82.15,8.99999999999994));
#6040=CARTESIAN_POINT('',(-37.6082883923718,82.4,8.74999999999994));
#6041=CARTESIAN_POINT('',(-37.8582883923718,82.15,8.74999999999994));
#6042=CARTESIAN_POINT('',(-37.8582883923718,82.15,8.74999999999994));
#6043=CARTESIAN_POINT('',(-37.6082883923718,82.15,8.99999999999994));
#6044=CARTESIAN_POINT('Origin',(-37.7332883923718,82.275,-7.75000000000004));
#6045=CARTESIAN_POINT('',(-37.8582883923718,82.15,-7.75000000000004));
#6046=CARTESIAN_POINT('',(-37.6082883923718,82.4,-6.97704408730445));
#6047=CARTESIAN_POINT('',(-37.6082883923718,82.4,-7.75000000000004));
#6048=CARTESIAN_POINT('Ctrl Pts',(-37.6082883923718,82.4,-6.97704408730445));
#6049=CARTESIAN_POINT('Ctrl Pts',(-37.6916208723583,82.3166675200135,-6.9847085679972));
#6050=CARTESIAN_POINT('Ctrl Pts',(-37.7749547656569,82.2333336267149,-6.9923605492045));
#6051=CARTESIAN_POINT('Ctrl Pts',(-37.8582883923719,82.15,-7.00000000000002));
#6052=CARTESIAN_POINT('Origin',(-25.2899680510978,82.4,8.74999999999994));
#6053=CARTESIAN_POINT('',(-25.0399680510978,82.15,8.74999999999994));
#6054=CARTESIAN_POINT('',(-25.2899680510978,82.15,8.99999999999994));
#6055=CARTESIAN_POINT('',(-25.0399680510978,82.15,8.74999999999994));
#6056=CARTESIAN_POINT('',(-25.2899680510978,82.4,8.74999999999994));
#6057=CARTESIAN_POINT('',(-25.2899680510978,82.4,8.74999999999994));
#6058=CARTESIAN_POINT('',(-25.2899680510978,82.15,8.99999999999994));
#6059=CARTESIAN_POINT('Origin',(-25.1649680510978,82.275,-7.75000000000004));
#6060=CARTESIAN_POINT('',(-25.2899680510978,82.4,-7.75000000000004));
#6061=CARTESIAN_POINT('',(-25.0399680510978,82.15,-7.75000000000004));
#6062=CARTESIAN_POINT('Origin',(-31.358791931471,82.275,8.87499999999994));
#6063=CARTESIAN_POINT('',(-31.358791931471,82.15,8.99999999999994));
#6064=CARTESIAN_POINT('',(-31.358791931471,82.4,8.74999999999994));
#6065=CARTESIAN_POINT('Origin',(-37.6082883923718,78.65,8.74999999999994));
#6066=CARTESIAN_POINT('',(-37.8582883923718,78.9,8.74999999999994));
#6067=CARTESIAN_POINT('',(-37.6082883923718,78.9,8.99999999999994));
#6068=CARTESIAN_POINT('',(-37.8582883923718,78.9,8.74999999999994));
#6069=CARTESIAN_POINT('',(-37.6082883923718,78.65,8.74999999999994));
#6070=CARTESIAN_POINT('',(-37.6082883923718,78.65,8.74999999999994));
#6071=CARTESIAN_POINT('',(-37.6082883923718,78.9,8.99999999999994));
#6072=CARTESIAN_POINT('Origin',(-37.7332883923718,78.775,-7.00000000000006));
#6073=CARTESIAN_POINT('',(-37.6082883923718,78.65,-7.00000000000006));
#6074=CARTESIAN_POINT('',(-37.8582883923718,78.9,-7.00000000000006));
#6075=CARTESIAN_POINT('Origin',(-25.0399680510978,78.9,8.74999999999994));
#6076=CARTESIAN_POINT('',(-25.2899680510978,78.65,8.74999999999994));
#6077=CARTESIAN_POINT('',(-25.2899680510978,78.9,8.99999999999994));
#6078=CARTESIAN_POINT('',(-25.2899680510978,78.65,8.74999999999994));
#6079=CARTESIAN_POINT('',(-25.0399680510978,78.9,8.74999999999994));
#6080=CARTESIAN_POINT('',(-25.0399680510978,78.9,8.74999999999994));
#6081=CARTESIAN_POINT('',(-25.2899680510978,78.9,8.99999999999994));
#6082=CARTESIAN_POINT('Origin',(-25.1649680510978,78.775,-7.00000000000006));
#6083=CARTESIAN_POINT('',(-25.0399680510978,78.9,-7.00000000000006));
#6084=CARTESIAN_POINT('',(-25.2899680510978,78.65,-7.00000000000006));
#6085=CARTESIAN_POINT('Origin',(-25.1649680510978,79.5875,8.87499999999994));
#6086=CARTESIAN_POINT('',(-25.2899680510978,79.5875,8.99999999999994));
#6087=CARTESIAN_POINT('',(-25.0399680510978,79.5875,8.74999999999994));
#6088=CARTESIAN_POINT('Origin',(-34.6537083070533,78.775,8.87499999999994));
#6089=CARTESIAN_POINT('',(-34.6537083070533,78.9,8.99999999999994));
#6090=CARTESIAN_POINT('',(-34.6537083070533,78.65,8.74999999999994));
#6091=CARTESIAN_POINT('Origin',(-37.7332883923718,81.4625,8.87499999999994));
#6092=CARTESIAN_POINT('',(-37.6082883923718,81.4625,8.99999999999994));
#6093=CARTESIAN_POINT('',(-37.8582883923718,81.4625,8.74999999999994));
#6094=CARTESIAN_POINT('Origin',(0.,82.275,0.));
#6095=CARTESIAN_POINT('Origin',(0.,82.4,0.));
#6096=CARTESIAN_POINT('Origin',(-27.9735392656249,82.275,-9.87500000000003));
#6097=CARTESIAN_POINT('',(-27.9735392656249,82.4,-9.75000000000003));
#6098=CARTESIAN_POINT('Origin',(-25.0399680510978,78.65,-7.00000000000006));
#6099=CARTESIAN_POINT('Origin',(-31.2684556412072,82.4,-8.50000000000002));
#6100=CARTESIAN_POINT('',(-27.4492883923719,82.4,-4.00000005765528));
#6101=CARTESIAN_POINT('',(-27.4492883923719,82.4,-7.75000002882765));
#6102=CARTESIAN_POINT('',(-35.4492883923719,82.4,-4.00000005765528));
#6103=CARTESIAN_POINT('',(-29.3588720167896,82.4,-4.00000005765528));
#6104=CARTESIAN_POINT('',(-35.4492883923719,82.4,-6.25000002882765));
#6105=CARTESIAN_POINT('Origin',(-31.4491282217348,80.525,8.99999999999994));
#6106=CARTESIAN_POINT('',(-32.4991282217348,80.95,8.99999999999994));
#6107=CARTESIAN_POINT('Origin',(-31.4491282217348,80.95,8.99999999999994));
#6108=CARTESIAN_POINT('Origin',(-27.4492883923719,82.4,-7.00000005765528));
#6109=CARTESIAN_POINT('',(-27.4492883923719,78.65,-4.00000005765528));
#6110=CARTESIAN_POINT('',(-27.4492883923719,78.65,-7.00000002882767));
#6111=CARTESIAN_POINT('',(-27.4492883923719,82.4,-4.00000005765528));
#6112=CARTESIAN_POINT('Origin',(-35.4492883923719,82.4,-4.00000005765528));
#6113=CARTESIAN_POINT('',(-35.4492883923719,78.65,-4.00000005765528));
#6114=CARTESIAN_POINT('',(-35.4492883923719,82.4,-4.00000005765528));
#6115=CARTESIAN_POINT('',(-35.4492883923719,78.65,-5.50000002882767));
#6116=CARTESIAN_POINT('Origin',(-27.4492883923719,82.4,-4.00000005765528));
#6117=CARTESIAN_POINT('',(-32.6537883923719,78.65,-4.00000005765528));
#6118=CARTESIAN_POINT('Origin',(-37.8582883923718,78.65,-7.00000000000006));
#6119=CARTESIAN_POINT('Origin',(-31.4491282217348,80.95,8.99999999999994));
#6120=CARTESIAN_POINT('',(-32.4991282217348,80.95,3.99999999999994));
#6121=CARTESIAN_POINT('',(-32.4991282217348,80.95,8.99999999999994));
#6122=CARTESIAN_POINT('Origin',(-31.4491282217348,80.95,3.99999999999994));
#6123=CARTESIAN_POINT('Origin',(-31.4491282217348,80.95,3.99999999999994));
#6124=CARTESIAN_POINT('Origin',(-37.8582883923718,82.4,-7.00000000000006));
#6125=CARTESIAN_POINT('Origin',(-31.0254526999728,53.5,8.87000000000002));
#6126=CARTESIAN_POINT('',(-32.0754526999728,53.5,3.87000000000002));
#6127=CARTESIAN_POINT('',(-32.0754526999728,53.5,8.87000000000002));
#6128=CARTESIAN_POINT('Origin',(-31.0254526999728,53.5,3.87000000000002));
#6129=CARTESIAN_POINT('Origin',(-31.0254526999728,53.5,3.87000000000002));
#6130=CARTESIAN_POINT('Origin',(-24.872282509903,55.8,24.995));
#6131=CARTESIAN_POINT('',(-24.872282509903,50.8,24.995));
#6132=CARTESIAN_POINT('Origin',(-24.872282509903,50.8,24.995));
#6133=CARTESIAN_POINT('Origin',(-6.66133814775094E-15,51.8,24.995));
#6134=CARTESIAN_POINT('',(1.59384999999999,51.8,24.995));
#6135=CARTESIAN_POINT('Origin',(-6.66133814775094E-15,51.8,-24.995));
#6136=CARTESIAN_POINT('',(1.59384999999999,51.8,-24.995));
#6137=CARTESIAN_POINT('',(0.,25.,0.));
#6138=CARTESIAN_POINT('',(0.,25.,0.));
#6139=CARTESIAN_POINT('',(0.,25.,0.));
#6140=UNCERTAINTY_MEASURE_WITH_UNIT(LENGTH_MEASURE(0.01),#6152,
'DISTANCE_ACCURACY_VALUE',
'Maximum model space distance between geometric entities at asserted c
onnectivities');
#6141=UNCERTAINTY_MEASURE_WITH_UNIT(LENGTH_MEASURE(0.01),#6152,
'DISTANCE_ACCURACY_VALUE',
'Maximum model space distance between geometric entities at asserted c
onnectivities');
#6142=UNCERTAINTY_MEASURE_WITH_UNIT(LENGTH_MEASURE(0.01),#6152,
'DISTANCE_ACCURACY_VALUE',
'Maximum model space distance between geometric entities at asserted c
onnectivities');
#6143=UNCERTAINTY_MEASURE_WITH_UNIT(LENGTH_MEASURE(0.01),#6152,
'DISTANCE_ACCURACY_VALUE',
'Maximum model space distance between geometric entities at asserted c
onnectivities');
#6144=UNCERTAINTY_MEASURE_WITH_UNIT(LENGTH_MEASURE(0.01),#6152,
'DISTANCE_ACCURACY_VALUE',
'Maximum model space distance between geometric entities at asserted c
onnectivities');
#6145=UNCERTAINTY_MEASURE_WITH_UNIT(LENGTH_MEASURE(0.01),#6152,
'DISTANCE_ACCURACY_VALUE',
'Maximum model space distance between geometric entities at asserted c
onnectivities');
#6146=(
GEOMETRIC_REPRESENTATION_CONTEXT(3)
GLOBAL_UNCERTAINTY_ASSIGNED_CONTEXT((#6140))
GLOBAL_UNIT_ASSIGNED_CONTEXT((#6152,#6154,#6155))
REPRESENTATION_CONTEXT('','3D')
);
#6147=(
GEOMETRIC_REPRESENTATION_CONTEXT(3)
GLOBAL_UNCERTAINTY_ASSIGNED_CONTEXT((#6141))
GLOBAL_UNIT_ASSIGNED_CONTEXT((#6152,#6154,#6155))
REPRESENTATION_CONTEXT('','3D')
);
#6148=(
GEOMETRIC_REPRESENTATION_CONTEXT(3)
GLOBAL_UNCERTAINTY_ASSIGNED_CONTEXT((#6142))
GLOBAL_UNIT_ASSIGNED_CONTEXT((#6152,#6154,#6155))
REPRESENTATION_CONTEXT('','3D')
);
#6149=(
GEOMETRIC_REPRESENTATION_CONTEXT(3)
GLOBAL_UNCERTAINTY_ASSIGNED_CONTEXT((#6143))
GLOBAL_UNIT_ASSIGNED_CONTEXT((#6152,#6154,#6155))
REPRESENTATION_CONTEXT('','3D')
);
#6150=(
GEOMETRIC_REPRESENTATION_CONTEXT(3)
GLOBAL_UNCERTAINTY_ASSIGNED_CONTEXT((#6144))
GLOBAL_UNIT_ASSIGNED_CONTEXT((#6152,#6154,#6155))
REPRESENTATION_CONTEXT('','3D')
);
#6151=(
GEOMETRIC_REPRESENTATION_CONTEXT(3)
GLOBAL_UNCERTAINTY_ASSIGNED_CONTEXT((#6145))
GLOBAL_UNIT_ASSIGNED_CONTEXT((#6152,#6154,#6155))
REPRESENTATION_CONTEXT('','3D')
);
#6152=(
LENGTH_UNIT()
NAMED_UNIT(*)
SI_UNIT(.MILLI.,.METRE.)
);
#6153=(
LENGTH_UNIT()
NAMED_UNIT(*)
SI_UNIT($,.METRE.)
);
#6154=(
NAMED_UNIT(*)
PLANE_ANGLE_UNIT()
SI_UNIT($,.RADIAN.)
);
#6155=(
NAMED_UNIT(*)
SI_UNIT($,.STERADIAN.)
SOLID_ANGLE_UNIT()
);
#6156=SHAPE_DEFINITION_REPRESENTATION(#6161,#6170);
#6157=SHAPE_DEFINITION_REPRESENTATION(#6162,#6171);
#6158=SHAPE_DEFINITION_REPRESENTATION(#6163,#6172);
#6159=SHAPE_DEFINITION_REPRESENTATION(#6164,#6173);
#6160=SHAPE_DEFINITION_REPRESENTATION(#6166,#6174);
#6161=PRODUCT_DEFINITION_SHAPE('',$,#6176);
#6162=PRODUCT_DEFINITION_SHAPE('',$,#6177);
#6163=PRODUCT_DEFINITION_SHAPE('',$,#6178);
#6164=PRODUCT_DEFINITION_SHAPE('',$,#6179);
#6165=PRODUCT_DEFINITION_SHAPE($,$,#36);
#6166=PRODUCT_DEFINITION_SHAPE('',$,#6180);
#6167=PRODUCT_DEFINITION_SHAPE($,$,#37);
#6168=PRODUCT_DEFINITION_SHAPE($,$,#38);
#6169=PRODUCT_DEFINITION_SHAPE($,$,#39);
#6170=SHAPE_REPRESENTATION('',(#3526,#3837,#3838,#3839),#6146);
#6171=SHAPE_REPRESENTATION('',(#3527),#6147);
#6172=SHAPE_REPRESENTATION('',(#3586,#3726),#6148);
#6173=SHAPE_REPRESENTATION('',(#3587),#6149);
#6174=SHAPE_REPRESENTATION('',(#3727),#6150);
#6175=PRODUCT_DEFINITION_CONTEXT('part definition',#6192,'design');
#6176=PRODUCT_DEFINITION('2026-05-30-17-49-24-537','flightTVC',#6181,#6175);
#6177=PRODUCT_DEFINITION('2026-07-15-10-53-00-175','enginecasing',#6182,
#6175);
#6178=PRODUCT_DEFINITION('2026-07-15-19-09-01-734','xGimble',#6183,#6175);
#6179=PRODUCT_DEFINITION('2026-07-17-15-20-26-929','Component7',#6184,#6175);
#6180=PRODUCT_DEFINITION('2026-07-15-20-44-15-006','yGimble',#6185,#6175);
#6181=PRODUCT_DEFINITION_FORMATION('',$,#6194);
#6182=PRODUCT_DEFINITION_FORMATION('',$,#6195);
#6183=PRODUCT_DEFINITION_FORMATION('',$,#6196);
#6184=PRODUCT_DEFINITION_FORMATION('',$,#6197);
#6185=PRODUCT_DEFINITION_FORMATION('',$,#6198);
#6186=PRODUCT_RELATED_PRODUCT_CATEGORY('flightTVC','flightTVC',(#6194));
#6187=PRODUCT_RELATED_PRODUCT_CATEGORY('enginecasing','enginecasing',(#6195));
#6188=PRODUCT_RELATED_PRODUCT_CATEGORY('xGimble','xGimble',(#6196));
#6189=PRODUCT_RELATED_PRODUCT_CATEGORY('Component7','Component7',(#6197));
#6190=PRODUCT_RELATED_PRODUCT_CATEGORY('yGimble','yGimble',(#6198));
#6191=APPLICATION_PROTOCOL_DEFINITION('international standard',
'automotive_design',2009,#6192);
#6192=APPLICATION_CONTEXT(
'Core Data for Automotive Mechanical Design Process');
#6193=PRODUCT_CONTEXT('part definition',#6192,'mechanical');
#6194=PRODUCT('2026-05-30-17-49-24-537','flightTVC',$,(#6193));
#6195=PRODUCT('2026-07-15-10-53-00-175','enginecasing',$,(#6193));
#6196=PRODUCT('2026-07-15-19-09-01-734','xGimble',$,(#6193));
#6197=PRODUCT('2026-07-17-15-20-26-929','Component7',$,(#6193));
#6198=PRODUCT('2026-07-15-20-44-15-006','yGimble',$,(#6193));
#6199=PRESENTATION_STYLE_ASSIGNMENT((#6200));
#6200=SURFACE_STYLE_USAGE(.BOTH.,#6201);
#6201=SURFACE_SIDE_STYLE('',(#6202));
#6202=SURFACE_STYLE_FILL_AREA(#6203);
#6203=FILL_AREA_STYLE('Steel - Satin',(#6204));
#6204=FILL_AREA_STYLE_COLOUR('Steel - Satin',#6205);
#6205=COLOUR_RGB('Steel - Satin',0.627450980392157,0.627450980392157,0.627450980392157);
ENDSEC;
END-ISO-10303-21;
